coachella_sentiment,coachella_yn,name,retweet_count,text,tweet_coord,tweet_created,tweet_id,tweet_location,user_timezone,hashtags,0,1,2,3,4,5,6,7,emails,0.1,1.1,2.1,3.1,4.1,5.1,6.1,7.1
positive,yes,kokombil,0,tickets selling out in less than 40 minutes ________________,"[0.0, 0.0]",1/7/15 15:02,5.52963e+17,,Quito,[],#Coachella2015,,,,,,,,[],#Coachella2015,,,,,,,
positive,yes,MisssTaraaa10,2,RT : WAIT THIS IS ABSOLUTE FIRE ___,,1/7/15 15:02,5.52963e+17,united states,,[],#Coachella2015,,,,,,,,[],#Coachella2015,,,,,,,
positive,yes,NMcCracken805,0,passes secured! See you there bitchesssss,,1/7/15 15:01,5.52963e+17,"Costa Mesa, CA",,[],#Coachella2015,#VIP,,,,,,,[],#Coachella2015,#VIP,,,,,,
positive,yes,wxpnfm,1,Phillys  will play  &amp; ! Watch them on Jimmy Fallon:,,1/7/15 15:01,5.52963e+17,"Philadelphia, PA and Worldwide",Quito,[],#Coachella2015,#GovBall2015,,,,,,,[],#Coachella2015,#GovBall2015,,,,,,
positive,yes,Caesears,0,If briana and her mom out to   im out with them !!! ____,,1/7/15 15:00,5.52963e+17,,,[],#Coachella2015,,,,,,,,[],#Coachella2015,,,,,,,
positive,yes,donbosco_6,0,West side is the best side!,,1/7/15 14:58,5.52963e+17,Cuenca Ecuador,Eastern Time (US & Canada),[],#west,#coas,#Coachella2015,,,,,,[],#west,#coas,#Coachella2015,,,,,
positive,yes,__Mia630_,0,Coachella tickets are now sold out __ &amp; I had the opportunity to have bought them. I'm definitely going next year,,1/7/15 14:58,5.52963e+17,CA. USA,Pacific Time (US & Canada),[],#Coachella2015,#Coachella,,,,,,,[],#Coachella2015,#Coachella,,,,,,
positive,yes,OlgaKhmylev,0,I absolutely can NOT wait. This weekend is about to exceed EPIC EXPECTATIONS!!! :) Lineup is CRAZY!,,1/7/15 14:57,5.52962e+17,Buffalo//Moscow//Boston ,Eastern Time (US & Canada),[],#Coachella2015,,,,,,,,[],#Coachella2015,,,,,,,
positive,yes,Ben_BigB_Davies,0,If someone got me to Coachella if be your friend for life,,1/7/15 14:54,5.52962e+17,The mighty bridgend !,,[],#truth,#desprate,#Coachella2015,#Coachella,,,,,[],#truth,#desprate,#Coachella2015,#Coachella,,,,
positive,yes,brevamo,83,RT :   712 Coachella 2015  Coachella 2015 makes space for rockers and ravers this year  Oh_,,1/7/15 14:50,5.52961e+17,Utah,Pacific Time (US & Canada),[],#Coachella2015,,,,,,,,[],#Coachella2015,,,,,,,
positive,yes,samhughes88,2,"RT : Dig these guys much! Can't wait to see them at !
Two dudes creating incredible sounds.
 
ht_",,1/7/15 14:50,5.5296e+17,"Cheshire, UK ",London,[],#Coachella2015,,,,,,,,[],#Coachella2015,,,,,,,
positive,yes,kathy009,0,": Officially official.  
Please someone get me to Coachella this year, so wanna go",,1/7/15 14:48,5.5296e+17,England,,[],#Coachella2015,,,,,,,,[],#Coachella2015,,,,,,,
positive,yes,McBased,0,See you there!    @,,1/7/15 14:47,5.5296e+17,HTX-CCTX,Eastern Time (US & Canada),[],#Coachella2015,#TwiterlessNikki,,,,,,,[],#Coachella2015,#TwiterlessNikki,,,,,,
positive,yes,TheExperiencexX,0,Son im really trynna go to,,1/7/15 14:41,5.52958e+17,,Pacific Time (US & Canada),[],#Coachella2015,,,,,,,,[],#Coachella2015,,,,,,,
positive,yes,lindsayjfig,0,I just want to go to  ___,,1/7/15 14:35,5.52957e+17,,Mountain Time (US & Canada),[],#Coachella2015,,,,,,,,[],#Coachella2015,,,,,,,
positive,yes,carleystenson,1,So we got tickets to  x what is it!? __________________,,1/7/15 14:34,5.52956e+17,,,[],#Coachella2015,,,,,,,,[],#Coachella2015,,,,,,,
positive,yes,KROCSTEDY,0,Can't wait until  this year. This will be my first time ever goin. Chyyeah!!!  _,,1/7/15 14:30,5.52955e+17,"From Long Beach, CA & beyond..",Alaska,[],#Coachella,#Coachella2015,,,,,,,[],#Coachella,#Coachella2015,,,,,,
positive,yes,edasemana,0,Just bought my  tickets with  and Minh Do! I could already tell that 2015 is gonna be amazing!,"[37.4365235, -121.8783382]",1/7/15 14:30,5.52955e+17,California ,,[],#Coachella2015,,,,,,,,[],#Coachella2015,,,,,,,
positive,yes,happiiiiiiiii,1,"RT : Someone sell me one car camping pass for Coachella weekend 2, please.",,1/7/15 14:30,5.52955e+17,,,[],#Coachella,#Coachella2015,#Coachellatickets,,,,,,[],#Coachella,#Coachella2015,#Coachellatickets,,,,,
positive,yes,fucknambriz,0,April can't come any sooner ______,"[33.83198733, -117.95680471]",1/7/15 14:29,5.52955e+17,Anaheim CA,Pacific Time (US & Canada),[],#Coachella2015,,,,,,,,[],#Coachella2015,,,,,,,
positive,yes,LuisaInStereo,0,Woot woot!  ____,,1/7/15 14:28,5.52955e+17,,Pacific Time (US & Canada),[],#Coachella2015,,,,,,,,[],#Coachella2015,,,,,,,
positive,yes,GregWRoss,0,"What's the fuss about AC/DC heading the line-up? Leonard Cohen blew everyone away there a couple of years back, both great!",,1/7/15 14:26,5.52955e+17,Burswood,Perth,[],#coachella2015,,,,,,,,[],#coachella2015,,,,,,,
positive,yes,Hey_Julee,1,RT : Hope to see  in Coachella !,,1/7/15 14:26,5.52954e+17,,Central Time (US & Canada),[],#Coachella2015,,,,,,,,[],#Coachella2015,,,,,,,
positive,yes,rgrocks,0,Prayer to  gods for   someone sell me weekend 1 for face value please. Car camping too! Amen,,1/7/15 14:25,5.52954e+17,San Francisco,Pacific Time (US & Canada),[],#Coachella,#Coachella2015,#Coachellatickets,,,,,,[],#Coachella,#Coachella2015,#Coachellatickets,,,,,
positive,yes,_SydArmstrong,0,I see  is ready for,,1/7/15 14:23,5.52954e+17,Los Angeles,Central Time (US & Canada),[],#Coachella2015,#coachellaNICK,,,,,,,[],#Coachella2015,#coachellaNICK,,,,,,
positive,yes,pascalpellan,0,Young DroCHELLA |,,1/7/15 14:22,5.52953e+17,Paris,Paris,[],#Coachella,#Coachella2015,,,,,,,[],#Coachella,#Coachella2015,,,,,,
positive,yes,Wajohnston3Will,0,Got my tickets for  stoked as fuck,,1/7/15 14:21,5.52953e+17,,,[],#Coachella2015,,,,,,,,[],#Coachella2015,,,,,,,
positive,yes,shermhasheart,0,"I can't wait for ""and you shook me all night long"" at",,1/7/15 14:18,5.52952e+17,Bloomington,Quito,[],#Coachella2015,,,,,,,,[],#Coachella2015,,,,,,,
positive,yes,mickeyditch,0,So HAPPY to announce that me and  have twins!!!! (tickets),"[-33.87105558, 151.20334792]",1/7/15 14:17,5.52952e+17,Sydney,London,[],#Coachella2015,,,,,,,,[],#Coachella2015,,,,,,,
positive,yes,JahhKobe,0,Super pumped for ACDC and Steely Dan,,1/7/15 14:16,5.52952e+17,"Ashland, Oregon",Pacific Time (US & Canada),[],#kickinitoldschoool,#Coachella2015,,,,,,,[],#kickinitoldschoool,#Coachella2015,,,,,,
positive,yes,mebullard1,0,Just got news we're going to,,1/7/15 14:16,5.52952e+17,,,[],#Coachella2015,,,,,,,,[],#Coachella2015,,,,,,,
positive,yes,_caitbate_,0,LOL NVM YA BISH IS GOING TO  !!!,,1/7/15 14:14,5.52951e+17,New York City,Eastern Time (US & Canada),[],#COACHELLA2015,#HALLELUJAH,,,,,,,[],#COACHELLA2015,#HALLELUJAH,,,,,,
positive,yes,RaphNasty,0,"If I got a  ticket, how much better does that make me than you?",,1/7/15 14:13,5.52951e+17,"San Diego, CA/Los Angeles, CA",,[],#Coachella2015,#KingOfTheWhitePeople,,,,,,,[],#Coachella2015,#KingOfTheWhitePeople,,,,,,
positive,yes,ChandlerMader,0,"I just got a casual text from my dad asking a simple question w/ an emoji ""what weekend were you thinking _""   _","[47.33337043, -122.34953378]",1/7/15 14:11,5.52951e+17,,Arizona,[],#Coachella2015,,,,,,,,[],#Coachella2015,,,,,,,
positive,yes,RiggsVida,0,When you find out Coachella is in 3 months are your getting ready to find celebrities  __,,1/7/15 14:11,5.52951e+17,,,[],#Coachella2015,,,,,,,,[],#Coachella2015,,,,,,,
positive,yes,_taBz,0,ITS OFFICIAL     ______,,1/7/15 14:09,5.5295e+17,"Saskatoon, SK CANADA",Mountain Time (US & Canada),[],#Coachella2015,,,,,,,,[],#Coachella2015,,,,,,,
positive,yes,ashley_sfg,0,Just realized I'm off of work for  weekend . I'M TOTALLY GOING!,,1/7/15 14:07,5.5295e+17,bay area,Pacific Time (US & Canada),[],#Coachella2015,#2,,,,,,,[],#Coachella2015,#2,,,,,,
positive,yes,Leetzle_,0,":  and I have our  tickets... But now we need a place to camp bc tickets are sold out. Help us ____

PLZZZ",,1/7/15 14:01,5.52948e+17,Bay Area,,[],#Coachella2015,,,,,,,,[],#Coachella2015,,,,,,,
positive,yes,CTooleSaysStuff,1,RT : The  lineup from  is so colorful and honest:  via,,1/7/15 14:01,5.52948e+17,,,[],#Coachella2015,,,,,,,,[],#Coachella2015,,,,,,,
positive,yes,czechmayte,0,and I have our  tickets... But now we need a place to camp bc tickets are sold out. Help us ____,,1/7/15 14:01,5.52948e+17,seein' stars *_*,,[],#Coachella2015,,,,,,,,[],#Coachella2015,,,,,,,
positive,yes,HannahhRay,1,RT : So psyched for  with  _,,1/7/15 14:00,5.52948e+17,AR  / TX ,Central Time (US & Canada),[],#Coachella2015,,,,,,,,[],#Coachella2015,,,,,,,
positive,yes,Kyra_IX,1,RT : See in the dessert   !!!!!!,,1/7/15 14:00,5.52948e+17,Edmonton/Maskwacis,Mountain Time (US & Canada),[],#Coachella2015,#RoundThree,#Excited,#ItsAllHappening,,,,,[],#Coachella2015,#RoundThree,#Excited,#ItsAllHappening,,,,
positive,yes,MicheleFin,0,Can't wait for   ___,"[42.36408252, -71.05697201]",1/7/15 13:58,5.52947e+17,Boston,Central Time (US & Canada),[],#Coachella2015,,,,,,,,[],#Coachella2015,,,,,,,
positive,yes,_kendallwood,1,The  lineup from  is so colorful and honest:  via,,1/7/15 13:58,5.52947e+17,Nueva York,Quito,[],#Coachella2015,,,,,,,,[],#Coachella2015,,,,,,,
positive,yes,Clumsy_Gabby,0,I need to go to,,1/7/15 13:57,5.52947e+17,"Auckland,NZ",,[],#Coachella2015,,,,,,,,[],#Coachella2015,,,,,,,
positive,yes,EricHoang_,1,"Someone sell me one car camping pass for Coachella weekend 2, please.",,1/7/15 13:57,5.52947e+17,"space city, texas",Central Time (US & Canada),[],#Coachella,#Coachella2015,#Coachellatickets,,,,,,[],#Coachella,#Coachella2015,#Coachellatickets,,,,,
positive,yes,ccbella_rover,0,Don't wanna jinx it but I have an Instagram agreement for my Coachella trade! :-),,1/7/15 13:57,5.52947e+17,,Pacific Time (US & Canada),[],#coachella2015,#instatrade,,,,,,,[],#coachella2015,#instatrade,,,,,,
positive,yes,cristinaeromero,0,Your girl is going to  _,,1/7/15 13:57,5.52947e+17,,,[],#Coachella2015,,,,,,,,[],#Coachella2015,,,,,,,
positive,yes,kuliano,1,RT : the LATEST  lineup is too poppin',,1/7/15 13:54,5.52946e+17,New York City,Eastern Time (US & Canada),[],#Coachella2015,,,,,,,,[],#Coachella2015,,,,,,,
positive,yes,atia1126,0,Putting it in my plans to go see my boo  at,,1/7/15 13:54,5.52946e+17,LA FL DMV ATL NYC,Quito,[],#Coachella2015,,,,,,,,[],#Coachella2015,,,,,,,
positive,yes,hannah_frog,1,RT : See you in 99 days,,1/7/15 13:53,5.52946e+17,Soccer__,Central Time (US & Canada),[],#Coachella2015,,,,,,,,[],#Coachella2015,,,,,,,
positive,yes,joshua_aen,0,Got my weekend 2 pass for .  Pumped to be marking this  festival off my_,,1/7/15 13:52,5.52946e+17,"Denver, Colorado",Mountain Time (US & Canada),[],#coachella2015,#music,,,,,,,[],#coachella2015,#music,,,,,,
positive,yes,BenjaminSimons,0,Still trying to find tickets for  so hmu if you're selling!,,1/7/15 13:52,5.52946e+17,IV,Pacific Time (US & Canada),[],#Coachella2015,,,,,,,,[],#Coachella2015,,,,,,,
positive,yes,LANGMarMendoza,0,"You've been quoted in my  story "" tickets sold out""",,1/7/15 13:51,5.52946e+17,"Los Angeles, Calif.",Hawaii,[],#Storify,#Coachella2015,,,,,,,[],#Storify,#Coachella2015,,,,,,
positive,yes,ihoppermeredith,0,"If anyone has an extra Car Camping ticket, hit me up, our group needs one!",,1/7/15 13:51,5.52946e+17,"Tempe, AZ",Pacific Time (US & Canada),[],#Coachella,#Coachella2015,#Coachellatickets,,,,,,[],#Coachella,#Coachella2015,#Coachellatickets,,,,,
positive,yes,model_life2015,8,RT : The  lineup has arrived! Here are 10 acts you MUST see at this year's festival:,,1/7/15 13:50,5.52945e+17,,,[],#Coachella2015,,,,,,,,[],#Coachella2015,,,,,,,
positive,yes,_Belmarie,16,RT : Miley's getting ready for  Bleach Blonde it is             ___,,1/7/15 13:49,5.52945e+17,,,[],#Coachella2015,,,,,,,,[],#Coachella2015,,,,,,,
positive,yes,FKB__,2,RT : Looking to buy a weekend one  pass,,1/7/15 13:47,5.52945e+17,,Eastern Time (US & Canada),[],#coachella,#Coachella2015,,,,,,,[],#coachella,#Coachella2015,,,,,,
positive,yes,_jennster21,0,I regret buying  tickets... I want to go to Coachella so so bad!!!! ______ who wants two edc tickets!?!   ____,,1/7/15 13:47,5.52945e+17,,,[],#EDCLV,#insomniac,#Coachella2015,,,,,,[],#EDCLV,#insomniac,#Coachella2015,,,,,
positive,yes,cruznkenga,0,Weekend 2 baby   #,,1/7/15 13:46,5.52944e+17,"Coachella, Ca",,[],#Coachella2015,#wk2,,,,,,,[],#Coachella2015,#wk2,,,,,,
positive,yes,isaafreak,0,week two YAAAAASSSSSSSS!!!!  __________,,1/7/15 13:45,5.52944e+17,,Alaska,[],#Coachella2015,,,,,,,,[],#Coachella2015,,,,,,,
positive,yes,Jammit08,1,See in the dessert   !!!!!!,,1/7/15 13:45,5.52944e+17,Maskwacis Ab Canada,Arizona,[],#Coachella2015,#RoundThree,#Excited,#ItsAllHappening,,,,,[],#Coachella2015,#RoundThree,#Excited,#ItsAllHappening,,,,
positive,yes,ShayneOfficial,1,RT : Guess is who is gonna wiggle wiggle at coachella!,,1/7/15 13:44,5.52944e+17,"Bay Area, California",Pacific Time (US & Canada),[],#Coachella2015,#Coachella,#kpop,#hellovenus,,,,,[],#Coachella2015,#Coachella,#kpop,#hellovenus,,,,
positive,yes,LeManbun_Vinh,0,See y'all at Coachella _,"[32.85934729, -117.22100518]",1/7/15 13:44,5.52944e+17,San Diego,,[],#Coachella2015,,,,,,,,[],#Coachella2015,,,,,,,
positive,yes,_Kellavilla,1,RT :  Soon ____,,1/7/15 13:43,5.52944e+17,,,[],#Coachella2015,,,,,,,,[],#Coachella2015,,,,,,,
positive,yes,MissGallo,0,Two words you never want to see...,"[0.0, 0.0]",1/7/15 13:42,5.52943e+17,NYC | LA | SF,Quito,[],#Coachella2015,,,,,,,,[],#Coachella2015,,,,,,,
positive,yes,RavingGanja,4,RT : so yeah Im looking for a weekend 1 coachella ticket! please RT to help me find one thanks  _,,1/7/15 13:42,5.52943e+17,Wonderland,,[],#Coachella2015,#coachellaforsa,,,,,,,[],#Coachella2015,#coachellaforsa,,,,,,
positive,yes,CachuWinkyface,0,looking for two GA   tickets + car camping,,1/7/15 13:42,5.52943e+17,,Pacific Time (US & Canada),[],#Coachella,#Coachella2015,#crychella2k15,,,,,,[],#Coachella,#Coachella2015,#crychella2k15,,,,,
positive,yes,vanneciaa,0,So  is actually happening_,"[26.29515919, -80.19953947]",1/7/15 13:39,5.52943e+17,,Eastern Time (US & Canada),[],#Coachella2015,,,,,,,,[],#Coachella2015,,,,,,,
positive,yes,silvertonguee,1,"RT : Okay, here I fixed it",,1/7/15 13:37,5.52942e+17,Los Angeles,Pacific Time (US & Canada),[],#FifthHarmony,#Coachella,#Coachella2015,,,,,,[],#FifthHarmony,#Coachella,#Coachella2015,,,,,
positive,yes,kendall_paige,2,"RT : Looking for  passes 
Someone be my savior please ",,1/7/15 13:33,5.52941e+17,"San Luis Obispo, CA",Pacific Time (US & Canada),[],#coachella2015,,,,,,,,[],#coachella2015,,,,,,,
positive,yes,Pimp_Down_,1,RT : If it comes down to it I'll go James Bond mode,,1/7/15 13:32,5.52941e+17,"City of Festivals, Cali",Arizona,[],#Coachella2015,,,,,,,,[],#Coachella2015,,,,,,,
positive,yes,whitbarb912,0,I'm ready for,,1/7/15 13:32,5.52941e+17,Los Angeles,Pacific Time (US & Canada),[],#Coachella2015,,,,,,,,[],#Coachella2015,,,,,,,
positive,yes,lexander_tran,0,See y'all @  ____,,1/7/15 13:31,5.52941e+17,,,[],#Coachella2015,,,,,,,,[],#Coachella2015,,,,,,,
positive,yes,elithekidd,2,"Looking for  passes 
Someone be my savior please ",,1/7/15 13:31,5.52941e+17,Los Angeles // Marina Del Rey ,,[],#coachella2015,,,,,,,,[],#coachella2015,,,,,,,
positive,yes,WaGaBakgatla,0,"I want to write an essay, but I won't.",,1/7/15 13:25,5.52939e+17,Worldwide,Greenland,[],#Coachella2015,,,,,,,,[],#Coachella2015,,,,,,,
positive,yes,PK_Ike,0,: Looking to buy a coachella car camping pass for weekend 2! Hmu,"[33.83427916, -118.34772251]",1/7/15 13:25,5.52939e+17,"T: 33.7945952,-118.1414693",Pacific Time (US & Canada),[],#COACHELLA,#Coachella2015,#carcamping,,,,,,[],#COACHELLA,#Coachella2015,#carcamping,,,,,
positive,yes,_jogayle,0,So want to go to   especially with  and  announced!,,1/7/15 13:25,5.52939e+17,london,Casablanca,[],#Coachella2015,,,,,,,,[],#Coachella2015,,,,,,,
positive,yes,HollywoodIC,0,Whoa! The Weeknd &amp; Drake performing!!,,1/7/15 13:24,5.52939e+17,,Eastern Time (US & Canada),[],#Coachella2015,,,,,,,,[],#Coachella2015,,,,,,,
positive,yes,RogerCraigSmith,2,"Dig these guys much! Can't wait to see them at !
Two dudes creating incredible sounds.",,1/7/15 13:24,5.52939e+17,Los Angeles,Pacific Time (US & Canada),[],#Coachella2015,,,,,,,,[],#Coachella2015,,,,,,,
positive,yes,jngarland,0,got my  Weekend 2 tickets! Can't wait to cross this off my bucket list!,,1/7/15 13:22,5.52938e+17,oakland california,Central Time (US & Canada),[],#Coachella2015,,,,,,,,[],#Coachella2015,,,,,,,
positive,yes,Just_Twigs,0,Finally_  Week 2 here we come.,,1/7/15 13:22,5.52938e+17,,Eastern Time (US & Canada),[],#Coachella2015,,,,,,,,[],#Coachella2015,,,,,,,
positive,yes,aloh25,0,COACHELLA I'm coming for ya! __,,1/7/15 13:22,5.52938e+17,,,[],#coachella2015,#hellyeah,,,,,,,[],#coachella2015,#hellyeah,,,,,,
positive,yes,Jacob_Walter997,260,RT : : The lineup is here!   Cue the flower headband display front + center!,,1/7/15 13:20,5.52938e+17,,Arizona,[],#Coachella2015,,,,,,,,[],#Coachella2015,,,,,,,
positive,yes,shkuhbr,0,IF YOURE SELLING   WEEK 2 PASS HMU!!!!!!!,"[34.14791893, -117.46578989]",1/7/15 13:19,5.52938e+17,,,[],#Coachella2015,,,,,,,,[],#Coachella2015,,,,,,,
positive,yes,cee__mariee,4,RT : FUCK ME DUDE I WANT TO GO SO BADDDDD,,1/7/15 13:19,5.52938e+17,Iowa,Central Time (US & Canada),[],#Coachella2015,,,,,,,,[],#Coachella2015,,,,,,,
positive,yes,RyanCortezz,0,: . festival passes sell out in 38 minutes    _,,1/7/15 13:19,5.52938e+17,Coachella... The Velvet Rope,Pacific Time (US & Canada),[],#Coachella2015,,,,,,,,[],#Coachella2015,,,,,,,
positive,yes,Ruth_in_dubai,0,Might as well plan ahead for April non? Happy early 40th birthday to moi! From moi! _,,1/7/15 13:19,5.52937e+17,"Dubai, UAE",Quito,[],#coachella2015,,,,,,,,[],#coachella2015,,,,,,,
positive,yes,cassieclauser,0,All I have to say is thank god for presale &amp;,,1/7/15 13:18,5.52937e+17,,Pacific Time (US & Canada),[],#Coachella2015,,,,,,,,[],#Coachella2015,,,,,,,
positive,yes,Hanjcksn,0,I honestly just want to see Steely Dan...,,1/7/15 13:17,5.52937e+17,,Central Time (US & Canada),[],#Coachella2015,,,,,,,,[],#Coachella2015,,,,,,,
positive,yes,VickyOrdsmith,1,way to start of the new year!,,1/7/15 13:17,5.52937e+17,Manchester,Amsterdam,[],#coachella2015,,,,,,,,[],#coachella2015,,,,,,,
positive,yes,maya_says_,0,dreaming of LaLa land with  tonight,,1/7/15 13:13,5.52936e+17,toronto,,[],#Coachella2015,,,,,,,,[],#Coachella2015,,,,,,,
positive,yes,NotJack4,1,RT :     there should be an epic reunion at,,1/7/15 13:11,5.52935e+17,Long Beach,Arizona,[],#Coachella2015,,,,,,,,[],#Coachella2015,,,,,,,
positive,yes,CatfoodBeerGlue,0,"Some people vacation in Hawaii every year, some go to Europe, and I choose to poo in a 110F port-a-potty for 4 days.",,1/7/15 13:10,5.52935e+17,"Yay Area, CA",Pacific Time (US & Canada),[],#Coachella2015,,,,,,,,[],#Coachella2015,,,,,,,
positive,yes,LANGMarMendoza,15,sold out in less than 40 mins. Did you get yours?,,1/7/15 13:07,5.52935e+17,"Los Angeles, Calif.",Hawaii,[],#Coachellatickets,#Coachella2015,,,,,,,[],#Coachellatickets,#Coachella2015,,,,,,
positive,yes,AmandaGabrielle,0,I could cry of happiness _____,,1/7/15 13:07,5.52935e+17,"Staten Island, NY",Central Time (US & Canada),[],#Coachella2015,,,,,,,,[],#Coachella2015,,,,,,,
positive,yes,JustChelseaB,0,Great line up for  who's going to Coachella this year??,,1/7/15 13:07,5.52935e+17,,Eastern Time (US & Canada),[],#Coachella2015,,,,,,,,[],#Coachella2015,,,,,,,
positive,yes,JVR24_,0,"Artists that I didn't know that stuck out to me. ""&gt;"" are a must see for me.",,1/7/15 13:06,5.52934e+17,90011,Alaska,[],#Coachella2015,,,,,,,,[],#Coachella2015,,,,,,,
positive,yes,JamesAppleg8,1,there should be an epic reunion at,,1/7/15 13:06,5.52934e+17,,,[],#Coachella2015,,,,,,,,[],#Coachella2015,,,,,,,
positive,yes,Waltraud9141,1,RT : something for your ears while you wait on the standby page,,1/7/15 13:05,5.52934e+17,Mississippi,,[],#Coachella,#Coachella2015,,,,,,,[],#Coachella,#Coachella2015,,,,,,
positive,yes,jaclynLsmith,0,!!!!  is calling our names!,,1/7/15 13:05,5.52934e+17,Pittsburgh / Scranton PA,Central Time (US & Canada),[],#Coachella2015,,,,,,,,[],#Coachella2015,,,,,,,
positive,yes,mirandaevargas,0,Weekend 1 ___,"[33.84938423, -117.57429832]",1/7/15 13:05,5.52934e+17,Southern California,Pacific Time (US & Canada),[],#Coachella2015,#camping,,,,,,,[],#Coachella2015,#camping,,,,,,
positive,yes,camille_perich,1,Sold a part of my soul when I purchased my Coachella ticket but I really could care less  ____,"[37.70626024, -121.95709504]",1/7/15 13:04,5.52934e+17,_,Arizona,[],#Coachella2015,,,,,,,,[],#Coachella2015,,,,,,,
positive,yes,joyceekim,0,So no one ask me to hang out or do any fun things w them that require money until summer bc  just left me ___,,1/7/15 13:04,5.52934e+17,,,[],#Coachella2015,#brokeaf,,,,,,,[],#Coachella2015,#brokeaf,,,,,,
positive,yes,caaiiit_,0,: Honestly just got an adrenaline rush from fucking getting my tickets   God bless,"[33.75078394, -118.30769944]",1/7/15 13:03,5.52934e+17,,Pacific Time (US & Canada),[],#coachella2015,,,,,,,,[],#coachella2015,,,,,,,
positive,yes,bradphillips004,0,Just got tickets to ! So freaking excited. Can we just cancel Jan/Feb/Mar and skip straight to April already?!?!,,1/7/15 13:02,5.52933e+17,"Melbourne, Australia",Melbourne,[],#Coachella2015,,,,,,,,[],#Coachella2015,,,,,,,
positive,yes,Aidansahota,0,Buzzing.... _____.. Can Not wait For April 17th.. ___________,,1/7/15 13:02,5.52933e+17,London,Casablanca,[],#Coachella2015,,,,,,,,[],#Coachella2015,,,,,,,
positive,yes,xMissTaylor,0,One day I will travel to the USA to go to Coachella __,,1/7/15 13:01,5.52933e+17,Bristol ,London,[],#Coachella2015,#MakeItHappen,,,,,,,[],#Coachella2015,#MakeItHappen,,,,,,
positive,yes,simonepedretti1,0,The worst text you'll ever receive,,1/7/15 13:01,5.52933e+17,San Diego,,[],#Coachella2015,,,,,,,,[],#Coachella2015,,,,,,,
positive,yes,sierralkbabe,1,So psyched for  with  _,,1/7/15 13:01,5.52933e+17,the last frontier,,[],#Coachella2015,,,,,,,,[],#Coachella2015,,,,,,,
positive,yes,itserikestrada,0,Wait.  made me broke _,,1/7/15 13:00,5.52933e+17,"Los Angeles, CA",Pacific Time (US & Canada),[],#Coachella2015,,,,,,,,[],#Coachella2015,,,,,,,
positive,yes,DrumsandBluntsS,0,Ya bitches ..,,1/7/15 13:00,5.52933e+17,LA,,[],#Coachella2015,,,,,,,,[],#Coachella2015,,,,,,,
positive,yes,AmandaaaSimon,1,: Iz happeninnn    CAN'T WAIT,,1/7/15 12:59,5.52933e+17,Miami,Atlantic Time (Canada),[],#Coachella2015,,,,,,,,[],#Coachella2015,,,,,,,
positive,yes,BigSmokes5,0,I BOUGHT MY COACHELLA TICKET TO SEE YOU PERFORM WORLDS LIVE. I gotta hear you sing lionhearted dude!,,1/7/15 12:58,5.52932e+17,,,[],#Worlds,#Coachella2015,,,,,,,[],#Worlds,#Coachella2015,,,,,,
positive,yes,thuymahp,0,Tickets are officially booked for Coachella!,,1/7/15 12:57,5.52932e+17,,Central Time (US & Canada),[],#STOKED,#coachella2015,#happydance,,,,,,[],#STOKED,#coachella2015,#happydance,,,,,
positive,yes,Lana_del_slaay,0,"If I don't get   tickets, I WILL FUCKING DIE!",,1/7/15 12:56,5.52932e+17,Planet Froot,Atlantic Time (Canada),[],#Coachella,#Coachella2015,,,,,,,[],#Coachella,#Coachella2015,,,,,,
positive,yes,kaeaboy,0,Well I'm going bananas right now ______,,1/7/15 12:56,5.52932e+17,Maui | OC,Pacific Time (US & Canada),[],#Coachella2015,,,,,,,,[],#Coachella2015,,,,,,,
positive,yes,JackkLangan,0,The new  line up! Would love to be going!____,,1/7/15 12:55,5.52932e+17,"Ireland, Co.Mayo!",Dublin,[],#Coachella,#Coachella2015,,,,,,,[],#Coachella,#Coachella2015,,,,,,
positive,yes,KatiaGarciaSan,0,Now I need an airplane ticket and a hotel,,1/7/15 12:55,5.52932e+17,Mxico,Mexico City,[],#Coachella2015,,,,,,,,[],#Coachella2015,,,,,,,
positive,yes,Jenna8515,0,Ahh 38 mins of staring  comp screen waiting 2 purchase  tix was worth it from,,1/7/15 12:55,5.52931e+17,World Traveler ,Eastern Time (US & Canada),[],#cantwait,#Coachella2015,,,,,,,[],#cantwait,#Coachella2015,,,,,,
positive,yes,xoSergio,0,Waited at 12 on the dot for Weekend 1 tickets and they sold out 50 mins later.,,1/7/15 12:55,5.52931e+17,,Pacific Time (US & Canada),[],#sosad,#Coachella2015,,,,,,,[],#sosad,#Coachella2015,,,,,,
positive,yes,TheeSweetestTea,0,"And THAT, my friends, is why you should always take advantage of presale",,1/7/15 12:54,5.52931e+17,,Pacific Time (US & Canada),[],#Coachella2015,,,,,,,,[],#Coachella2015,,,,,,,
positive,yes,JacqSpeer,0,__Let the countdown begin!! brn_3ttt    _,,1/7/15 12:54,5.52931e+17,"Fort Worth, Texas",Central Time (US & Canada),[],#coachella2015,#FLO,#FINALLY,,,,,,[],#coachella2015,#FLO,#FINALLY,,,,,
positive,yes,honestlycarolyn,0,My blood pressure has never been higher,,1/7/15 12:54,5.52931e+17,Southern California,Pacific Time (US & Canada),[],#Coachella2015,#ticketprobs,,,,,,,[],#Coachella2015,#ticketprobs,,,,,,
positive,yes,amanda_cee,0,take me with youuuuuuu RT : Iz happeninnn  ,,1/7/15 12:54,5.52931e+17,,Quito,[],#Coachella2015,,,,,,,,[],#Coachella2015,,,,,,,
positive,yes,MyMyshelly,0,Thinking about sneaking into  just to see  perform. _,,1/7/15 12:51,5.52931e+17,Los Angeles CA,Arizona,[],#Coachella2015,,,,,,,,[],#Coachella2015,,,,,,,
positive,yes,Rolfring,0,"Hell yea,Norwegian act  : so what do you really really think about the lineup for  ? worth going?",,1/7/15 12:51,5.5293e+17,"Asker, Norway",,[],#Coachella2015,,,,,,,,[],#Coachella2015,,,,,,,
positive,yes,rodela_sandra,0,I want to go to coachella __,,1/7/15 12:50,5.5293e+17,,,[],#Coachella2015,,,,,,,,[],#Coachella2015,,,,,,,
positive,yes,PipaVal,0,Iz happeninnn  ,,1/7/15 12:49,5.5293e+17,"Miami, FL",Quito,[],#Coachella2015,,,,,,,,[],#Coachella2015,,,,,,,
positive,yes,BrookeNicholexo,0,lol call me the ticketmaster cause I literally got all my friends through_,,1/7/15 12:49,5.5293e+17,Vegas. Bilbao. Reno ,,[],#Coachella2015,#chipotle,,,,,,,[],#Coachella2015,#chipotle,,,,,,
positive,yes,VMTEvents,2,". passes sold out fast, but you can still get Travel Packages with TICKETS at",,1/7/15 12:49,5.5293e+17,,Eastern Time (US & Canada),[],#Coachella,#Coachella2015,,,,,,,[],#Coachella,#Coachella2015,,,,,,
positive,yes,IsabelsWild,0,i got my coachella ticket!! VIP doe,,1/7/15 12:49,5.5293e+17,,Pacific Time (US & Canada),[],#Coachella2015,#Coachella2015,,,,,,,[],#Coachella2015,#Coachella2015,,,,,,
positive,yes,ZoeColaso,0,Conversations with Darlene_,"[34.41225069, -119.69820988]",1/7/15 12:48,5.5293e+17,California grown ,Pacific Time (US & Canada),[],#Coachella2015,#Drake,#need,,,,,,[],#Coachella2015,#Drake,#need,,,,,
positive,yes,dajaaaaaah,0,SOOOOOO EXCITED !!!!!!!   and we barely decided to go less than 24 hours ago _,,1/7/15 12:48,5.5293e+17,,,[],#coachella2015,#coachella,,,,,,,[],#coachella2015,#coachella,,,,,,
positive,yes,jetaimenicole,0,Weekend One TURN UP   _______,"[35.06229209, -106.52064138]",1/7/15 12:47,5.52929e+17,Desert child ,Mountain Time (US & Canada),[],#Coachella2015,#BackToBack,,,,,,,[],#Coachella2015,#BackToBack,,,,,,
positive,yes,ofi37,0,MY BODY IS READY!  __,,1/7/15 12:47,5.52929e+17,"Mexicali, BC. Mex.",Pacific Time (US & Canada),[],#COACHELLA2015,,,,,,,,[],#COACHELLA2015,,,,,,,
positive,yes,LAWeeklyMusic,1,"Holy crap! That didn't take long. RT  SOLD OUT   RT "": Thank you. """,,1/7/15 12:46,5.52929e+17,Los Angeles,Pacific Time (US & Canada),[],#Coachella,#Coachella2015,,,,,,,[],#Coachella,#Coachella2015,,,,,,
positive,yes,YoPatPat,1,RT : yeaAAAAAahhhhh got my tickets,,1/7/15 12:44,5.52929e+17,Grand Terrace ,Pacific Time (US & Canada),[],#coachella2015,,,,,,,,[],#coachella2015,,,,,,,
positive,yes,allykat2001,0,can I go with ya :),,1/7/15 12:44,5.52929e+17,DC VA ,Eastern Time (US & Canada),[],#Coachella2015,,,,,,,,[],#Coachella2015,,,,,,,
positive,yes,natttem,0,Hehe got my Coachella ticket __,,1/7/15 12:44,5.52929e+17,,,[],#weekend2,#Coachella2015,,,,,,,[],#weekend2,#Coachella2015,,,,,,
positive,yes,FaithKilledHope,0,Guess where I'll be spending my 21st birthday ______ _,,1/7/15 12:43,5.52929e+17,,Pacific Time (US & Canada),[],#coachella2015,#21st,,,,,,,[],#coachella2015,#21st,,,,,,
positive,yes,HummingWanderer,0,sold out in the matter of just 30 minutes. Doesn't come as a surprise with that lineup.,,1/7/15 12:43,5.52928e+17,New Delhi,New Delhi,[],#Coachella2015,,,,,,,,[],#Coachella2015,,,,,,,
positive,yes,lissuuhh,0,"It's official__ 
 I'm coming for ya !",,1/7/15 12:42,5.52928e+17,,Pacific Time (US & Canada),[],#Coachella2015,,,,,,,,[],#Coachella2015,,,,,,,
positive,yes,EdgardMallandro,1,RT :      all in one festival!,,1/7/15 12:42,5.52928e+17,,Arizona,[],#hype,#coachella2015,,,,,,,[],#hype,#coachella2015,,,,,,
positive,yes,Kaaitlyn,0,It was a tough call but I couldn't live with myself if I missed  AC_DC,,1/7/15 12:42,5.52928e+17,,Pacific Time (US & Canada),[],#Coachella2015,#year5,,,,,,,[],#Coachella2015,#year5,,,,,,
positive,yes,tiffbunnny,0,COACHELLA TICKETS PURCHASED. YAS.,,1/7/15 12:41,5.52928e+17,,,[],#Coachella2015,,,,,,,,[],#Coachella2015,,,,,,,
positive,yes,LindsayMurphy9,0,Can't wait to dance the days away with these beautiful ladies,,1/7/15 12:41,5.52928e+17,,Quito,[],#Coachella,#Coachella2015,,,,,,,[],#Coachella,#Coachella2015,,,,,,
positive,yes,Alonso93Bryan,0,Crazy how fast Coachella sells out _,,1/7/15 12:40,5.52928e+17,,,[],#Coachella2015,,,,,,,,[],#Coachella2015,,,,,,,
positive,yes,christian_task,0,Aaaaand chellas sold out. Hope all my friends got tickets or im going solo,"[36.04605014, -115.02569063]",1/7/15 12:39,5.52928e+17,"Las Vegas, NV",Pacific Time (US & Canada),[],#Coachella2015,,,,,,,,[],#Coachella2015,,,,,,,
positive,yes,vckycvstro,0,"literally almost had a mother fuggin heart attack w/ bew getting his ticket.. but zawlll gooood, see you soon  _________",,1/7/15 12:39,5.52927e+17,,,[],#Coachella2015,,,,,,,,[],#Coachella2015,,,,,,,
positive,yes,lily_giada,0,got me going through some tribulations today. Major heart palpitations man.,,1/7/15 12:38,5.52927e+17,"Portland, OR",Pacific Time (US & Canada),[],#lol,#Coachella2015,#heartracing,#refreshpage,#swing,,,,[],#lol,#Coachella2015,#heartracing,#refreshpage,#swing,,,
positive,yes,oneandonlydrake,0,will soon have to be two weekends twice a year or three weekends.    ___,,1/7/15 12:38,5.52927e+17,Austin,,[],#coachella2015,#Coachella,#ticketprobz,#INEEDTICKETS,,,,,[],#coachella2015,#Coachella,#ticketprobz,#INEEDTICKETS,,,,
positive,yes,HunterRaitt,0,Round 2 here we come _____   _,,1/7/15 12:38,5.52927e+17,Canada,Pacific Time (US & Canada),[],#Coachella2015,,,,,,,,[],#Coachella2015,,,,,,,
positive,yes,adampelaez,0,April can't come soon enough!,,1/7/15 12:37,5.52927e+17,,Pacific Time (US & Canada),[],#Coachella2015,#Weekend2,,,,,,,[],#Coachella2015,#Weekend2,,,,,,
positive,yes,clroberts94,0,Can't wait for April  __________,,1/7/15 12:37,5.52927e+17,,,[],#Coachella2015,,,,,,,,[],#Coachella2015,,,,,,,
positive,yes,Markerito,0,Trynna but Coachella tickets like,,1/7/15 12:37,5.52927e+17,,,[],#Coachella2015,,,,,,,,[],#Coachella2015,,,,,,,
positive,yes,Markerito,1,When weekend 1 is sold out,,1/7/15 12:36,5.52927e+17,,,[],#Coachella2015,,,,,,,,[],#Coachella2015,,,,,,,
positive,yes,TheSeventhDevil,1,"RT : Here we go. Looking for Coachella Wknd 2 car camping pass. If you hate the lineup and want to offload, DM me.  _",,1/7/15 12:35,5.52927e+17,"Los Angeles, CA",Pacific Time (US & Canada),[],#Coachella,#Coa,,,,,,,[],#Coachella,#Coa,,,,,,
positive,yes,xkay_dwyerx,0,Ahhhhhhhhh I could burst i'm that excited  ________,,1/7/15 12:34,5.52926e+17,,,[],#Coachella2015,,,,,,,,[],#Coachella2015,,,,,,,
positive,yes,conye1,0,I got Coachella weekend 1 tickets. No biggie. __,,1/7/15 12:34,5.52926e+17,City of Angels,Pacific Time (US & Canada),[],#coachella,#Coachella2015,#weekend1,#coachellaweekend1,#hashtagoverload,,,,[],#coachella,#Coachella2015,#weekend1,#coachellaweekend1,#hashtagoverload,,,
positive,yes,JesslynBlake,0,"Wow,  sold out in 30 minutes __",,1/7/15 12:33,5.52926e+17,"Los Angeles, CA",,[],#Coachella2015,,,,,,,,[],#Coachella2015,,,,,,,
positive,yes,bhaked,0,The wait is real,,1/7/15 12:33,5.52926e+17,,,[],#Coachella2015,,,,,,,,[],#Coachella2015,,,,,,,
positive,yes,RamsesPatron,0,It's official now   here I come!! __,"[34.0092773, -118.03883713]",1/7/15 12:32,5.52926e+17,Whittier,Pacific Time (US & Canada),[],#Coachella2015,,,,,,,,[],#Coachella2015,,,,,,,
positive,yes,Emalita_lou,0,Wish I was going to,,1/7/15 12:31,5.52926e+17,Florida,Eastern Time (US & Canada),[],#Coachella2015,,,,,,,,[],#Coachella2015,,,,,,,
positive,yes,FrizzyJimz,1,yeaAAAAAahhhhh got my tickets,,1/7/15 12:31,5.52925e+17,,Pacific Time (US & Canada),[],#coachella2015,,,,,,,,[],#coachella2015,,,,,,,
positive,yes,M_CookinItUp,1,"RT : Coachella 2015, so hyped __",,1/7/15 12:30,5.52925e+17,,Pacific Time (US & Canada),[],#Coachella2015,#Weekend2,,,,,,,[],#Coachella2015,#Weekend2,,,,,,
positive,yes,OMONEYRECORDS,0,you Getting love in Russia!! Congrats on,,1/7/15 12:30,5.52925e+17,Black River Falls,,[],#Coachella2015,,,,,,,,[],#Coachella2015,,,,,,,
positive,yes,TheTwistQuist,0,Here goes!  _,,1/7/15 12:29,5.52925e+17,,Pacific Time (US & Canada),[],#coachella2015,,,,,,,,[],#coachella2015,,,,,,,
positive,yes,trianagarcias,0,"READY, SET, __",,1/7/15 12:29,5.52925e+17,"Los Angeles, CA",Tijuana,[],#Coachella2015,,,,,,,,[],#Coachella2015,,,,,,,
positive,yes,louis_louis20,0,Even though the prices are an arm and and a leg it's all going to be worth it at the end,,1/7/15 12:29,5.52925e+17,on the hogwarts express ,Quito,[],#Coachella2015,,,,,,,,[],#Coachella2015,,,,,,,
positive,yes,cynnlovee,2,RT : All I need is the Car Camping and I'm set!!!,,1/7/15 12:28,5.52925e+17,@planetcalix ~,Alaska,[],#Coachella2015,,,,,,,,[],#Coachella2015,,,,,,,
positive,yes,kevinpark140,0,UCLA has good wifi,,1/7/15 12:27,5.52925e+17,,Quito,[],#Coachella2015,,,,,,,,[],#Coachella2015,,,,,,,
positive,yes,TheElite_JQ442,0,GOT MY TICKETS TO  ______,,1/7/15 12:27,5.52925e+17,,,[],#Coachella2015,,,,,,,,[],#Coachella2015,,,,,,,
positive,yes,Lill_double_L,0,!! Yay so excited!!   lol!,,1/7/15 12:27,5.52924e+17,City of Angels,Pacific Time (US & Canada),[],#Thisjusthappened,#Coachella2015,#imsobroke,#soworthit,,,,,[],#Thisjusthappened,#Coachella2015,#imsobroke,#soworthit,,,,
positive,yes,_naaaaataly,1,RT : Got my ticket _______________,,1/7/15 12:27,5.52924e+17,,Arizona,[],#Coachella2015,,,,,,,,[],#Coachella2015,,,,,,,
positive,yes,koufaxmusic,1,something for your ears while you wait on the standby page,,1/7/15 12:27,5.52924e+17,"Toronto, CA",,[],#Coachella,#Coachella2015,,,,,,,[],#Coachella,#Coachella2015,,,,,,
positive,yes,MattManookian,0,YESSSSSSSS!!!!!  I'm ready for you ______,,1/7/15 12:26,5.52924e+17,,,[],#Coachella2015,,,,,,,,[],#Coachella2015,,,,,,,
positive,yes,RockoNoir,2,Sitting here on the standby page for coachella tickets,,1/7/15 12:26,5.52924e+17,DMV,Eastern Time (US & Canada),[],#Coachella2015,,,,,,,,[],#Coachella2015,,,,,,,
positive,yes,iFrancke,0,Just bought my ticket for Weekend 2 at  Happy early birthday to me!!!,"[34.00750539, -118.48940341]",1/7/15 12:26,5.52924e+17,"Santa Monica, California ",Pacific Time (US & Canada),[],#Coachella2015,#couldIBEmoreLA,#amibasicnow,#LAbucketlist,,,,,[],#Coachella2015,#couldIBEmoreLA,#amibasicnow,#LAbucketlist,,,,
positive,yes,mgblue92,2,All I need is the Car Camping and I'm set!!!,,1/7/15 12:26,5.52924e+17,Dodgers Stadium /LA,Pacific Time (US & Canada),[],#Coachella2015,,,,,,,,[],#Coachella2015,,,,,,,
positive,yes,ayotiffany22,1,Got my ticket _______________,,1/7/15 12:25,5.52924e+17,,,[],#Coachella2015,,,,,,,,[],#Coachella2015,,,,,,,
positive,yes,rebekobe,1,tickets sold out stupid fast,,1/7/15 12:24,5.52924e+17,LA to the bay,Pacific Time (US & Canada),[],#Coachella2015,,,,,,,,[],#Coachella2015,,,,,,,
positive,yes,travissaurusrex,0,we comin for you,,1/7/15 12:24,5.52924e+17,Long Beach,Pacific Time (US & Canada),[],#Coachella2015,,,,,,,,[],#Coachella2015,,,,,,,
positive,yes,LadiiMafia,0,may the odds be in your favor __,,1/7/15 12:24,5.52924e+17,,,[],#Coachella2015,,,,,,,,[],#Coachella2015,,,,,,,
positive,yes,Fuuckinsarah,1,RT :   got them hoes! see ya weekend 2!!!!,,1/7/15 12:23,5.52923e+17,,,[],#coachella2015,,,,,,,,[],#coachella2015,,,,,,,
positive,yes,moniquevanity08,1,here we come again!!!   ____,,1/7/15 12:22,5.52923e+17,,,[],#Coachella2015,,,,,,,,[],#Coachella2015,,,,,,,
positive,yes,TheAndresPuerta,0,Free showers and cell phone charging stations in all campground lots?!?!? :O  ... Coachella &gt;&gt; TomorrowWorld,,1/7/15 12:22,5.52923e+17,South Florida,Atlantic Time (Canada),[],#Coachella2015,,,,,,,,[],#Coachella2015,,,,,,,
positive,yes,cindythongs,0,My day just got better _.,,1/7/15 12:22,5.52923e+17,"San Diego, CA ",Pacific Time (US & Canada),[],#Coachella2015,,,,,,,,[],#Coachella2015,,,,,,,
positive,yes,mariahlefty_55,0,It's official!,,1/7/15 12:22,5.52923e+17,,,[],#Coachella2015,,,,,,,,[],#Coachella2015,,,,,,,
positive,yes,Missohsoripe,0,I want to go to  __,,1/7/15 12:22,5.52923e+17,"SD/LA, California ",Pacific Time (US & Canada),[],#Coachella2015,,,,,,,,[],#Coachella2015,,,,,,,
positive,yes,MireyaAPrado,0,Anxiety attacks this afternoon,,1/7/15 12:21,5.52923e+17,"Orange County, CA",Arizona,[],#Coachella2015,,,,,,,,[],#Coachella2015,,,,,,,
positive,yes,R12A_,0,So pumped for Axwell &amp; Ingrosso !,,1/7/15 12:21,5.52923e+17,M.C._,,[],#Coachella2015,,,,,,,,[],#Coachella2015,,,,,,,
positive,yes,xokyram,0,: The fact kyram got through stand by in less that 5 minutes...   No wait for me ________,,1/7/15 12:20,5.52923e+17,,Arizona,[],#recordtime,#Coachella2015,,,,,,,[],#recordtime,#Coachella2015,,,,,,
positive,yes,YoursTrulyPower,0,It looks like I'll be at  again,,1/7/15 12:20,5.52923e+17,,,[],#Coachella2015,,,,,,,,[],#Coachella2015,,,,,,,
positive,yes,AlexisCole81,0,In off the red!!! Coachella 2015 tickets.....Done!   Now to get in shape!!,,1/7/15 12:20,5.52923e+17,Cardiff,,[],#Coachella,#Coachella2015,,,,,,,[],#Coachella,#Coachella2015,,,,,,
positive,yes,annikameurer,3,RT : The closest I'll ever get to the feeling of defusing a bomb is waiting on the standby page for Coachella tickets. _,,1/7/15 12:19,5.52923e+17,,Arizona,[],#Coachella,,,,,,,,[],#Coachella,,,,,,,
positive,yes,taylordecotis,0,That feeling when you buy your   ticket _,,1/7/15 12:19,5.52923e+17,,Pacific Time (US & Canada),[],#Coachella2015,#weekend1,,,,,,,[],#Coachella2015,#weekend1,,,,,,
positive,yes,lorraineeyoung,0,Coachella here I come again!!!   ,,1/7/15 12:19,5.52923e+17,Los Angeles,Pacific Time (US & Canada),[],#Coachella2015,#3rdyear,,,,,,,[],#Coachella2015,#3rdyear,,,,,,
positive,yes,JacobHoefert,1,RT : Just got real _,,1/7/15 12:19,5.52923e+17,,Arizona,[],#Coachella2015,,,,,,,,[],#Coachella2015,,,,,,,
positive,yes,melissa_yv7,1,RT : Thank the lord I got thru!!,,1/7/15 12:19,5.52922e+17,"Chino,California",Arizona,[],#coachella2015,,,,,,,,[],#coachella2015,,,,,,,
positive,yes,ingloriousClos,0,Weekend 1 crew WADDAP!!,"[33.70122512, -117.7918253]",1/7/15 12:19,5.52922e+17,Planet Telex,Pacific Time (US & Canada),[],#Coachella2015,,,,,,,,[],#Coachella2015,,,,,,,
positive,yes,amandavillicana,1,Thank the lord I got thru!!,,1/7/15 12:18,5.52922e+17,,,[],#coachella2015,,,,,,,,[],#coachella2015,,,,,,,
positive,yes,jaywoodzs,0,Honestly just got an adrenaline rush from fucking getting my tickets,"[33.77844269, -118.31647066]",1/7/15 12:18,5.52922e+17,,,[],#coachella2015,,,,,,,,[],#coachella2015,,,,,,,
positive,yes,ChrisR_16,0,The fact kyram got through stand by in less that 5 minutes...,,1/7/15 12:18,5.52922e+17,California,Pacific Time (US & Canada),[],#recordtime,#Coachella2015,,,,,,,[],#recordtime,#Coachella2015,,,,,,
positive,yes,Dinglebrero,0,This is how I shop for  tickets.,,1/7/15 12:18,5.52922e+17,"Los Angeles, CA",Arizona,[],#Coachella2015,,,,,,,,[],#Coachella2015,,,,,,,
positive,yes,florence47,1,Just got real _,,1/7/15 12:17,5.52922e+17,ASU,,[],#Coachella2015,,,,,,,,[],#Coachella2015,,,,,,,
positive,yes,sandraabeliebs,1,OFICALLLY GOING TO COACHELLA THIS YEAR!! ______,,1/7/15 12:17,5.52922e+17,,,[],#Coachella2015,#MusicIsLife,,,,,,,[],#Coachella2015,#MusicIsLife,,,,,,
positive,yes,BMoneyReynolds,0,*Entire office starts cheering when I get the confirmation*,,1/7/15 12:17,5.52922e+17,,Eastern Time (US & Canada),[],#Coachella2015,#Round3,,,,,,,[],#Coachella2015,#Round3,,,,,,
positive,yes,amandaverdadero,0,currently experiencing sudden outbursts of excitement because of Coachella.,,1/7/15 12:16,5.52922e+17,"Los Angeles, CA",,[],#SOEXCITED,#weekend2,#Coachella2015,,,,,,[],#SOEXCITED,#weekend2,#Coachella2015,,,,,
positive,yes,toto_valverde,0,Take me to the desert! _,,1/7/15 12:16,5.52922e+17,,,[],#Coachella2015,,,,,,,,[],#Coachella2015,,,,,,,
positive,yes,jenn_bren,0,"it's happening!     
   ____",,1/7/15 12:16,5.52922e+17, JUPITER  ,Pacific Time (US & Canada),[],#Coachella2015,,,,,,,,[],#Coachella2015,,,,,,,
positive,yes,_tbrownnn,0,"Coachella weekend 1 ticket 
Shuttle pass 
Guest house for the weekend 
The official countdown to  begins __",,1/7/15 12:15,5.52922e+17,,Pacific Time (US & Canada),[],#Coachella2015,,,,,,,,[],#Coachella2015,,,,,,,
positive,yes,zbriegs,0,Going to,,1/7/15 12:14,5.52921e+17,Southern California,,[],#Coachella2015,,,,,,,,[],#Coachella2015,,,,,,,
positive,yes,TaylorWoodring,0,Just bought my Coachella ticket,,1/7/15 12:14,5.52921e+17,,,[],#fuckyeah,#Coachella2015,,,,,,,[],#fuckyeah,#Coachella2015,,,,,,
positive,yes,taylorebarnhill,0,"Weekend 2, I see you",,1/7/15 12:14,5.52921e+17,"Los Angeles, CA",Pacific Time (US & Canada),[],#coachella2015,#stokedalready,,,,,,,[],#coachella2015,#stokedalready,,,,,,
positive,yes,evanconway8,2,WEEKEND 2!!!!! _______,,1/7/15 12:14,5.52921e+17,agoura,,[],#Coachella2015,#Yewwww,,,,,,,[],#Coachella2015,#Yewwww,,,,,,
positive,yes,derprevere,0,dear god man,,1/7/15 12:14,5.52921e+17,from The Internet,Eastern Time (US & Canada),[],#Ultra2015,#coachella2015,#GovBallNYC,#Bottlerock,#lineups,#bands,#DJs,#hashtags,[],#Ultra2015,#coachella2015,#GovBallNYC,#Bottlerock,#lineups,#bands,#DJs,#hashtags
positive,yes,phillippparker,1,Screaming like a banshee!!  we have our tickets,,1/7/15 12:14,5.52921e+17,,Dublin,[],#Coachella2015,#woooooohooooo,,,,,,,[],#Coachella2015,#woooooohooooo,,,,,,
positive,yes,russellforeal,0,Lol probably made someone real happy. S/O to bae for getting the tickets before I did.,,1/7/15 12:13,5.52921e+17,The Bay | San Diego,Pacific Time (US & Canada),[],#Coachella2015,,,,,,,,[],#Coachella2015,,,,,,,
positive,yes,VictoriaBermasq,0,Woohoo! We got our tickets. Weekend 1 baby.,,1/7/15 12:13,5.52921e+17,California,,[],#Coachella2015,#NeedACampingSpot,,,,,,,[],#Coachella2015,#NeedACampingSpot,,,,,,
positive,yes,RAKAIGGI,0,Raka Party Alert Raka Party Alert! __ get ready to Rock &amp; Roll _,"[37.78647226, -122.40473017]",1/7/15 12:13,5.52921e+17,Oakland CA,Pacific Time (US & Canada),[],#Coachella2015,#RakasatCoachella,,,,,,,[],#Coachella2015,#RakasatCoachella,,,,,,
positive,yes,ChelsLerma,1,RT : WEEKEND 1 HERE WE COME ___,,1/7/15 12:12,5.52921e+17,,,[],#Coachella2015,,,,,,,,[],#Coachella2015,,,,,,,
positive,yes,themaknamedboke,0,"fuck yeah, happy birthday to me.   ktbeyer  _",,1/7/15 12:12,5.52921e+17,"San Francisco, CA",,[],#Aprilcomefaster,#coachella2015,,,,,,,[],#Aprilcomefaster,#coachella2015,,,,,,
positive,yes,alexamaddness,0,Weekend ,,1/7/15 12:12,5.52921e+17,LA,,[],#yee,#Coachella2015,,,,,,,[],#yee,#Coachella2015,,,,,,
positive,yes,alexafayee,0,IM GOING TO  !!!!!!!!!!  ________,,1/7/15 12:12,5.52921e+17,,Atlantic Time (Canada),[],#COACHELLA2015,,,,,,,,[],#COACHELLA2015,,,,,,,
positive,yes,ericaRdavidson,0,BOOM! We're going to  kids!!!!!!  __,,1/7/15 12:11,5.52921e+17,Chicago,Santiago,[],#Coachella2015,,,,,,,,[],#Coachella2015,,,,,,,
positive,yes,aless_rigo,0,COACHELLAAAAAAAAA  yesssssssssss the excitement is real,,1/7/15 12:10,5.5292e+17,,,[],#Coachella2015,,,,,,,,[],#Coachella2015,,,,,,,
positive,yes,AndrewMitrak,0,Just snatched  tickets!,,1/7/15 12:10,5.5292e+17,"Seattle, Wa",,[],#Coachella2015,,,,,,,,[],#Coachella2015,,,,,,,
positive,yes,KailaViolette,1,WEEKEND 1 HERE WE COME ___,,1/7/15 12:10,5.5292e+17,,,[],#Coachella2015,,,,,,,,[],#Coachella2015,,,,,,,
positive,yes,DanaDeMercurio,0,Who is going to  ??! I NEED to see,,1/7/15 12:10,5.5292e+17,"San Francisco, CA",Pacific Time (US & Canada),[],#Coachella2015,,,,,,,,[],#Coachella2015,,,,,,,
positive,yes,kpciupak,0,Watch out  Weekend 2 here we come!,,1/7/15 12:10,5.5292e+17,"Sacramento, CA",,[],#Coachella2015,,,,,,,,[],#Coachella2015,,,,,,,
positive,yes,adkinscm7,0,I would sell my nonexistent soul to go to,,1/7/15 12:10,5.5292e+17,,,[],#Coachella2015,,,,,,,,[],#Coachella2015,,,,,,,
positive,yes,SydneyHysell,0,Omg I want to go to  soooooo bad!!!,,1/7/15 12:09,5.5292e+17,,Central Time (US & Canada),[],#Coachella2015,,,,,,,,[],#Coachella2015,,,,,,,
positive,yes,Confidante,0,"Perhaps, this will be the year _",,1/7/15 12:09,5.5292e+17,The World is My Playground,Eastern Time (US & Canada),[],#Coachella2015,,,,,,,,[],#Coachella2015,,,,,,,
positive,yes,nshutes31,0,I already bought pairs to both weekends but Mary and I got in hella quick today!   The Weeknd,,1/7/15 12:09,5.5292e+17,,Pacific Time (US & Canada),[],#Coachella2015,#Weekend1,,,,,,,[],#Coachella2015,#Weekend1,,,,,,
positive,yes,hustler4life_,0,I really wanna go to ...,,1/7/15 12:09,5.5292e+17,,Pacific Time (US & Canada),[],#Coachella2015,,,,,,,,[],#Coachella2015,,,,,,,
positive,yes,helloaina,0,Well that was a lot easier than I thought...  _,,1/7/15 12:09,5.5292e+17,LA,Pacific Time (US & Canada),[],#Coachella2015,,,,,,,,[],#Coachella2015,,,,,,,
positive,yes,dfuckind,1,got them hoes! see ya weekend 2!!!!,,1/7/15 12:08,5.5292e+17,,Pacific Time (US & Canada),[],#coachella2015,,,,,,,,[],#coachella2015,,,,,,,
positive,yes,BreJayy,0,I got it ___,,1/7/15 12:08,5.5292e+17,cali,,[],#Coachella2015,,,,,,,,[],#Coachella2015,,,,,,,
positive,yes,queen324,0,OMG!!!! I'm going going back back to Cali Cali  here we come!!!!!!!!!!!!!!!!!!!!!!,,1/7/15 12:07,5.5292e+17,"Avon, Indiana",Atlantic Time (Canada),[],#Coachella2015,,,,,,,,[],#Coachella2015,,,,,,,
positive,yes,ohimjustjoshinu,0,It's like a mini EDC with all the edm artists playing this year. I would only be looking forward to them and AC_DC,,1/7/15 12:07,5.5292e+17,CA,Pacific Time (US & Canada),[],#Coachella2015,,,,,,,,[],#Coachella2015,,,,,,,
positive,yes,russellforeal,0,Attention everybody. My girlfriend is clutch AF with those  tickets. I fucking love her!,,1/7/15 12:07,5.52919e+17,The Bay | San Diego,Pacific Time (US & Canada),[],#Coachella2015,,,,,,,,[],#Coachella2015,,,,,,,
positive,yes,AshleySanks,0,"Hi guys, I need you to hop off the Coachella page so I can buy my fucking ticket. Kthxbye.",,1/7/15 12:07,5.52919e+17,outchea,Eastern Time (US & Canada),[],#Coachella2015,,,,,,,,[],#Coachella2015,,,,,,,
positive,yes,morganbilbruck,0,I think I'm going to pass out before I even get passed the standby page,,1/7/15 12:07,5.52919e+17,,,[],#coachella2015,,,,,,,,[],#coachella2015,,,,,,,
positive,yes,jackieraee,0,And now we wait. __,,1/7/15 12:06,5.52919e+17,,Pacific Time (US & Canada),[],#Coachella2015,,,,,,,,[],#Coachella2015,,,,,,,
positive,yes,rolacoasta,0,And  thanks for putting  as the cover image - she's my favorite!,,1/7/15 12:06,5.52919e+17,New York City,Quito,[],#Coachella2015,,,,,,,,[],#Coachella2015,,,,,,,
positive,yes,ingloriousClos,0,"Coachella tickets- 
Super 8 thurs to mon- 
Flight in April from DBX to LAX- 
April 10th- _","[33.7011255, -117.79172485]",1/7/15 12:05,5.52919e+17,Planet Telex,Pacific Time (US & Canada),[],#Coachella2015,,,,,,,,[],#Coachella2015,,,,,,,
positive,yes,dpaux,0,"""Why would you wear high heels to Coachella"" ""Because it's !""",,1/7/15 12:05,5.52919e+17,Echo Park,,[],#Coachella,#Coachella2015,#basicbitches,,,,,,[],#Coachella,#Coachella2015,#basicbitches,,,,,
positive,yes,zach_graham21,0,CRISIS AVERTED.,,1/7/15 12:04,5.52919e+17,,,[],#Coachella2015,,,,,,,,[],#Coachella2015,,,,,,,
positive,yes,Meeeechell,0,4 Macs and 7 open pages,,1/7/15 12:03,5.52918e+17,,Eastern Time (US & Canada),[],#Coachella2015,,,,,,,,[],#Coachella2015,,,,,,,
positive,yes,MariaGBelieber,0,my prayers go out to everyone trying to purchase  tickets,,1/7/15 12:02,5.52918e+17,,,[],#Coachella2015,,,,,,,,[],#Coachella2015,,,,,,,
positive,yes,Adams_Apple22,3,now we play the waiting game bebe,,1/7/15 12:01,5.52918e+17,,Pacific Time (US & Canada),[],#Coachella2015,,,,,,,,[],#Coachella2015,,,,,,,
positive,yes,_mariilee,0,Omgosh  tickets are on sale in 2 mins!!!!!,,1/7/15 11:58,5.52917e+17,California,Pacific Time (US & Canada),[],#Coachella2015,,,,,,,,[],#Coachella2015,,,,,,,
positive,yes,BridgetOBrien1,0,Call my name!!,,1/7/15 11:58,5.52917e+17,,Arizona,[],#Positivevibes,#Coachella2015,,,,,,,[],#Positivevibes,#Coachella2015,,,,,,
positive,yes,Reggie_99,0,Coachella ticket time....fingers crossed cause I want to be getting boozy with my bois  and,,1/7/15 11:53,5.52916e+17,,,[],#Coachella2015,,,,,,,,[],#Coachella2015,,,,,,,
positive,yes,JCMaherPhoto,3,Here comes Coachella! Relive 2014's Weekend 1 here: Photos:,,1/7/15 11:52,5.52916e+17,"Ontario, CA",Pacific Time (US & Canada),[],#Coachella2015,#Coachella2015,,,,,,,[],#Coachella2015,#Coachella2015,,,,,,
positive,yes,britxwills,0,This line up over the real line up all day!_,,1/7/15 11:52,5.52916e+17,,Arizona,[],#Coachella2015,,,,,,,,[],#Coachella2015,,,,,,,
positive,yes,ashh_nicole3,1,RT : Almost time!  __,,1/7/15 11:51,5.52916e+17,,Pacific Time (US & Canada),[],#Coachella2015,,,,,,,,[],#Coachella2015,,,,,,,
positive,yes,AntwoneM6,1,RT : 10 more mins _,,1/7/15 11:51,5.52915e+17,,,[],#Coachella2015,,,,,,,,[],#Coachella2015,,,,,,,
positive,yes,jasminalyssa,1,Almost time!  __,,1/7/15 11:49,5.52915e+17,,Arizona,[],#Coachella2015,,,,,,,,[],#Coachella2015,,,,,,,
positive,yes,dank_harmony,0,10 more minutes.....,,1/7/15 11:49,5.52915e+17,Cali,Pacific Time (US & Canada),[],#Coachella2015,,,,,,,,[],#Coachella2015,,,,,,,
positive,yes,htxbui,0,lineup crazy,,1/7/15 11:48,5.52915e+17,,Eastern Time (US & Canada),[],#Coachella2015,,,,,,,,[],#Coachella2015,,,,,,,
positive,yes,michaelnpham331,0,PATIENTLY WAITING,,1/7/15 11:46,5.52914e+17,"San Jose, California",Arizona,[],#Coachella2015,,,,,,,,[],#Coachella2015,,,,,,,
positive,yes,renaiholidai,0,ANXIETY.     lol   is my birthday ;)_,,1/7/15 11:46,5.52914e+17,las vegas,Pacific Time (US & Canada),[],#coachella,#coachella2015,#cantwait,#GAallDay,#weekend1,#weekend2,,,[],#coachella,#coachella2015,#cantwait,#GAallDay,#weekend1,#weekend2,,
positive,yes,susieoch,0,Only 15 more minutes until I'm poor,,1/7/15 11:45,5.52914e+17,,Eastern Time (US & Canada),[],#Coachella2015,,,,,,,,[],#Coachella2015,,,,,,,
positive,yes,andree_jenee,0,All of my devices right now.,,1/7/15 11:44,5.52914e+17,,Eastern Time (US & Canada),[],#Coachella2015,,,,,,,,[],#Coachella2015,,,,,,,
positive,yes,HighOffSobriety,0,So fucking amped ____,,1/7/15 11:44,5.52914e+17,,Central Time (US & Canada),[],#Coachella2015,,,,,,,,[],#Coachella2015,,,,,,,
positive,yes,writemoment,0,tix bout to drop! Dayum,,1/7/15 11:43,5.52913e+17,"San Diego, CA",Pacific Time (US & Canada),[],#Coachella2015,,,,,,,,[],#Coachella2015,,,,,,,
positive,yes,maddogish,0,Its like black Friday for festival lovers...is it Noon?!,,1/7/15 11:42,5.52913e+17,right now...right here...,,[],#Coachella2015,,,,,,,,[],#Coachella2015,,,,,,,
positive,yes,Brooklyn,0,", If only  were going to jam with that colossal  crowd &amp; lineup!! Would be one magical set in California",,1/7/15 11:40,5.52913e+17,"Brooklyn, NY",Eastern Time (US & Canada),[],#Coachella2015,,,,,,,,[],#Coachella2015,,,,,,,
positive,yes,Ruth_in_dubai,0,20 minutes to go beyatches!!!! Get in line... coachella   _,,1/7/15 11:40,5.52913e+17,"Dubai, UAE",Quito,[],#coachella2015,#areyougoing,#letthequeuebegin,,,,,,[],#coachella2015,#areyougoing,#letthequeuebegin,,,,,
positive,yes,dracheee,1,RT : weekend one or weekend two?,,1/7/15 11:39,5.52913e+17,Las Vegas,Pacific Time (US & Canada),[],#Coachella2015,,,,,,,,[],#Coachella2015,,,,,,,
positive,yes,_andreapc,0,Just got the best news ever. Bae is coming to visit and this is about to get wild.,,1/7/15 11:38,5.52912e+17,"Los Angeles, CA",Quito,[],#Coachella2015,,,,,,,,[],#Coachella2015,,,,,,,
positive,yes,Britney_oneTnoA,0,Good luck to everyone trying to get  tix today!,"[0.0, 0.0]",1/7/15 11:38,5.52912e+17,Lafayette,Eastern Time (US & Canada),[],#Coachella,#Coachella2015,,,,,,,[],#Coachella,#Coachella2015,,,,,,
positive,yes,jsanchud,0,Time to get  her  ticket!!,"[33.91724627, -118.39541952]",1/7/15 11:37,5.52912e+17,"Los Angeles, CA",Pacific Time (US & Canada),[],#RaverChicks,#PLuR,#Coachella2015,,,,,,[],#RaverChicks,#PLuR,#Coachella2015,,,,,
positive,yes,Meeeechell,0,waiting to buy tix ______,,1/7/15 11:37,5.52912e+17,,Eastern Time (US & Canada),[],#Coachella2015,,,,,,,,[],#Coachella2015,,,,,,,
positive,yes,VMoniqueC,0,won't be missing the most intense ass hour of your life ! Lol got my ticket months ago. __,,1/7/15 11:35,5.52911e+17,SouthBay,Pacific Time (US & Canada),[],#Coachella2015,#thestruggle,#goodluck,,,,,,[],#Coachella2015,#thestruggle,#goodluck,,,,,
positive,yes,AbbieMcFarlane,0,: Arrrrgggh this needs to be done!   you know it makes sense!,,1/7/15 11:35,5.52911e+17,East London,,[],#Coachella2015,,,,,,,,[],#Coachella2015,,,,,,,
positive,yes,dejloathe,0,": .'s set to headline , alongside ,  &amp; "" all i would go for",,1/7/15 11:34,5.52911e+17,all tito everything,Quito,[],#Coachella2015,,,,,,,,[],#Coachella2015,,,,,,,
positive,yes,megann_nicolee5,0,I really really want to go this year!!,,1/7/15 11:33,5.52911e+17,,,[],#Coachella2015,,,,,,,,[],#Coachella2015,,,,,,,
positive,yes,laurenboitano,0,Can't wait to hear this track live at Coachella in April!!     _,,1/7/15 11:33,5.52911e+17,"Santa Monica, CA",,[],#coachella,#coachella2015,#weekend1,#tameimpala,#feelsli,,,,[],#coachella,#coachella2015,#weekend1,#tameimpala,#feelsli,,,
positive,yes,Amazingashlie_,13,RT : Remember  tix go on sale at noon . The Internet will explode shortly thereafter . Prepare to take cover . _,,1/7/15 11:31,5.5291e+17,,,[],#Co,,,,,,,,[],#Co,,,,,,,
positive,yes,tavik,0,The 30 minute countdown.  /,,1/7/15 11:31,5.5291e+17,California,Pacific Time (US & Canada),[],#Coachella2015,,,,,,,,[],#Coachella2015,,,,,,,
positive,yes,stephy_2010_h,0,Can it be April to enjoy  to the max.,,1/7/15 11:27,5.52909e+17,"Gilroy, CA ",,[],#ACDC,#Coachella2015,,,,,,,[],#ACDC,#Coachella2015,,,,,,
positive,yes,AlecByrkett3,0,This purchase shit is going to be intense . Gettin ready!,,1/7/15 11:27,5.52909e+17,San Diego,Central Time (US & Canada),[],#Coachella2015,,,,,,,,[],#Coachella2015,,,,,,,
positive,yes,jguigni,0,May the odds be ever in your favor,,1/7/15 11:23,5.52908e+17,2 2 U N L V   ,,[],#coachella2015,,,,,,,,[],#coachella2015,,,,,,,
positive,yes,TheStacyKaiser,0,I have  mom anxiety - hoping to get tix for my kids at noon today. _,,1/7/15 11:22,5.52908e+17,Los Angeles,Pacific Time (US & Canada),[],#Coachella2015,,,,,,,,[],#Coachella2015,,,,,,,
positive,yes,adora17,0,"BRAND NEW, Alt-J, Bad Religion, Chet Faker, Desaparecidos, Florence + The Machine, Interpol, Vance Joy, and so much more! :)",,1/7/15 11:21,5.52908e+17,New York & Los Angeles,Eastern Time (US & Canada),[],#Coachella2015,,,,,,,,[],#Coachella2015,,,,,,,
positive,yes,RajRawal37,0,How many people are frantically by their comps waiting for 12pm/3pm to buy  tix?  (def gonna sell out in a minute),,1/7/15 11:19,5.52907e+17,Los Angeles / Jersey,Pacific Time (US & Canada),[],#Coachella2015,,,,,,,,[],#Coachella2015,,,,,,,
positive,yes,Ningbadabing,0,Interesting lineup for  this year......,,1/7/15 11:19,5.52907e+17,"Washington, DC",Eastern Time (US & Canada),[],#Coachella2015,,,,,,,,[],#Coachella2015,,,,,,,
positive,yes,madis0nnn_,0,: So blessed to have computer that refreshes itself  this is why you weren't at school huh?__,,1/7/15 11:18,5.52907e+17,,Alaska,[],#Coachella2015,,,,,,,,[],#Coachella2015,,,,,,,
positive,yes,karinaproblems,0,hands are shaking. 3pm3pm3pm3pm where you at!,,1/7/15 11:15,5.52906e+17,,Quito,[],#Coachella2015,,,,,,,,[],#Coachella2015,,,,,,,
positive,yes,MiMiAntoinettee,0,Definitely going to  __,,1/7/15 11:13,5.52906e+17,,Central Time (US & Canada),[],#Coachella2015,,,,,,,,[],#Coachella2015,,,,,,,
positive,yes,NicoleFAlvarez,13,Remember  tix go on sale at noon . The Internet will explode shortly thereafter . Prepare to take cover .,,1/7/15 11:12,5.52906e+17,Los Angeles,Pacific Time (US & Canada),[],#Coachella2015,,,,,,,,[],#Coachella2015,,,,,,,
positive,yes,beea982,0,I'm crying ___,,1/7/15 11:04,5.52904e+17,,Amsterdam,[],#Coachella2015,,,,,,,,[],#Coachella2015,,,,,,,
positive,yes,ComiendoenLA,0,"In one hour,  tickets go on sale!",,1/7/15 11:02,5.52903e+17,Los Angeles,Central Time (US & Canada),[],#Coachella2015,#Coachella,,,,,,,[],#Coachella2015,#Coachella,,,,,,
positive,yes,alyssaweldon,0,If only I could afford  tickets right now...,,1/7/15 11:02,5.52903e+17,"Los Angeles, CA",Atlantic Time (Canada),[],#Coachella2015,,,,,,,,[],#Coachella2015,,,,,,,
positive,yes,ChRiStInEiE,0,Bored at work Browsing the  site!! Getting excited!!!,"[34.07029752, -118.34396064]",1/7/15 11:02,5.52903e+17,California,Pacific Time (US & Canada),[],#bdaymonth,#april,#weekend1,#Coachella2015,,,,,[],#bdaymonth,#april,#weekend1,#Coachella2015,,,,
positive,yes,Kaileyyyrose,0,One more hour _,,1/7/15 11:01,5.52903e+17,Los Angeles,,[],#Coachella2015,,,,,,,,[],#Coachella2015,,,,,,,
positive,yes,mouss021,0,RT : Moment of silence for that  lineup FML _,,1/7/15 11:00,5.52903e+17,kapa | jozi,Greenland,[],#Coachella2015,,,,,,,,[],#Coachella2015,,,,,,,
positive,yes,gro0vylesbian,0,1 more hour _,,1/7/15 11:00,5.52903e+17,camp takota,Pacific Time (US & Canada),[],#Coachella2015,,,,,,,,[],#Coachella2015,,,,,,,
positive,yes,bvbfreak215,0,Heard  is gonna be at  Let me just say Coachella is lucky,,1/7/15 11:00,5.52903e+17,right behind you,,[],#Coachella2015,,,,,,,,[],#Coachella2015,,,,,,,
positive,yes,itsnayabitch,0,I want a  and a plane ticket!!!! NOOOWWWW,,1/7/15 10:59,5.52902e+17,Portugal,Lisbon,[],#Coachella2015,,,,,,,,[],#Coachella2015,,,,,,,
positive,yes,PezzyHL_,0,If honey get these  tickets ima hit 3 backflips on vine..,,1/7/15 10:58,5.52902e+17,Bay Area/ So Cal,,[],#Coachella2015,,,,,,,,[],#Coachella2015,,,,,,,
positive,yes,maria_ranieli,0,May the odds be ever in your favor,,1/7/15 10:56,5.52902e+17,LA,,[],#Coachella2015,,,,,,,,[],#Coachella2015,,,,,,,
positive,yes,marquezfiona,29,"RT :  Imma let you finish, but  had one of the best sets of ALL TIME. Good luck to the line up tho _",,1/7/15 10:54,5.52901e+17,dimplesdiana/ priicess niec,Mazatlan,[],#Coachella2015,,,,,,,,[],#Coachella2015,,,,,,,
positive,yes,ByronSatellite,1,RT : Drake headlining Coachella?! That's like The Zit Remedy headlining Glastonbury.,,1/7/15 10:53,5.52901e+17,"Calgary, Alberta, Canada",,[],#Coachella2015,,,,,,,,[],#Coachella2015,,,,,,,
positive,yes,brownjenjen,68,Indiana USA South Bend    237 Coachella 2015 full lineup: Big names and bigger surprises Coachella 201_,,1/7/15 10:52,5.529e+17,"Dallas, TX",Ljubljana,[],#Coachella2015,,,,,,,,[],#Coachella2015,,,,,,,
positive,yes,MariaOffic,0,I wanna go to  soooooooooo bad!,,1/7/15 10:51,5.529e+17,Neverland,,[],#Coachella2015,,,,,,,,[],#Coachella2015,,,,,,,
positive,yes,starRio_03,0,I really wanna go to  !!!,,1/7/15 10:50,5.529e+17,,,[],#Coachella,#Coachella2015,#EDM,,,,,,[],#Coachella,#Coachella2015,#EDM,,,,,
positive,yes,BullCityVA,1,duo  is on the  lineup!,,1/7/15 10:47,5.52899e+17,"Durham, NC",Arizona,[],#Durham,#Coachella2015,,,,,,,[],#Durham,#Coachella2015,,,,,,
positive,yes,TAYLORM_TWEETS,0,Someone take me to Coachella__,,1/7/15 10:45,5.52899e+17,USA ,Central Time (US & Canada),[],#Coachella2015,,,,,,,,[],#Coachella2015,,,,,,,
positive,yes,Massala_H3,0,Might be going to  ... Greedy or nah?? ... Nah,"[39.06553758, -77.16455329]",1/7/15 10:45,5.52899e+17,Los Angeles,Eastern Time (US & Canada),[],#Coachella2015,,,,,,,,[],#Coachella2015,,,,,,,
positive,yes,LadiiMafia,0,"All the arrangements _ are made and done with, now one more hour till ticket time __",,1/7/15 10:42,5.52898e+17,,,[],#Coachella2015,,,,,,,,[],#Coachella2015,,,,,,,
positive,yes,Alex_Waring1,1,RT : ngl  looks fucking sick,,1/7/15 10:41,5.52898e+17,,Amsterdam,[],#Coachella2015,,,,,,,,[],#Coachella2015,,,,,,,
positive,yes,MiZzNikki_Ra3,33,RT :  Huh? ___ This will be  ______ See you there!,,1/7/15 10:36,5.52896e+17,"Central Cali, X",Pacific Time (US & Canada),[],#Coachella2015,#Epic,,,,,,,[],#Coachella2015,#Epic,,,,,,
positive,yes,_lovekhannow,0,Coachella I love you__,,1/7/15 10:35,5.52896e+17,,,[],#Coachella2015,#drakeislife,#preparingmyvows,,,,,,[],#Coachella2015,#drakeislife,#preparingmyvows,,,,,
positive,yes,LivSparks1,0,: Eyyyyyy I need a coachella ticket!!! Anyone with an extra lemme know _ SAME___,,1/7/15 10:34,5.52896e+17,,,[],#Coachella2015,,,,,,,,[],#Coachella2015,,,,,,,
positive,yes,whitemuffinbun,0,: The Coachella lineup actually broke the internet:  pls someone take me!,"[32.55657985, -97.33120336]",1/7/15 10:34,5.52896e+17,NYC,,[],#Coachella2015,,,,,,,,[],#Coachella2015,,,,,,,
positive,yes,gigview,0,So which lucky people got tickets to Coachella?!,,1/7/15 10:33,5.52896e+17,,London,[],#Coachella,#Coachella2015,,,,,,,[],#Coachella,#Coachella2015,,,,,,
positive,yes,Queenii27,0,In one hour  tix are on sale.... Who's paying for mine????,,1/7/15 10:27,5.52894e+17,"New York, NY",Eastern Time (US & Canada),[],#Coachella2015,,,,,,,,[],#Coachella2015,,,,,,,
positive,yes,JALLENMUSIC,0,The  lineup looks pretty badass!   and !?!?! Too bad they're not all on the same night.,,1/7/15 10:23,5.52893e+17,OHIO,Eastern Time (US & Canada),[],#Coachella2015,#JackWhite,,,,,,,[],#Coachella2015,#JackWhite,,,,,,
positive,yes,rhenry7412,0,"Wow,  has a much better line up than  this year!  I know which one I will be at...","[34.0499248, -118.957123]",1/7/15 10:22,5.52893e+17,Southern California,,[],#Coachella2015,,,,,,,,[],#Coachella2015,,,,,,,
positive,yes,sdulyachinda,0,The  lineup _ ugh crying I want to go so bad,,1/7/15 10:22,5.52893e+17,Maryland,Eastern Time (US & Canada),[],#Coachella2015,,,,,,,,[],#Coachella2015,,,,,,,
positive,yes,BecksN60,0,: What do you guys think of this years  Lineup? ________________    Big Epic__,,1/7/15 10:22,5.52893e+17,Cobham/Surrey,London,[],#Coachella,#Coachella2015,,,,,,,[],#Coachella,#Coachella2015,,,,,,
positive,yes,stelllah,0,"NTS, I have 4 months to lose weight! Let's do this Stella! _",,1/7/15 10:18,5.52892e+17,,Pacific Time (US & Canada),[],#Coachella2015,,,,,,,,[],#Coachella2015,,,,,,,
positive,yes,BNEWisBNEW,1,RT : I wanna go to,,1/7/15 10:16,5.52892e+17,Everywhere Is Home,Central Time (US & Canada),[],#Coachella2015,,,,,,,,[],#Coachella2015,,,,,,,
positive,yes,ParisHilton,72,What do you guys think of this years  Lineup? ________________,,1/7/15 10:15,5.52891e+17,,Pacific Time (US & Canada),[],#Coachella,#Coachella2015,,,,,,,[],#Coachella,#Coachella2015,,,,,,
positive,yes,fab3rd,0,Can't wait to see you this year at 2015 ! Hideaway =,,1/7/15 10:13,5.52891e+17,"Houston,TX",Central Time (US & Canada),[],#nowplaying,#Coachella2015,,,,,,,[],#nowplaying,#Coachella2015,,,,,,
positive,yes,chantelxhorror,0,I'm so ready for,,1/7/15 10:12,5.52891e+17,,Alaska,[],#Coachella2015,,,,,,,,[],#Coachella2015,,,,,,,
positive,yes,Ethanallah,0,Coachella not just DJ land and abstract indie bands this year bravo,,1/7/15 10:10,5.5289e+17,,Central Time (US & Canada),[],#Coachella2015,,,,,,,,[],#Coachella2015,,,,,,,
positive,yes,zackphillips300,1,RT : TODAY's THE DAY.,,1/7/15 10:08,5.52889e+17,,Arizona,[],#Coachella2015,,,,,,,,[],#Coachella2015,,,,,,,
positive,yes,raulflauren,0,Got my Coachella ticket ____,,1/7/15 10:07,5.52889e+17,,,[],#Coachella2015,,,,,,,,[],#Coachella2015,,,,,,,
positive,yes,JsunRay_,0,May I come with?,,1/7/15 10:01,5.52888e+17,,Pacific Time (US & Canada),[],#Coachella2015,,,,,,,,[],#Coachella2015,,,,,,,
positive,yes,robertosmind,1,Lil Jon responds to the  line-up. Pretty funny!,,1/7/15 10:00,5.52887e+17,Indianapolis,Central Time (US & Canada),[],#Coachella2015,,,,,,,,[],#Coachella2015,,,,,,,
positive,yes,JohnGarnace,0,Two hours until I can purchase my first  wristband __,,1/7/15 9:59,5.52887e+17,St Catharines,Eastern Time (US & Canada),[],#firsttimer,#Coachella2015,,,,,,,[],#firsttimer,#Coachella2015,,,,,,
positive,yes,ImChrisFort11,1,RT : Coachella lineup is insane !,,1/7/15 9:58,5.52887e+17,Bowling Green,Central Time (US & Canada),[],#Coachella2015,,,,,,,,[],#Coachella2015,,,,,,,
positive,yes,mrnsrvn,0,: So is  hooking me &amp;  up with  tickets?___ _____ you wish!,,1/7/15 9:54,5.52886e+17,California,Pacific Time (US & Canada),[],#Coachella2015,,,,,,,,[],#Coachella2015,,,,,,,
positive,yes,TyRiquePopstar,0,Ditto here! It's going to be a fantastic show!,,1/7/15 9:54,5.52886e+17,"Paramaribo, Suriname",Georgetown,[],#Coachella2015,,,,,,,,[],#Coachella2015,,,,,,,
positive,yes,AlliNesbitt,1,RT :  and  please _,,1/7/15 9:54,5.52886e+17,,Eastern Time (US & Canada),[],#Coachella2015,#GovBallNYC,,,,,,,[],#Coachella2015,#GovBallNYC,,,,,,
positive,yes,DerekKarzen,1,TODAY's THE DAY.,,1/7/15 9:46,5.52884e+17,,,[],#Coachella2015,,,,,,,,[],#Coachella2015,,,,,,,
positive,yes,CarlBandi311,1,That  lineup is alright,,1/7/15 9:44,5.52883e+17,London,Casablanca,[],#Coachella2015,,,,,,,,[],#Coachella2015,,,,,,,
positive,yes,Cuddleston,0,Please can I go thanks bye,,1/7/15 9:41,5.52883e+17,boston/dallas/chicago,Central Time (US & Canada),[],#Coachella2015,#Coachella,,,,,,,[],#Coachella2015,#Coachella,,,,,,
positive,yes,__elleven,0,COACHELLA 2015!!!! I GRIND FOR YOU BABY!!!!!!,,1/7/15 9:39,5.52882e+17,Where The Wild Things Are,Central Time (US & Canada),[],#Coachella2015,,,,,,,,[],#Coachella2015,,,,,,,
positive,yes,_kmack33,0,Lowkey I would like to go to,,1/7/15 9:38,5.52882e+17,"Houston, Texas",Central Time (US & Canada),[],#Coachella2015,,,,,,,,[],#Coachella2015,,,,,,,
positive,yes,Mackyoswagnigga,0,I'm finally going to   but not filling the line up bout to have fun tho,,1/7/15 9:37,5.52882e+17,California living Bakersfield ,,[],#Coachella2015,,,,,,,,[],#Coachella2015,,,,,,,
positive,yes,GroovyDrew,0,So is  hooking me &amp;  up with  tickets?___,,1/7/15 9:33,5.52881e+17,San Jacintoo,Alaska,[],#Coachella2015,,,,,,,,[],#Coachella2015,,,,,,,
positive,yes,loreliarroyo,1,RT : I have to go to  __,,1/7/15 9:29,5.5288e+17,,,[],#Coachella2015,,,,,,,,[],#Coachella2015,,,,,,,
positive,yes,candilyn161,0,literally crying __,,1/7/15 9:28,5.5288e+17,,,[],#Coachella2015,,,,,,,,[],#Coachella2015,,,,,,,
positive,yes,LosRakas,1,"RT : So  will be performing at   so proud they are representing pty507, respect!",,1/7/15 9:17,5.52877e+17,||| PANABAY |||,Pacific Time (US & Canada),[],#Coachella2015,#KeepItReal,,,,,,,[],#Coachella2015,#KeepItReal,,,,,,
positive,yes,ALindley97,0,The Coachella line-up looks absolutely class!,,1/7/15 9:14,5.52876e+17,"Wigan, England",London,[],#Coachella2015,,,,,,,,[],#Coachella2015,,,,,,,
positive,yes,ClEOD3VILLE,0,The  lineup is awesome!! I can't WAIT.,,1/7/15 9:12,5.52875e+17,in Existence  ,Pacific Time (US & Canada),[],#Coachella2015,,,,,,,,[],#Coachella2015,,,,,,,
positive,yes,RALeidner,0,"Ticket: purchased, Flights: booked, Mansion: paid. Just need to rent a car, and pay for food/booze.",,1/7/15 9:09,5.52875e+17,"New York, NY",Eastern Time (US & Canada),[],#Coachella2015,#BasicTweet,,,,,,,[],#Coachella2015,#BasicTweet,,,,,,
positive,yes,Barrisite,2,"AC/DC is headlining . This will be the first year in  history that actual residents of Indio, CA attend Coachella.",,1/7/15 9:08,5.52874e+17,Simply Don - The Twitter,,[],#Coachella2015,#Coachella,,,,,,,[],#Coachella2015,#Coachella,,,,,,
positive,yes,raiiney_gurl,0,: Coachella line up got me likeee __     just keep sayin it over &amp; over,"[40.76931393, -73.43096415]",1/7/15 9:07,5.52874e+17,,Atlantic Time (Canada),[],#Coachella2015,,,,,,,,[],#Coachella2015,,,,,,,
positive,yes,Just_Twigs,0,3 hours and counting,,1/7/15 9:06,5.52874e+17,,Eastern Time (US & Canada),[],#Coachella2015,,,,,,,,[],#Coachella2015,,,,,,,
positive,yes,theisinfuego,0,I wish.,,1/7/15 9:05,5.52874e+17,856,Central Time (US & Canada),[],#Coachella2015,,,,,,,,[],#Coachella2015,,,,,,,
positive,yes,SHANGiiii,1,RT : Coachella line up got me likeee ______,,1/7/15 9:02,5.52873e+17,Rio de Janeiro,Alaska,[],#Coachella2015,,,,,,,,[],#Coachella2015,,,,,,,
positive,yes,xoliss,1,Coachella line up got me likeee ______,,1/7/15 9:02,5.52873e+17,New York,Quito,[],#Coachella2015,,,,,,,,[],#Coachella2015,,,,,,,
positive,yes,SHANGiiii,101,RT :   198 Coachella 2015 makes space for rockers and ravers this year  With Tuesday_ ,,1/7/15 8:58,5.52872e+17,Rio de Janeiro,Alaska,[],#Coachella2015,,,,,,,,[],#Coachella2015,,,,,,,
positive,yes,Reena_Rai,0,Can't remember who told me to look at the  line up (and via what form of social media) but __,,1/7/15 8:55,5.52871e+17,London,London,[],#Coachella2015,,,,,,,,[],#Coachella2015,,,,,,,
positive,yes,brown__laura,0,heading  and ! Show some Houston love and say you're coming to !,,1/7/15 8:54,5.52871e+17,,Central Time (US & Canada),[],#Coachella2015,#GovBallNYC,#FPSF,,,,,,[],#Coachella2015,#GovBallNYC,#FPSF,,,,,
positive,yes,TheAmyGranlund,0,3 more hours until I get my ticket____  _,,1/7/15 8:51,5.5287e+17,"A, California",Eastern Time (US & Canada),[],#Coachella2015,,,,,,,,[],#Coachella2015,,,,,,,
positive,yes,djshades97,0,I've been trying to see  for 3 years and now I'll finally be able to,,1/7/15 8:48,5.52869e+17,satx,Pacific Time (US & Canada),[],#Coachella2015,,,,,,,,[],#Coachella2015,,,,,,,
positive,yes,TDTFerg,0,"band that's way down on the list, but def gonna try to see",,1/7/15 8:47,5.52869e+17,Dunmore - PSU - Scranton,Eastern Time (US & Canada),[],#Coachella2015,#SaintMotel,,,,,,,[],#Coachella2015,#SaintMotel,,,,,,
positive,yes,DCNYATL,9,"RT : Drake, , , ,  and more to rock",,1/7/15 8:45,5.52869e+17,ATL,Eastern Time (US & Canada),[],#RunTheJewels,#Coachella2015,,,,,,,[],#RunTheJewels,#Coachella2015,,,,,,
positive,yes,ThrowItUpWoohoo,0,is coming and you are so excited  _____,,1/7/15 8:44,5.52868e+17,Seattle,Mountain Time (US & Canada),[],#Coachella2015,,,,,,,,[],#Coachella2015,,,,,,,
positive,yes,MrZackNelson,0,Somebody go with me to Coachella this year. That lineup is the sickest,,1/7/15 8:42,5.52868e+17,"San Marcos, Texas",Central Time (US & Canada),[],#Coachella2015,,,,,,,,[],#Coachella2015,,,,,,,
positive,yes,Hot_Vox,0,"looks incredible, check the full line up here:",,1/7/15 8:41,5.52868e+17,London,,[],#Coachella2015,,,,,,,,[],#Coachella2015,,,,,,,
positive,yes,K_Baby2014,0,What I would give to go to Coachella. No lie. Its gonna be so dope.____,,1/7/15 8:40,5.52867e+17,,,[],#Coachella2015,,,,,,,,[],#Coachella2015,,,,,,,
positive,yes,Louluagency,0,GA both weekends SOLD OUT!,,1/7/15 8:39,5.52867e+17,,Eastern Time (US & Canada),[],#music,#Coachella2015,,,,,,,[],#music,#Coachella2015,,,,,,
positive,yes,gabrielavc36,0,I'll definitely be at  this year!,"[42.50839492, -90.67915955]",1/7/15 8:39,5.52867e+17,"Chicago, IL",Eastern Time (US & Canada),[],#musicfestival,#Coachella2015,#AltJ,#Drake,#TamaImpala,#amazing,#lineup,,[],#musicfestival,#Coachella2015,#AltJ,#Drake,#TamaImpala,#amazing,#lineup,
positive,yes,snapbackkmuke,0,The  line up looks sickkkk,,1/7/15 8:34,5.52866e+17,AU/SG  ,Singapore,[],#Coachella2015,,,,,,,,[],#Coachella2015,,,,,,,
positive,yes,Mark_Attew,0,"Boys Latin
Panda Bear  Boys Latin on",,1/7/15 8:33,5.52866e+17,"Pasadena, CA",Pacific Time (US & Canada),[],#NowPlaying,#Spotify,#coachella2015,,,,,,[],#NowPlaying,#Spotify,#coachella2015,,,,,
positive,yes,CamilaFronzo,0,Tame Impala will play at Coachella. Tickets go on sale today here,,1/7/15 8:33,5.52866e+17,"London, United Kingdom ",Buenos Aires,[],#Coachella2015,#TameImpala,#Australia,,,,,,[],#Coachella2015,#TameImpala,#Australia,,,,,
positive,yes,PhiaGPaz,0,Why can't I be here?? _ : We're playing at  this year!!!!!! Could not be more excited.  .,,1/7/15 8:33,5.52866e+17,,,[],#coachella2015,,,,,,,,[],#coachella2015,,,,,,,
positive,yes,marlowejenny,0,I'm not cool but Drive Like Jehu and  !!!    () lineup,,1/7/15 8:30,5.52865e+17,"Los Angeles, CA ",Pacific Time (US & Canada),[],#nochella,#Coachella2015,,,,,,,[],#nochella,#Coachella2015,,,,,,
positive,yes,rebecca_1358,1,RT : : Miley getting bleach blonde for :  u 2 r the same person _,,1/7/15 8:30,5.52865e+17,Albia,Central Time (US & Canada),[],#Coachella2015,,,,,,,,[],#Coachella2015,,,,,,,
positive,yes,abagaaail_,0,: The lineup is here!   NEED TO BE THERE!!!,,1/7/15 8:22,5.52863e+17,,Atlantic Time (Canada),[],#Coachella2015,,,,,,,,[],#Coachella2015,,,,,,,
positive,yes,_maadelinee_,1,"RT : life goal: go to Coachella, buy a bunch load of clothes for Coachella, and go with my best friend to Coachella _",,1/7/15 8:22,5.52863e+17,,Eastern Time (US & Canada),[],#Coachella2,,,,,,,,[],#Coachella2,,,,,,,
positive,yes,Margie_Dilivio,0,See you crazy people there,,1/7/15 8:21,5.52863e+17,,,[],#Coachella2015,,,,,,,,[],#Coachella2015,,,,,,,
positive,yes,AlyssaPageRock,0,I'm going to pull a  and sneak into . Life Goals.,,1/7/15 8:19,5.52862e+17,Atlanta,Eastern Time (US & Canada),[],#Coachella2015,,,,,,,,[],#Coachella2015,,,,,,,
positive,yes,daviskaline,0,I'm so happy I'll be seeing you guys where I saw my first  show!  I'm coming back!!!,"[33.88401993, -117.59462711]",1/7/15 8:06,5.52859e+17,"Orange, CA",Pacific Time (US & Canada),[],#Coachella2015,#HDYNATION,,,,,,,[],#Coachella2015,#HDYNATION,,,,,,
positive,yes,ItsLind_say,0,I dub 2015 the year of RAVE-chella,,1/7/15 8:05,5.52859e+17,City of Angels ,Pacific Time (US & Canada),[],#Coachella2015,,,,,,,,[],#Coachella2015,,,,,,,
positive,yes,thatwhiteboyben,1,RT : : Who's joining us?!   are you fucking pulling my dick AC FUKCING DC,,1/7/15 8:04,5.52858e+17,,Central Time (US & Canada),[],#Coachella2015,,,,,,,,[],#Coachella2015,,,,,,,
positive,yes,ily_b,0,because not like all these ungrateful bastards id be glad to see anyone on the lineup,,1/7/15 8:01,5.52858e+17,"South Gate CA, Barcelona _",Pacific Time (US & Canada),[],#missiontobeatcoachella,#Coachella2015,,,,,,,[],#missiontobeatcoachella,#Coachella2015,,,,,,
positive,yes,IAMYaYaChild,0,"I want to go to  but have no way of getting there or buying tickets,",,1/7/15 8:01,5.52858e+17,Moon,Atlantic Time (Canada),[],#Coachella2015,#Sad,,,,,,,[],#Coachella2015,#Sad,,,,,,
positive,yes,Daisey27,0,looks pretty awesome! Now if only I can find people to go with....,,1/7/15 8:00,5.52857e+17,Los Angeles,Pacific Time (US & Canada),[],#Coachella2015,,,,,,,,[],#Coachella2015,,,,,,,
positive,yes,katherine77,2,RT : Amazing. RT : When I saw Steely Dan and AC/DC on the  lineup I was like_,,1/7/15 7:58,5.52857e+17,Atlanta,Eastern Time (US & Canada),[],#Coachella2015,,,,,,,,[],#Coachella2015,,,,,,,
positive,yes,kaitlinhillary,0,So glad i don't have to deal with the  ticket madness as I'M ALREADY GOING... Just saying.,,1/7/15 7:58,5.52857e+17,,Pacific Time (US & Canada),[],#Coachella,#cantwait,#Coachella2015,,,,,,[],#Coachella,#cantwait,#Coachella2015,,,,,
positive,yes,Soly_Boly15,1,"life goal: go to Coachella, buy a bunch load of clothes for Coachella, and go with my best friend to Coachella",,1/7/15 7:55,5.52856e+17,,,[],#Coachella2015,,,,,,,,[],#Coachella2015,,,,,,,
positive,yes,_leeGxo,0,I'd waste my WHOLE check getting to . No fuxs given.,"[0.0, 0.0]",1/7/15 7:55,5.52856e+17,Beautiful Austin TX,America/Chicago,[],#Coachella2015,,,,,,,,[],#Coachella2015,,,,,,,
positive,yes,nomadparadise,0,Hearing  is going to be at  got me like this:,,1/7/15 7:52,5.52855e+17,Connecticut ,,[],#Coachella2015,,,,,,,,[],#Coachella2015,,,,,,,
positive,yes,KatieXXFoust,0,Every frickin hotel in Indio CA is sold out and the  tickets haven't even went on sale yet! GRRRR!,,1/7/15 7:52,5.52855e+17,Wisconsin/Minnesota,Central Time (US & Canada),[],#Coachella2015,,,,,,,,[],#Coachella2015,,,,,,,
positive,yes,KirstyMcCallum_,1,RT : Tempting Dad into going to  _____ hahah I WISH,,1/7/15 7:49,5.52855e+17,"Alva, Scotland ",Edinburgh,[],#Coachella2015,,,,,,,,[],#Coachella2015,,,,,,,
positive,yes,AmyMcCallum_,1,Tempting Dad into going to  _____ hahah I WISH,,1/7/15 7:47,5.52854e+17,"Alva, Scotland",Casablanca,[],#Coachella2015,,,,,,,,[],#Coachella2015,,,,,,,
positive,yes,girlslovelife13,0,Knowing that I can't go to coachella ____,,1/7/15 7:46,5.52854e+17,,,[],#Coachella2015,#mad,,,,,,,[],#Coachella2015,#mad,,,,,,
positive,yes,Obakeng_PM,1,RT : This line up____ : I'd never go to a concert/festival again.,,1/7/15 7:40,5.52852e+17,JHB|Sandton,Athens,[],#Coachella2015,,,,,,,,[],#Coachella2015,,,,,,,
positive,yes,a_b_hurley,0,I want to see AC DC at  so bad! ___ My life would be made!,,1/7/15 7:39,5.52852e+17,,Eastern Time (US & Canada),[],#Coachella2015,,,,,,,,[],#Coachella2015,,,,,,,
positive,yes,SondaMofu,0,I'd sell someone else's newborn to go to,,1/7/15 7:37,5.52851e+17,Reverie,Hawaii,[],#Coachella2015,,,,,,,,[],#Coachella2015,,,,,,,
positive,yes,ChelseeaJaay,0,the weeknd AND drake_ reallllyyyy....,,1/7/15 7:31,5.5285e+17,rva,Quito,[],#Coachella2015,,,,,,,,[],#Coachella2015,,,,,,,
positive,yes,Vannat06,0,and Brand New will be there..  I wish.. _,,1/7/15 7:30,5.5285e+17,,,[],#Coachella2015,,,,,,,,[],#Coachella2015,,,,,,,
positive,yes,treedolls1,0,we.can't wait for,,1/7/15 7:29,5.52849e+17,,,[],#Coachella2015,#Coachella,,,,,,,[],#Coachella2015,#Coachella,,,,,,
positive,yes,carolinaduarte4,0,Take me to  so I know it's real.,,1/7/15 7:20,5.52847e+17,HTX ,,[],#Coachella2015,,,,,,,,[],#Coachella2015,,,,,,,
positive,yes,ChaseVersace,4,RT : everyone does : I wanna go to  _,,1/7/15 7:13,5.52845e+17,757,Eastern Time (US & Canada),[],#Coachella2015,,,,,,,,[],#Coachella2015,,,,,,,
positive,yes,MCWORLD14,1,"I  bleach / idk boutchuuuuu but dizzzzzZzz qttttttttt weady fo 
""Miley ir al Festival """,,1/7/15 6:55,5.52841e+17,Argentina  HACIA TODO EL MUNDO,Brasilia,[],#coachella2015,#coachella2015,,,,,,,[],#coachella2015,#coachella2015,,,,,,
positive,yes,elektrarecords,10,RT : HELL YES to all the  Locals Only bands on the  lineup.    &amp; !! _,,1/7/15 6:47,5.52839e+17,"Burbank, Calif.",Eastern Time (US & Canada),[],#Coa,,,,,,,,[],#Coa,,,,,,,
positive,yes,Figgyfig14,0,Is still trending ,"[34.02816288, -118.42004937]",1/7/15 6:44,5.52838e+17,Chicago/Arizona,,[],#Coachella2015,,,,,,,,[],#Coachella2015,,,,,,,
positive,yes,DanMacEachern,2,Amazing. RT : When I saw Steely Dan and AC/DC on the  lineup I was like_,,1/7/15 6:44,5.52838e+17,"St. John's, N.L.",Mountain Time (US & Canada),[],#Coachella2015,,,,,,,,[],#Coachella2015,,,,,,,
positive,yes,maritzxo,0,i cant wait to visit you guys too!,"[19.99817805, -102.86210963]",1/7/15 6:39,5.52837e+17,,Alaska,[],#coachella2015,,,,,,,,[],#coachella2015,,,,,,,
positive,yes,GummyBearJake,0,Bout to buy my Coachella ticket! __,,1/7/15 6:32,5.52835e+17,California UCLA,,[],#Coachella2015,,,,,,,,[],#Coachella2015,,,,,,,
positive,yes,ShopaGuru,0,All of the headliners look great this year! RT : Who are you the most excited to see at ?,,1/7/15 6:30,5.52835e+17,,Atlantic Time (Canada),[],#Coachella2015,,,,,,,,[],#Coachella2015,,,,,,,
positive,yes,Chryltn,0,GET OUT! Just checked the  lineup and it's drop dead amazing!,,1/7/15 6:30,5.52835e+17,Lost in the abysses of space ,Kuala Lumpur,[],#Coachella2015,,,,,,,,[],#Coachella2015,,,,,,,
positive,yes,swiftswank,1,RT : Killing myself bc I didn't ask for  tickets for Christmas,,1/7/15 6:26,5.52834e+17,,Central Time (US & Canada),[],#Coachella2015,,,,,,,,[],#Coachella2015,,,,,,,
positive,yes,Dinahsaur_Sam,0,Dream: go to Coachella one dayy,,1/7/15 6:24,5.52833e+17,,Atlantic Time (Canada),[],#Coachella2015,,,,,,,,[],#Coachella2015,,,,,,,
positive,yes,dream_weaver21_,0,Wtf someone take me to  solely for the the reason that  is playing this year!!!____,,1/7/15 6:22,5.52833e+17,,,[],#Coachella2015,,,,,,,,[],#Coachella2015,,,,,,,
positive,yes,MarleneTaborda,0,Looks like I will heading to the west coast in April!,,1/7/15 6:20,5.52832e+17,,Eastern Time (US & Canada),[],#Coachella2015,,,,,,,,[],#Coachella2015,,,,,,,
positive,yes,KlrstyBurnsX,0,Anyone fancy  ? _,,1/7/15 6:20,5.52832e+17,Edinburgh,,[],#Coachella2015,,,,,,,,[],#Coachella2015,,,,,,,
positive,yes,MysteryGuest92,0,It seems like most of the musicians are acting like children now that they're playing at  : Yaaay I'm playing at  !,,1/7/15 6:19,5.52832e+17,"Paris, France",Paris,[],#Coachella2015,,,,,,,,[],#Coachella2015,,,,,,,
positive,yes,anthonyrodr_,0,I want to go again this year. It was an amazing experience the first time.,,1/7/15 6:11,5.5283e+17,,,[],#coachella2015,,,,,,,,[],#coachella2015,,,,,,,
positive,yes,GioLogicParadox,1,RT : Someone please get me tickets to  ____,,1/7/15 6:03,5.52828e+17,"Chicago, Illinois",Central Time (US & Canada),[],#Coachella2015,,,,,,,,[],#Coachella2015,,,,,,,
positive,yes,Mgmt416,1,RT :    all part of  !! Who else?,,1/7/15 5:55,5.52826e+17,"Toronto , Ontario ",,[],#Coachella2015,,,,,,,,[],#Coachella2015,,,,,,,
positive,yes,monikamacali,1,"RT : The  line up isn't looking too shabby! Wouldn't mind Listening to ,  &amp;  in the C_",,1/7/15 5:49,5.52824e+17,,,[],#Coachella2015,,,,,,,,[],#Coachella2015,,,,,,,
positive,yes,_heatherlinn,0,"Everyone's complaining about the  lineup, and I'm like ...",,1/7/15 5:47,5.52824e+17,,Arizona,[],#Coachella2015,#dance,,,,,,,[],#Coachella2015,#dance,,,,,,
positive,yes,ylimeoh,0,I need to win the lottery between now and noon pst because  _______,,1/7/15 5:44,5.52823e+17,,Eastern Time (US & Canada),[],#Coachella2015,,,,,,,,[],#Coachella2015,,,,,,,
positive,yes,VictoriaMahoney,0,"Ye Persons, 's doing .   fauxnuss is yuck but we'll be catch'n Jack.",,1/7/15 5:43,5.52823e+17,LA - NY - UK,Pacific Time (US & Canada),[],#JackWhite,#Coachella2015,#Coachella,#couturehippie,,,,,[],#JackWhite,#Coachella2015,#Coachella,#couturehippie,,,,
positive,yes,alexafayee,1,Today's schedule consists of internship training followed by the extreme stress spending hours in an online waiting room for,,1/7/15 5:38,5.52821e+17,,Atlantic Time (Canada),[],#Coachella2015,,,,,,,,[],#Coachella2015,,,,,,,
positive,yes,Its_Aubvious,0,"Waiting....
___",,1/7/15 5:35,5.52821e+17,Los Angeles,Central Time (US & Canada),[],#Coachella2015,,,,,,,,[],#Coachella2015,,,,,,,
positive,yes,skathryn12,0,Eeeeeee  lineup is sweeeeeet,"[33.0217375, -96.61241082]",1/7/15 5:28,5.52819e+17,Dallas,Central Time (US & Canada),[],#Coachella2015,,,,,,,,[],#Coachella2015,,,,,,,
positive,yes,NinaOSolo,0,I so need to go to Coachella.,,1/7/15 5:23,5.52818e+17,"Houston,  Tx",,[],#coachella2015,,,,,,,,[],#coachella2015,,,,,,,
positive,yes,jenrachelam,1,line up announced &amp; I am PSYCHED -  Less than 3 months till  ____,,1/7/15 5:20,5.52817e+17,London,London,[],#Coachella2015,#FJLMCali2015,,,,,,,[],#Coachella2015,#FJLMCali2015,,,,,,
positive,yes,VisualManifest,1,Hey  me &amp;  are copping tix @ noon so retweet us!,,1/7/15 5:18,5.52817e+17,NJ NYC LA,Atlantic Time (Canada),[],#Coachella2015,,,,,,,,[],#Coachella2015,,,,,,,
positive,yes,LiyahsThoughts_,0,Wish I could go to,,1/7/15 5:18,5.52816e+17,track to the runway,Central Time (US & Canada),[],#Coachella2015,,,,,,,,[],#Coachella2015,,,,,,,
positive,yes,Keke_25411,0,The things I would do to go to this festival!! __,,1/7/15 5:17,5.52816e+17,Dublin,Dublin,[],#Coachella2015,,,,,,,,[],#Coachella2015,,,,,,,
positive,yes,ckaemmerlen,0,at  that may be worth a ticket!!!,,1/7/15 5:14,5.52815e+17,"Chapel Hill, NC",Central Time (US & Canada),[],#Coachella2015,#RockOut,,,,,,,[],#Coachella2015,#RockOut,,,,,,
positive,yes,odd_Cherise,0,Only the day one lineup for  looks good.,,1/7/15 4:44,5.52808e+17,New Jersey ,,[],#Coachella2015,,,,,,,,[],#Coachella2015,,,,,,,
positive,yes,Beauteoptic,0,Holy crap! My music game is on point this year!  is basically my playlists in a festival !,,1/7/15 4:42,5.52807e+17,The World is my Home,Central Time (US & Canada),[],#Coachella2015,,,,,,,,[],#Coachella2015,,,,,,,
positive,yes,FreeFree48,0,There's just to much greatness going on   just BOOM mind explosion overload,,1/7/15 4:40,5.52807e+17,East Coast ,Arizona,[],#Coachella2015,#GovernorsBall,,,,,,,[],#Coachella2015,#GovernorsBall,,,,,,
positive,yes,MeganAnn131,0,The  lineup is stacked! Wish I could go!,,1/7/15 4:38,5.52807e+17,,,[],#Coachella2015,,,,,,,,[],#Coachella2015,,,,,,,
positive,yes,brownjenjen,3,  837  Coachella 2015 Coachella 2015 full lineup: Big names and bigger surprises,,1/7/15 4:38,5.52806e+17,"Dallas, TX",Ljubljana,[],#Coachella2015,,,,,,,,[],#Coachella2015,,,,,,,
positive,yes,Ivana7609,0,You guys are amazing!  See you in the desert!,,1/7/15 4:36,5.52806e+17,,Arizona,[],#Coachella2015,,,,,,,,[],#Coachella2015,,,,,,,
positive,yes,SOLETRADER,0,So the Coachella line up has been released! We want tickets now! Who's favourite on the line up?,,1/7/15 4:28,5.52804e+17,London,London,[],#Coachella2015,#coachellalineup,,,,,,,[],#Coachella2015,#coachellalineup,,,,,,
positive,yes,CallumOrpin,2,I wish I was going to,,1/7/15 4:12,5.528e+17,,,[],#Coachella2015,,,,,,,,[],#Coachella2015,,,,,,,
positive,yes,YektiTriana,0,"And I, I am the happiest kid in town as seeing  on latest  line-up! Def look forward to watching the live stream _",,1/7/15 4:11,5.528e+17,Jakarta / Indonesia //,Jakarta,[],#Coachella2015,,,,,,,,[],#Coachella2015,,,,,,,
positive,yes,FreeFree48,0,I would loooooove to go to the first &amp; third day  _,,1/7/15 4:11,5.528e+17,East Coast ,Arizona,[],#Coachella2015,,,,,,,,[],#Coachella2015,,,,,,,
positive,yes,becca_payne1,1,RT : What's all this talk about  ?!  ready to go?!__________,,1/7/15 4:00,5.52797e+17,,,[],#Coachella2015,,,,,,,,[],#Coachella2015,,,,,,,
positive,yes,LaimyLover,2,RT : The  line up.. Those two headliners Jack White and ACDC!,,1/7/15 3:55,5.52796e+17,cape town,Harare,[],#Coachella2015,#Coachella,,,,,,,[],#Coachella2015,#Coachella,,,,,,
positive,yes,slimgoods_,0,I wish I could go to  !,,1/7/15 3:50,5.52795e+17,,Atlantic Time (Canada),[],#Coachella2015,,,,,,,,[],#Coachella2015,,,,,,,
positive,yes,_pookie2o14,0,Wish i can go to,,1/7/15 3:48,5.52794e+17,21 | NJ | Portuguese,Eastern Time (US & Canada),[],#Coachella2015,,,,,,,,[],#Coachella2015,,,,,,,
positive,yes,Vella_Rue,0,Need to go to coachella _,,1/7/15 3:47,5.52794e+17,London,Amsterdam,[],#Coachella2015,,,,,,,,[],#Coachella2015,,,,,,,
positive,yes,amyvlarkin,0,Someone come with me to  _,"[51.77040909, 0.07857595]",1/7/15 3:34,5.5279e+17,"London/Essex/Derby, UK",London,[],#Coachella2015,,,,,,,,[],#Coachella2015,,,,,,,
positive,yes,SoAwkward_H,0,Ohhhhh please please take me to  !!,,1/7/15 3:30,5.52789e+17,The whole world_,Athens,[],#Coachella2015,,,,,,,,[],#Coachella2015,,,,,,,
positive,yes,baddadsclub,0,'For Those About To Rock' on vinyl for Xmas '81 so looking forward to   \../ \../,,1/7/15 3:24,5.52788e+17,London,Tehran,[],#Coachella2015,#bdc,,,,,,,[],#Coachella2015,#bdc,,,,,,
positive,yes,_mossheart,1,RT : I'd love to be American just to go to the Coachella music festival.,,1/7/15 3:22,5.52787e+17,Downton,Paris,[],#Coachella2015,#Coachella,,,,,,,[],#Coachella2015,#Coachella,,,,,,
positive,yes,Intoxifaded_,0,When you want to go to  but you live on the east coast. ___,,1/7/15 3:11,5.52785e+17,,Arizona,[],#Coachella2015,,,,,,,,[],#Coachella2015,,,,,,,
positive,yes,philphilphilyes,0,Where to travel next?,,1/7/15 3:03,5.52783e+17,PA,Quito,[],#EDCPuertoRico,#Coachella2015,#Ultra2015,,,,,,[],#EDCPuertoRico,#Coachella2015,#Ultra2015,,,,,
positive,yes,__tshepo__,3,RT : I WISH I WAS AT  :(,,1/7/15 3:02,5.52782e+17,"south africa, jo'burg _",Pretoria,[],#Coachella2015,,,,,,,,[],#Coachella2015,,,,,,,
positive,yes,goodbye_mike,0,Would love to go,,1/7/15 2:57,5.52781e+17,,Hawaii,[],#Coachella2015,,,,,,,,[],#Coachella2015,,,,,,,
positive,yes,FieldsofCream,0,Well deserved ________,,1/7/15 2:51,5.5278e+17,Southern California  PISCES ,Pacific Time (US & Canada),[],#Haerts,#Coachella,#Coachella2015,,,,,,[],#Haerts,#Coachella,#Coachella2015,,,,,
positive,yes,V103Atlanta,0,"The  lineup is here! It's got AC/DC,  and Steely Dan! (Yes, you read that right, )",,1/7/15 2:50,5.52779e+17,"Atlanta, GA",Eastern Time (US & Canada),[],#Coachella2015,,,,,,,,[],#Coachella2015,,,,,,,
positive,yes,KaliAnnLive,0,"If I wasn't so poor and cheap,  and I could hit up  and see Drake, The Weeknd for like $500.",,1/7/15 2:45,5.52778e+17,"Turlock, California",Pacific Time (US & Canada),[],#Coachella2015,,,,,,,,[],#Coachella2015,,,,,,,
positive,yes,maria_pilbeam,0,At times like this I wish I was American.,,1/7/15 2:37,5.52776e+17,england,London,[],#Coachella2015,,,,,,,,[],#Coachella2015,,,,,,,
positive,yes,Tannie88_,0,IM SO PROUD OF YOU ___,"[-26.40602254, 153.06999231]",1/7/15 2:36,5.52776e+17,"Queensland,Australia",Brisbane,[],#Coachella2015,,,,,,,,[],#Coachella2015,,,,,,,
positive,yes,Oujiz,0,Time to break the bank.,,1/7/15 2:30,5.52774e+17,Nowhere,Greenland,[],#Coachella2015,,,,,,,,[],#Coachella2015,,,,,,,
positive,yes,SHpLiPhY,0,"This is my wish every damn year bruh. RT "": I WISH I WAS AT  :(""","[-26.0312831, 28.0523108]",1/7/15 2:29,5.52774e+17,Shtur eli sharr ,,[],#Coachella2015,,,,,,,,[],#Coachella2015,,,,,,,
positive,yes,liamla_online,0,"I fee like this is the year, and it's my birthday week!",,1/7/15 2:29,5.52774e+17,Cape Town,Greenland,[],#Coachella2015,,,,,,,,[],#Coachella2015,,,,,,,
positive,yes,cristinaeromero,0,I get paid today I guess it's a sign to buy my  ticket _,,1/7/15 2:21,5.52772e+17,,,[],#Coachella2015,,,,,,,,[],#Coachella2015,,,,,,,
positive,yes,brownjenjen,2,  158 Coachella 2015 full lineup: Big names and bigger surprises  At this years_,,1/7/15 2:20,5.52772e+17,"Dallas, TX",Ljubljana,[],#Coachella2015,,,,,,,,[],#Coachella2015,,,,,,,
positive,yes,mmarcy24,0,is going to be at  I must go! ___,,1/7/15 2:19,5.52772e+17,,,[],#Coachella2015,,,,,,,,[],#Coachella2015,,,,,,,
positive,yes,FEMIZON,0,=WE ARE GOING TO !!!!,,1/7/15 2:18,5.52771e+17,sthlm,,[],#Coachella2015,,,,,,,,[],#Coachella2015,,,,,,,
positive,yes,__Grav,3,I WISH I WAS AT  :(,,1/7/15 2:15,5.52771e+17,South African Masonic Lodge,Greenland,[],#Coachella2015,,,,,,,,[],#Coachella2015,,,,,,,
positive,yes,imnickyip,0,I wanna go to third day of,,1/7/15 2:13,5.5277e+17,,Central Time (US & Canada),[],#Coachella2015,,,,,,,,[],#Coachella2015,,,,,,,
positive,yes,Shaw_nasty27,0,"So, who wants to go to Cali in April and turn tf up? __",,1/7/15 2:12,5.5277e+17,Neverland,,[],#Coachella2015,#HipsterLyfe,,,,,,,[],#Coachella2015,#HipsterLyfe,,,,,,
positive,yes,deepisthename,0,'s artist lined up are so fucking sweet! I wanna go! __,"[-34.92199032, 138.59770924]",1/7/15 2:12,5.5277e+17,"Kuala Lumpur,Malaysia.",Adelaide,[],#Coachella2015,,,,,,,,[],#Coachella2015,,,,,,,
positive,yes,TheCharleyJ,0,I wanna go to  the line up is sick!! Just need to rob a bank now then! Fml _,,1/7/15 2:11,5.52769e+17,leeds ,Amsterdam,[],#Coachella2015,,,,,,,,[],#Coachella2015,,,,,,,
positive,yes,madison_gardens,0,Anyone lucky enough to be going to this?,,1/7/15 2:05,5.52768e+17,"Nottingham, UK",,[],#Coachella2015,#jealous,,,,,,,[],#Coachella2015,#jealous,,,,,,
positive,yes,Dudz_Luthuli,0,Those are the ones I'd go for.,,1/7/15 1:57,5.52766e+17,Cape Town,Pretoria,[],#previoustweet,#Coachella2015,,,,,,,[],#previoustweet,#Coachella2015,,,,,,
positive,yes,ry_gshaw,0,Would love to go  on my birthday month too!,,1/7/15 1:54,5.52765e+17,snapchat/insta: Ry_gshaw ,,[],#Coachella2015,,,,,,,,[],#Coachella2015,,,,,,,
positive,yes,thatjuanguy66,0,Looking at the lineup for  and I see some DJ's I've been wanting to see for a while now __,,1/7/15 1:52,5.52765e+17,,,[],#Coachella2015,#djsnake,,,,,,,[],#Coachella2015,#djsnake,,,,,,
positive,yes,evergig,1,We could go to  just to listen to,,1/7/15 1:50,5.52764e+17,Paris,Eastern Time (US & Canada),[],#Coachella2015,#JackWhite,,,,,,,[],#Coachella2015,#JackWhite,,,,,,
positive,yes,Justinsshun,0,HAHA i love Sheldon__,,1/7/15 1:49,5.52764e+17,,Stockholm,[],#mycalvins,#Coachella2015,,,,,,,[],#mycalvins,#Coachella2015,,,,,,
positive,yes,UnChatHipster,0,"Electronic music is well-represented ,   &amp; more  via",,1/7/15 1:49,5.52764e+17,Paris,,[],#Coachella2015,,,,,,,,[],#Coachella2015,,,,,,,
positive,yes,KassAttakk,1,belongs at,"[30.62915, -96.33745652]",1/7/15 1:48,5.52764e+17,Neverland,Central Time (US & Canada),[],#Coachella2015,,,,,,,,[],#Coachella2015,,,,,,,
positive,yes,CarmenOrtega1,0,Coachella dates are out.... And I know who Iam going to see the homie  killen the game __,,1/7/15 1:46,5.52763e+17,LA/MIA/NYC,Eastern Time (US & Canada),[],#Coachella2015,,,,,,,,[],#Coachella2015,,,,,,,
positive,yes,kjbohan,0,Holy shit! AC/DC at !,,1/7/15 1:41,5.52762e+17,Oxford / Leitrim,London,[],#Coachella2015,,,,,,,,[],#Coachella2015,,,,,,,
positive,yes,_maliamonroe,24,"RT : "": fun month of april. xo""

...bruh",,1/7/15 1:40,5.52762e+17,,,[],#Coachella2015,,,,,,,,[],#Coachella2015,,,,,,,
positive,yes,_juanmagarcia,0,Happiness -&gt;  WOW!,,1/7/15 1:39,5.52761e+17,Madrid / Sevilla,Madrid,[],#Coachella2015,,,,,,,,[],#Coachella2015,,,,,,,
positive,yes,Realfootgirl,0,Wanna go on the third day !,,1/7/15 1:39,5.52761e+17,London / Ashford / UK,Paris,[],#Coachella2015,#nicelineup,,,,,,,[],#Coachella2015,#nicelineup,,,,,,
positive,yes,HaseenaRummun,0,I want to be at the,,1/7/15 1:37,5.52761e+17,Heaven ,Abu Dhabi,[],#Coachella2015,,,,,,,,[],#Coachella2015,,,,,,,
positive,yes,LRodriguez720,0,gonna go at it at,,1/7/15 1:35,5.5276e+17,"New York, New Jersey, East Cst",,[],#Coachella2015,,,,,,,,[],#Coachella2015,,,,,,,
positive,yes,connorfinch3,0,Any fancy a trip to the states,"[51.89938372, 0.88332494]",1/7/15 1:35,5.5276e+17,// Clacton // Colchester ,,[],#Coachella2015,,,,,,,,[],#Coachella2015,,,,,,,
positive,yes,madelstill,0,"well, I'll kill for this one.",,1/7/15 1:33,5.5276e+17,philippines,Seoul,[],#Coachella2015,,,,,,,,[],#Coachella2015,,,,,,,
positive,yes,LexXo651,0,I want to go to,,1/7/15 1:32,5.5276e+17,,,[],#Coachella2015,,,,,,,,[],#Coachella2015,,,,,,,
positive,yes,elleulliel,2,RT : It's not that the 6 bands you know are worth the $375 it's that you'll have an excuse to do drugs for three days. _,,1/7/15 1:20,5.52757e+17,DEATH STAR,Pacific Time (US & Canada),[],#coachell,,,,,,,,[],#coachell,,,,,,,
positive,yes,jpichardo18,0,AC/DC to headline,,1/7/15 1:18,5.52756e+17,kansas ,Mountain Time (US & Canada),[],#Coachella2015,#fuckiwannago,,,,,,,[],#Coachella2015,#fuckiwannago,,,,,,
positive,yes,Abilasa,0,: playing at  this year!  . Damn my coachella envy is gonna start early this year :( !!!,,1/7/15 1:13,5.52755e+17,London/Leeds,Amsterdam,[],#coachella2015,#someonetakeme,,,,,,,[],#coachella2015,#someonetakeme,,,,,,
positive,yes,angelaalooo,0,once again another year Coachella isn't in my agenda __,,1/7/15 1:08,5.52754e+17,___ ro___c__a' acade__y,Beijing,[],#Coachella2015,,,,,,,,[],#Coachella2015,,,,,,,
positive,yes,Phree_based,0,"Interpol, ghostface, action Bronson, the weeknd, fka twigs, drake, lil b, touch amore, bad religion  worth 3 grand.",,1/7/15 1:07,5.52753e+17,210,,[],#Coachella2015,,,,,,,,[],#Coachella2015,,,,,,,
positive,yes,Rachishere,0,Love the  line up _,,1/7/15 1:06,5.52753e+17,Tel Aviv,Jerusalem,[],#coachellalineup,#Coachella2015,#Coachella,,,,,,[],#coachellalineup,#Coachella2015,#Coachella,,,,,
positive,yes,Deesmela,2,RT : They released the    ____ omg I wanna go now !!!,,1/7/15 1:01,5.52752e+17,,,[],#Coachella2015,#coachellalineup,,,,,,,[],#Coachella2015,#coachellalineup,,,,,,
positive,yes,Smi_ths,0,Steely dan is gonna be at  sounds rad,,1/7/15 0:58,5.52751e+17,,,[],#Coachella2015,,,,,,,,[],#Coachella2015,,,,,,,
positive,yes,Swayyne,0,""": Take me to  wid "" Yeessss ",,1/7/15 0:54,5.5275e+17,UAE - Sudan ,Abu Dhabi,[],#Coachella2015,,,,,,,,[],#Coachella2015,,,,,,,
positive,yes,GennaHernan,0,It's going to be another year since I was at Coachella. Hate that I'm missing out again,,1/7/15 0:51,5.52749e+17,Australia,Perth,[],#Coachella2015,,,,,,,,[],#Coachella2015,,,,,,,
positive,yes,SkyDrizzle,0,dream coachella ,,1/7/15 0:46,5.52748e+17,,,[],#Coachella,#Coachella2015,,,,,,,[],#Coachella,#Coachella2015,,,,,,
positive,yes,Sawowk,0,Ticket to  sorted..Anyone got any 'trendy' leggings? I hear they are the rage..,,1/7/15 0:46,5.52748e+17,Drinking tea in a coffee shop,London,[],#Coachella2015,,,,,,,,[],#Coachella2015,,,,,,,
positive,yes,CharlieJReader,0,The  lineup is UNREAAALLLL,,1/7/15 0:37,5.52746e+17,,Saskatchewan,[],#Coachella2015,,,,,,,,[],#Coachella2015,,,,,,,
positive,yes,rjmoeller,0,is playing . I may have to finally go. See how the other half lives.,,1/7/15 0:34,5.52745e+17,Los Angeles,Central Time (US & Canada),[],#JackWhite,#Coachella2015,,,,,,,[],#JackWhite,#Coachella2015,,,,,,
positive,yes,djrupheo,0,line up has been released. Holy Hell. It's rediculous how they can fit so many acts in. Awesome work,,1/7/15 0:32,5.52745e+17,"Cairns, Australia",Hawaii,[],#Coachella2015,,,,,,,,[],#Coachella2015,,,,,,,
positive,yes,jonathanharman,0,Great line up   Did you run out of w's for the poster? _,,1/7/15 0:28,5.52744e+17,London,,[],#wilco,#Coachella2015,,,,,,,[],#wilco,#Coachella2015,,,,,,
positive,yes,IAMATRK,2,They released the    ____ omg I wanna go now !!!,,1/7/15 0:25,5.52743e+17,Southern California.USA,Pacific Time (US & Canada),[],#Coachella2015,#coachellalineup,,,,,,,[],#Coachella2015,#coachellalineup,,,,,,
positive,yes,CorcoranLeah,5,"RT : The line-up for  is pretty stellar, with AC/DC,  and  headlining  ",,1/7/15 0:19,5.52741e+17,manchester,,[],#Coachella2015,#JackWhite,#Drake,,,,,,[],#Coachella2015,#JackWhite,#Drake,,,,,
positive,yes,lovleybitch1,0,: What an honor to play . Can't wait!   who's going????,,1/7/15 0:13,5.5274e+17,,Central Time (US & Canada),[],#Coachella2015,,,,,,,,[],#Coachella2015,,,,,,,
positive,yes,jesi_steam,8,"RT : Funny &amp; sexy music video:
  

       _",,1/7/15 0:11,5.52739e+17,,Jakarta,[],#rap,#Hiphop,#hilarious,#music,#oldschool,#crypto,#Coachella,#Coachell,[],#rap,#Hiphop,#hilarious,#music,#oldschool,#crypto,#Coachella,#Coachell
positive,yes,BecauseImAndrew,1,I wish  was at  :( come to Southern Cali!!,,1/7/15 0:03,5.52737e+17,909/So. Cal,,[],#Coachella2015,,,,,,,,[],#Coachella2015,,,,,,,
positive,yes,jenniferann1983,0,Want to go to  sooooo badly _,,1/7/15 0:03,5.52737e+17,SW14,Hawaii,[],#coachella2015,,,,,,,,[],#coachella2015,,,,,,,
positive,yes,LesDeuxx,0,We're excited to see some of our fellow Norwegians  in April. See you there  &amp;,,1/7/15 0:00,5.52736e+17,All over the world,,[],#Coachella2015,,,,,,,,[],#Coachella2015,,,,,,,
positive,yes,SwickMusic,1,RT : Literally me right now since people are talking at it. Still wanna go tho. ____ _,,1/7/15 0:00,5.52736e+17,,Arizona,[],#coachella2015,,,,,,,,[],#coachella2015,,,,,,,
positive,yes,St_Jarebear,0,"headlining 
this guys come such a long way it's amazing.",,1/6/15 23:59,5.52736e+17,"Edmonton,AB",,[],#Coachella2015,#WeUp,#OVOSound,,,,,,[],#Coachella2015,#WeUp,#OVOSound,,,,,
positive,yes,Draterishard95,0,Oh shit. We're definitely going,,1/6/15 23:58,5.52736e+17,"Bi-Polar , California",Pacific Time (US & Canada),[],#Coachella2015,,,,,,,,[],#Coachella2015,,,,,,,
positive,yes,Mranthonyali,1,Literally me right now since people are talking at it. Still wanna go tho. ____ _,,1/6/15 23:58,5.52736e+17,,,[],#coachella2015,,,,,,,,[],#coachella2015,,,,,,,
positive,yes,MiYayo_Bitxh,1,RT : Just confirmed im goin for  BDAY_ RT : _ I'm going to keep talking about   idc idc _,,1/6/15 23:57,5.52736e+17,,Quito,[],#Coachella2015,,,,,,,,[],#Coachella2015,,,,,,,
positive,yes,audrinewsome,0,....drake...... _,,1/6/15 23:56,5.52735e+17,USA ,,[],#Coachella2015,,,,,,,,[],#Coachella2015,,,,,,,
positive,yes,sashaperlraver,1,"RT : Coachella's headliners may not be great but some of the ""small font"" acts could be worth it.",,1/6/15 23:55,5.52735e+17,,,[],#Coachella2015,,,,,,,,[],#Coachella2015,,,,,,,
positive,yes,sizzlingdealz,0,Timeline Photos: I _ bleach / idk boutchuuuuu but dizzzzzZzz qttttttttt weady fo .,,1/6/15 23:54,5.52735e+17,,London,[],#coachella2015,,,,,,,,[],#coachella2015,,,,,,,
positive,yes,AlanchichenAlan,0,You are probably happy abouot,,1/6/15 23:51,5.52734e+17,,,[],#Coachella2015,,,,,,,,[],#Coachella2015,,,,,,,
positive,yes,jonesy_joshua,0,this is mad! Congrats you deserve it!  __________________,,1/6/15 23:51,5.52734e+17,Brisbane QLD,Darwin,[],#Coachella2015,,,,,,,,[],#Coachella2015,,,,,,,
positive,yes,cee_elloo,1,RT : I reaaaally wanna go to,,1/6/15 23:50,5.52734e+17,,Pacific Time (US & Canada),[],#Coachella2015,,,,,,,,[],#Coachella2015,,,,,,,
positive,yes,morganneshae,1,got everybody like,"[37.7544301, -122.24714748]",1/6/15 23:50,5.52734e+17,"A / Springville, CA",Arizona,[],#Coachella2015,,,,,,,,[],#Coachella2015,,,,,,,
positive,yes,efetoros,7,RT : See you there,,1/6/15 23:47,5.52733e+17,,,[],#Coachella2015,#lineup,#DJNEON,,,,,,[],#Coachella2015,#lineup,#DJNEON,,,,,
positive,yes,xnvyelyx,1,I reaaaally wanna go to,,1/6/15 23:45,5.52733e+17,,Mountain Time (US & Canada),[],#Coachella2015,,,,,,,,[],#Coachella2015,,,,,,,
positive,yes,narraxt,0,Man fuck it. I'm still going to  idgaf.,,1/6/15 23:45,5.52733e+17,I C T ,Central Time (US & Canada),[],#Coachella2015,,,,,,,,[],#Coachella2015,,,,,,,
positive,yes,KnowYourSong,1,RT :  favorites,,1/6/15 23:45,5.52733e+17,,Central Time (US & Canada),[],#Coachella2015,,,,,,,,[],#Coachella2015,,,,,,,
positive,yes,CintaRamlan,0,_ RT : We're playing at  this year!!!!!! Could not be more excited.  .,,1/6/15 23:41,5.52732e+17,DISKO,Bangkok,[],#coachella2015,,,,,,,,[],#coachella2015,,,,,,,
positive,yes,anntashya,0,hoping to see  on,,1/6/15 23:40,5.52731e+17,929,,[],#coachella2015,,,,,,,,[],#coachella2015,,,,,,,
positive,yes,anntashya,0,: We're playing at  this year!!!!!! Could not be more excited.  . GOOD LUCK GUYS!,,1/6/15 23:39,5.52731e+17,929,,[],#coachella2015,,,,,,,,[],#coachella2015,,,,,,,
positive,yes,Xanio_,0,Time to start planning outfits,,1/6/15 23:39,5.52731e+17,,Arizona,[],#Coachella2015,,,,,,,,[],#Coachella2015,,,,,,,
positive,yes,cleanbandit,54,We're playing at  this year!!!!!! Could not be more excited.  .,,1/6/15 23:37,5.52731e+17,London,London,[],#coachella2015,,,,,,,,[],#coachella2015,,,,,,,
positive,yes,Ayee_Ari,0,"The line up is out... Which mean, time to get my body  ready!",,1/6/15 23:36,5.5273e+17,Class of 2015,,[],#Coachella2015,,,,,,,,[],#Coachella2015,,,,,,,
positive,yes,ThabisoH_Hika,0,The lineup for  is totally awesome!,,1/6/15 23:33,5.5273e+17,"Johannesburg, South Africa",Greenland,[],#Coachella2015,,,,,,,,[],#Coachella2015,,,,,,,
positive,yes,protalentme,3,"Coachella has dropped its official 2015 lineup
See you all there",,1/6/15 23:31,5.52729e+17,GLOBAL,Hawaii,[],#Coachella2015,,,,,,,,[],#Coachella2015,,,,,,,
positive,yes,Dianna_Slzr,0,pray for me to go to  ______________,,1/6/15 23:23,5.52727e+17,,Mountain Time (US & Canada),[],#Coachella2015,,,,,,,,[],#Coachella2015,,,,,,,
positive,yes,AnayaShan,0,Umm can I go to cXOachella with you!?!? Please Abel __xo__,,1/6/15 23:22,5.52727e+17,Kissland,,[],#Coachella2015,,,,,,,,[],#Coachella2015,,,,,,,
positive,yes,stephendysart,1,favorites,"[34.09949897, -118.34942814]",1/6/15 23:22,5.52727e+17,"Los Angeles, CA",Central Time (US & Canada),[],#Coachella2015,,,,,,,,[],#Coachella2015,,,,,,,
positive,yes,drewtewksbury,1,"Coachella's headliners may not be great but some of the ""small font"" acts could be worth it.",,1/6/15 23:21,5.52727e+17,Los Angeles,Pacific Time (US & Canada),[],#Coachella2015,,,,,,,,[],#Coachella2015,,,,,,,
positive,yes,CompaJess,0,in  !  at  cant miss em,,1/6/15 23:21,5.52727e+17,,Pacific Time (US & Canada),[],#Nocturnal,#OC,#Drake,#Coachella2015,,,,,[],#Nocturnal,#OC,#Drake,#Coachella2015,,,,
positive,yes,WhoIsAlexis,0,": "": The lineup is here!",,1/6/15 23:20,5.52726e+17,solivagant,Central Time (US & Canada),[],#Coachella2015,,,,,,,,[],#Coachella2015,,,,,,,
positive,yes,JoyfulCorazon,0,Drake is gonna be there.... Therefore I must be there .....,,1/6/15 23:16,5.52725e+17,,Central Time (US & Canada),[],#Coachella2015,,,,,,,,[],#Coachella2015,,,,,,,
positive,yes,RamirezLayson,0,If  Is All About Ravers im Going__,,1/6/15 23:15,5.52725e+17,"Coachella Valley, California",,[],#Coachella2015,,,,,,,,[],#Coachella2015,,,,,,,
positive,yes,ENFANT_NOIRNO5,0,I SOOOOOOOOOO WANT TO SEE  AT,,1/6/15 23:13,5.52725e+17,"HOUSTON,TEXAS",Eastern Time (US & Canada),[],#Coachella2015,,,,,,,,[],#Coachella2015,,,,,,,
positive,yes,itsallieeee_,0,: I wanna go to  BUT its like $500 ____ lets fundraise _,,1/6/15 23:11,5.52724e+17,pnw,Pacific Time (US & Canada),[],#Coachella2015,,,,,,,,[],#Coachella2015,,,,,,,
positive,yes,kayy_grant,0,. is going to perform at  this year __,,1/6/15 23:09,5.52724e+17,Canada eh!,Pacific Time (US & Canada),[],#Coachella2015,,,,,,,,[],#Coachella2015,,,,,,,
positive,yes,kennaluhsyou,1,RT : Can officially start the countdown to the best weekend of the year___,,1/6/15 23:07,5.52723e+17,,,[],#Coachella2015,,,,,,,,[],#Coachella2015,,,,,,,
positive,yes,spacelyactive,0,I want to go to  in California _,,1/6/15 23:06,5.52723e+17,,,[],#Coachella2015,,,,,,,,[],#Coachella2015,,,,,,,
positive,yes,ElectricOso,1,"RT : I thought maybe this was the year for ""Porn on the Cob."" Damn.",,1/6/15 23:05,5.52723e+17,,Arizona,[],#Coachella,#Coachella2015,,,,,,,[],#Coachella,#Coachella2015,,,,,,
positive,yes,RebeccaHansonnn,0,Going to make  Happen,,1/6/15 23:03,5.52722e+17,,,[],#Coachella2015,,,,,,,,[],#Coachella2015,,,,,,,
positive,yes,boriremix787,0,or bust tomorrow is the moment for me,,1/6/15 22:58,5.52721e+17,,,[],#Coachella2015,,,,,,,,[],#Coachella2015,,,,,,,
positive,yes,alex_marie_mrtz,0,Out of all three days of  I would go on Sunday mainly because of Brand New and Circa but also Friday just for Lykke Li,"[34.109598, -117.894709]",1/6/15 22:56,5.5272e+17,Cali,Pacific Time (US & Canada),[],#Coachella2015,,,,,,,,[],#Coachella2015,,,,,,,
positive,yes,giovannam777,0,these are my feelings right now wrapped up into one.,,1/6/15 22:54,5.5272e+17,,Pacific Time (US & Canada),[],#Coachella2015,,,,,,,,[],#Coachella2015,,,,,,,
positive,yes,drewcookk,0,Coachella tickets have been on sale for two hours and general admission is already sold out..,,1/6/15 22:54,5.5272e+17,Georgia,,[],#Coachella2015,#wow,,,,,,,[],#Coachella2015,#wow,,,,,,
positive,yes,pizanovm,0,This ain't uh joke  im ready for  ___,,1/6/15 22:53,5.5272e+17,,,[],#Coachella2015,,,,,,,,[],#Coachella2015,,,,,,,
positive,yes,koasthemost,0,So need to go to,"[-38.0109555, 177.2766445]",1/6/15 22:51,5.52719e+17,"Papakura, Auckland",,[],#Coachella2015,,,,,,,,[],#Coachella2015,,,,,,,
positive,yes,OhItsErnesto,0,Only wanna see  at  only performance I really really care about ___,,1/6/15 22:50,5.52719e+17,                     Coachella,,[],#Coachella2015,,,,,,,,[],#Coachella2015,,,,,,,
positive,yes,Dee_louve,0,Someone buy me a  ticket plz &amp;thanks,,1/6/15 22:49,5.52719e+17,,,[],#Coachella2015,,,,,,,,[],#Coachella2015,,,,,,,
positive,yes,mrslorea,0,I'm saying no to     I can only imagine the special guests that would come! eeeekkkkk!,,1/6/15 22:43,5.52717e+17,"Vancouver, Canada",Pacific Time (US & Canada),[],#Coachella2015,#fomo,#notothefomo,#mustgettickets,,,,,[],#Coachella2015,#fomo,#notothefomo,#mustgettickets,,,,
positive,yes,MEOWllory_O,0,Just read the 2015 lineup. OK Coachella you win. Someone fetch me a flower crown whilst I iron my crop tops.,,1/6/15 22:43,5.52717e+17,,Eastern Time (US & Canada),[],#Coachella2015,,,,,,,,[],#Coachella2015,,,,,,,
positive,yes,NuqmanMuqarrin,0,Coachella line up is just woww. I'm crying _,,1/6/15 22:43,5.52717e+17,"No 4, Privet Drive. (KUL, MAS)",Kuala Lumpur,[],#Coachella2015,,,,,,,,[],#Coachella2015,,,,,,,
positive,yes,AneysiaW,0,I have to go to  if my baby drake is performing!!,,1/6/15 22:42,5.52717e+17,,,[],#Coachella2015,,,,,,,,[],#Coachella2015,,,,,,,
positive,yes,TyeDyeXO,0,"It would be so beautiful! Me, awesome music, various people of hippie life &amp; drugs. Someone be my partner in crime!!",,1/6/15 22:41,5.52717e+17,#Chicago,Central Time (US & Canada),[],#Coachella2015,,,,,,,,[],#Coachella2015,,,,,,,
positive,yes,girlythingsxz,0,Miley's getting ready for  Bleach Blonde it is             ___,,1/6/15 22:41,5.52717e+17,,,[],#Coachella2015,,,,,,,,[],#Coachella2015,,,,,,,
positive,yes,EveyFitzpatrick,0,Shit just got real for   is playing and  I might die! Who's coming with me???  ___,,1/6/15 22:38,5.52716e+17,"Toronto, Canada",,[],#Coachella2015,#love,,,,,,,[],#Coachella2015,#love,,,,,,
positive,yes,narraxt,0,In 2013 I said  is gonna happen and I meant it. I saved up for it and everything. It's happening.,,1/6/15 22:36,5.52715e+17,I C T ,Central Time (US & Canada),[],#Coachella2015,,,,,,,,[],#Coachella2015,,,,,,,
positive,yes,AJonas22,0,WANNA GO TO COACHELLA SOOO BAD ! ! ! FLORENCE &amp; THE MACHINE and MARINA &amp; THE DIAMONDS _______,,1/6/15 22:35,5.52715e+17,Las Vegas,Quito,[],#coachella2015,,,,,,,,[],#coachella2015,,,,,,,
positive,yes,mario_0125,0,What one to go to??_  or,,1/6/15 22:35,5.52715e+17,California ,Pacific Time (US & Canada),[],#Coachella2015,#stagecoach2015,,,,,,,[],#Coachella2015,#stagecoach2015,,,,,,
positive,yes,_Kendall_Rose,0,Now that ACDC is headlining at  my mother now thinks she's going.,,1/6/15 22:33,5.52715e+17,San Clemente_Chico,Pacific Time (US & Canada),[],#Coachella2015,#reynoldsfamtakescoachella2015,,,,,,,[],#Coachella2015,#reynoldsfamtakescoachella2015,,,,,,
positive,yes,narraxt,0,Who really going to  though? Cus I'm forreal bout it. Boutta buy my tickets tomorrow.,,1/6/15 22:31,5.52714e+17,I C T ,Central Time (US & Canada),[],#Coachella2015,,,,,,,,[],#Coachella2015,,,,,,,
positive,yes,kkoke96,0,I WANNA GO TO  !!!! ___,,1/6/15 22:31,5.52714e+17,Dominican Republic,Central America,[],#Coachella2015,,,,,,,,[],#Coachella2015,,,,,,,
positive,yes,_LolaHendrixx,1,Just confirmed im goin for  BDAY_ RT : _ I'm going to keep talking about   idc idc idc ...,,1/6/15 22:30,5.52714e+17,Upon the Throne. Cooling it.,Central Time (US & Canada),[],#Coachella2015,,,,,,,,[],#Coachella2015,,,,,,,
positive,yes,Christine904,0,can't wait,,1/6/15 22:27,5.52713e+17,,Rome,[],#Coachella2015,,,,,,,,[],#Coachella2015,,,,,,,
positive,yes,GotThatFaceDoh,0,Okay. If I don't go back to school this semester ....  is the move! ____,,1/6/15 22:25,5.52712e+17,Pinky & Thumb  #JETS,Central Time (US & Canada),[],#Coachella2015,,,,,,,,[],#Coachella2015,,,,,,,
positive,yes,josiahWross,0,I know and love about 40% of the coachella line up...my next tweets until april 10th will be about,,1/6/15 22:22,5.52712e+17,"Stillwater, OK",Eastern Time (US & Canada),[],#Coachella2015,,,,,,,,[],#Coachella2015,,,,,,,
positive,yes,ARoss_SB,0,Can't wait to be at,,1/6/15 22:19,5.52711e+17,California,Atlantic Time (Canada),[],#Coachella2015,,,,,,,,[],#Coachella2015,,,,,,,
positive,yes,MissAnnaBolton,0,"Looking at the  lineup with longing. Ripper    USA, here I come??",,1/6/15 22:19,5.52711e+17,"Sydney, Australia",Hawaii,[],#Coachella2015,,,,,,,,[],#Coachella2015,,,,,,,
positive,yes,Littl3stP3nguin,0,"I NEED  to do another edition of ""Lie Witness News"" at .  _",,1/6/15 22:19,5.52711e+17,"Hollidaysburg, PA",Eastern Time (US & Canada),[],#Coachella2015,,,,,,,,[],#Coachella2015,,,,,,,
positive,yes,BWazir1,0,"Amazing  lineup announced. ,  &amp; .",,1/6/15 22:19,5.52711e+17,Glasgow/ London/ Doha,Kuwait,[],#Coachella2015,#JackWhite,#ACDC,#Drake,#music,#Festivals,,,[],#Coachella2015,#JackWhite,#ACDC,#Drake,#music,#Festivals,,
positive,yes,nickapleez,0,The  lineup is probably the most diverse I've ever witnessed. Something for everyone,,1/6/15 22:18,5.52711e+17,"Jackson, MS",Central Time (US & Canada),[],#Coachella2015,,,,,,,,[],#Coachella2015,,,,,,,
positive,yes,_Queenki_,0,_ I'm going to keep talking about   idc idc idc ...,,1/6/15 22:17,5.52711e+17,,Eastern Time (US & Canada),[],#Coachella2015,,,,,,,,[],#Coachella2015,,,,,,,
positive,yes,nora_alexandria,0,"Yep, hearts stollen_",,1/6/15 22:17,5.52711e+17,,,[],#Coachella2015,,,,,,,,[],#Coachella2015,,,,,,,
positive,yes,jesskaashley,0,Is it april yet?! _,"[34.1175312, -118.24318953]",1/6/15 22:15,5.5271e+17,LA,Pacific Time (US & Canada),[],#Coachella2015,,,,,,,,[],#Coachella2015,,,,,,,
positive,yes,YusefAdams,0,Must get my hands on  tickets!!,,1/6/15 22:13,5.5271e+17,Los Angeles,Pacific Time (US & Canada),[],#Coachella2015,,,,,,,,[],#Coachella2015,,,,,,,
positive,yes,dreeeesmiles,0,This is why I love,,1/6/15 22:12,5.52709e+17,,Pacific Time (US & Canada),[],#spotify,#Coachella2015,#weekend1,,,,,,[],#spotify,#Coachella2015,#weekend1,,,,,
positive,yes,LQuintero_,0,&amp;  are Gonna Be At  I'm So There!!!,,1/6/15 22:10,5.52709e+17,West Sacramento,Pacific Time (US & Canada),[],#Coachella2015,,,,,,,,[],#Coachella2015,,,,,,,
positive,yes,earummel,0,Looking at summer 2015 music festivals instead of sleeping,,1/6/15 22:08,5.52708e+17,,Central Time (US & Canada),[],#worthit,#Coachella2015,,,,,,,[],#worthit,#Coachella2015,,,,,,
positive,yes,itsgeorgem,0,Bought  tickets yoo,,1/6/15 22:07,5.52708e+17,"Los Angeles, California",Pacific Time (US & Canada),[],#Coachella2015,,,,,,,,[],#Coachella2015,,,,,,,
positive,yes,ennnoir,0,But I want to go to  this yr.......__,,1/6/15 22:06,5.52708e+17,LA,Quito,[],#Coachella2015,,,,,,,,[],#Coachella2015,,,,,,,
positive,yes,HowToRapDrew,0,looking solid; might be back round these parts to check it out,,1/6/15 22:04,5.52707e+17,"Los Angeles, CA",,[],#Coachella2015,,,,,,,,[],#Coachella2015,,,,,,,
positive,yes,starRio_03,0,How I wish  will be playing at Coachella and hiw I wish I could go !!,,1/6/15 22:02,5.52707e+17,,,[],#Coachella2015,#Coachella,,,,,,,[],#Coachella2015,#Coachella,,,,,,
positive,yes,MileySourceNet,35,Miley is getting ready for  Blonde queen ____,,1/6/15 22:01,5.52707e+17,Worldwide,Caracas,[],#Coachella2015,,,,,,,,[],#Coachella2015,,,,,,,
positive,yes,iCookWithaspoon,0,"If someone would like to give me $500 before 12pm later today, it would be greatly appreciated. I will find my own way there.",,1/6/15 21:58,5.52706e+17,Friendzone,,[],#Coachella2015,,,,,,,,[],#Coachella2015,,,,,,,
positive,yes,maddaychong,1,RT : S/O to maddies mom the festival MVP for booking the room and getting our tickets to  ____,,1/6/15 21:54,5.52705e+17,califournia,Arizona,[],#Coachella2015,#round2,,,,,,,[],#Coachella2015,#round2,,,,,,
positive,yes,Averychillguy,0,Hell yeah the Coachella lineup is out! Now I know what bands I'm not going to see!,,1/6/15 21:53,5.52704e+17,Seattle WA,Pacific Time (US & Canada),[],#Coachella2015,,,,,,,,[],#Coachella2015,,,,,,,
positive,yes,Nelly_Mtz_13,0,I too want  tickets __,,1/6/15 21:53,5.52704e+17,,,[],#Coachella2015,,,,,,,,[],#Coachella2015,,,,,,,
positive,yes,RedEyeFlight5,0,with visions of little  dancing in my head,,1/6/15 21:51,5.52704e+17,P-Town Cali!,Pacific Time (US & Canada),[],#nowplaying,#palmtrees,#Coachella2015,,,,,,[],#nowplaying,#palmtrees,#Coachella2015,,,,,
positive,yes,DoTxxCoM,0,about to melt that  stage along with igloos hype! .. wchu gon' do when she appearsss!! ____,,1/6/15 21:49,5.52703e+17,TRIBE OF SHABAZZ,Tokyo,[],#Coachella2015,,,,,,,,[],#Coachella2015,,,,,,,
positive,yes,Mschilensita,0,"I'm praying to the music gods that i can go to to  , , ,  and !",,1/6/15 21:47,5.52703e+17,toronto,Hawaii,[],#Coachella2015,,,,,,,,[],#Coachella2015,,,,,,,
positive,yes,Ismael_Brown3,0,The  line up...a blessing to say the least!,,1/6/15 21:44,5.52702e+17,On a Cloud Above ,Eastern Time (US & Canada),[],#Coachella2015,,,,,,,,[],#Coachella2015,,,,,,,
positive,yes,opinionpony,0,I wish I was going to  !!!,,1/6/15 21:41,5.52702e+17,"Sydney, Australia",,[],#Coachella2015,,,,,,,,[],#Coachella2015,,,,,,,
positive,yes,llcooljeans,1,"RT : "": :  ????? i wish !!"" Let's find sugar daddy's to pay for us _",,1/6/15 21:40,5.52701e+17,toronto,Eastern Time (US & Canada),[],#coachella2015,,,,,,,,[],#coachella2015,,,,,,,
positive,yes,bananaesmero,0,if anything it'll be worth it with the homies for sure,,1/6/15 21:39,5.52701e+17,"San Diego, CA",Hong Kong,[],#Coachella2015,,,,,,,,[],#Coachella2015,,,,,,,
positive,yes,SophiaBonnet,0,"3 amazing days in April! See you there again,  ;-)",,1/6/15 21:38,5.52701e+17,London/Los Angeles/New York,London,[],#Coachella2015,#coachellalineup,#Coachella,,,,,,[],#Coachella2015,#coachellalineup,#Coachella,,,,,
positive,yes,itsstephhh_,0,"Tomorrow  tickets come out, if ya'll know it's worth by the line up then I suggest your on top of it when they release",,1/6/15 21:37,5.52701e+17,Northern Cali,Pacific Time (US & Canada),[],#Coachella2015,,,,,,,,[],#Coachella2015,,,,,,,
positive,yes,beccsBP,0,Tomorrow at noon my life will change for better or worse.,,1/6/15 21:34,5.527e+17,University of Pacific ,Pacific Time (US & Canada),[],#Coachella2015,,,,,,,,[],#Coachella2015,,,,,,,
positive,yes,CHELSEAVISION,0,", can we do  again this year or, dare I say, ? The best music festival is the one I go to with you.",,1/6/15 21:30,5.52699e+17,"Victoria, BC",Pacific Time (US & Canada),[],#Sasquatch,#Coachella2015,,,,,,,[],#Sasquatch,#Coachella2015,,,,,,
positive,yes,shortyjulesss,0,like why aren't you gonna be at  _,,1/6/15 21:30,5.52699e+17,,Eastern Time (US & Canada),[],#Coachella2015,,,,,,,,[],#Coachella2015,,,,,,,
positive,yes,carabee3,0,I'm going to make it to  even if I have to solo.,,1/6/15 21:30,5.52699e+17,,,[],#Coachella2015,,,,,,,,[],#Coachella2015,,,,,,,
positive,yes,ATXRavers,0,"I might be the only one who noticed Dubfire, Loco Dice, and New World Punx on the  lineup",,1/6/15 21:29,5.52698e+17,"USTIN, TEXS ",Eastern Time (US & Canada),[],#Coachella2015,,,,,,,,[],#Coachella2015,,,,,,,
positive,yes,PeterKristan,0,can't wait for,,1/6/15 21:26,5.52698e+17,,Irkutsk,[],#Coachella2015,,,,,,,,[],#Coachella2015,,,,,,,
positive,yes,IvanClow,0,This  lineup is 2SICK,,1/6/15 21:26,5.52698e+17,"Nashville, TN",Central Time (US & Canada),[],#Coachella2015,#going,#coachellaonfleek,,,,,,[],#Coachella2015,#going,#coachellaonfleek,,,,,
positive,yes,trishxoo_,0,Bring me to  so i know its reaaaal,,1/6/15 21:25,5.52698e+17,"Montreal, Canada",Eastern Time (US & Canada),[],#Coachella2015,,,,,,,,[],#Coachella2015,,,,,,,
positive,yes,ThatDude_Omar,0,Alesso and The Weeknd at coachella should be a good time __,,1/6/15 21:23,5.52697e+17,,,[],#Coachella2015,,,,,,,,[],#Coachella2015,,,,,,,
positive,yes,theglamourai_,0,I really wanna go to,,1/6/15 21:22,5.52697e+17,IG: theglamourai_,Quito,[],#Coachella2015,,,,,,,,[],#Coachella2015,,,,,,,
positive,yes,AshleyKBreen,0,sounds amazing. Someone take me.,,1/6/15 21:22,5.52697e+17,"Portland, Oregon",Quito,[],#Coachella2015,,,,,,,,[],#Coachella2015,,,,,,,
positive,yes,BlairyDoo,1,RT : I am crazy excited about the  lineup. And they announced  today too. Also a really strong festival_,,1/6/15 21:22,5.52697e+17,LA LA LAND MACHINE,Mountain Time (US & Canada),[],#Coachella2015,#BottleRock,,,,,,,[],#Coachella2015,#BottleRock,,,,,,
positive,yes,pamquintal,0,DAMN! Florence and the Machine _,,1/6/15 21:22,5.52697e+17,"Mrida, Mxico.",Central Time (US & Canada),[],#Coachella2015,,,,,,,,[],#Coachella2015,,,,,,,
positive,yes,Marie_VAT,3,I definitely need to be at,,1/6/15 21:21,5.52696e+17,Los Angeles,Alaska,[],#Coachella2015,,,,,,,,[],#Coachella2015,,,,,,,
positive,yes,meggooo23,3,RT : : The lineup is here!   __ someone PLEASE buy my a ticket,,1/6/15 21:16,5.52695e+17,859|606,,[],#Coachella2015,,,,,,,,[],#Coachella2015,,,,,,,
positive,yes,DankSensei,0,Has everyone seen the dope Coachella line up for this year?!,,1/6/15 21:16,5.52695e+17,DallasOKC,Central Time (US & Canada),[],#dank,#toolive,#coachella2015,#lde,#danksensei,,,,[],#dank,#toolive,#coachella2015,#lde,#danksensei,,,
positive,yes,MissLoMarie09,0,Who wants to go to  with me?,,1/6/15 21:16,5.52695e+17,LA/CANNES/COACHELLA/INDY/CHI,Eastern Time (US & Canada),[],#Coachella2015,,,,,,,,[],#Coachella2015,,,,,,,
positive,yes,OurFemaleRebel,16,Miley's getting ready for  Bleach Blonde it is             ___,,1/6/15 21:14,5.52695e+17,Kat & Mary,Central Time (US & Canada),[],#Coachella2015,,,,,,,,[],#Coachella2015,,,,,,,
positive,yes,jocho817,0,Ahhh!  lineup looks amazing!,,1/6/15 21:14,5.52695e+17,,,[],#Coachella2015,,,,,,,,[],#Coachella2015,,,,,,,
positive,yes,jessicapalmerr,3,RT : dream  lineup.,,1/6/15 21:11,5.52694e+17,"Santa Cruz, CA",Pacific Time (US & Canada),[],#coachella,#coachella2015,#drake,#drizzy,#champagnepapi,,,,[],#coachella,#coachella2015,#drake,#drizzy,#champagnepapi,,,
positive,yes,itgrrrlofsfbay,0,"Heeey grrrl!,I know ur ready 2 be getting ur tix 2  &amp; I'm enjoying  on !!!_______________","[37.8046269, -122.2738032]",1/6/15 21:10,5.52694e+17,"Oakland,CA",Alaska,[],#Coachella2015,#furiousat9,,,,,,,[],#Coachella2015,#furiousat9,,,,,,
positive,yes,Taay_Bangz,3,RT : Holy shiiiiit ___,,1/6/15 21:07,5.52693e+17,,Quito,[],#Coachella2015,,,,,,,,[],#Coachella2015,,,,,,,
positive,yes,FrankRealEstate,0,is calling my name again  Damn more Djs this year than last year,,1/6/15 21:07,5.52693e+17,Arizona/California Real Estate,Arizona,[],#Coachella2015,#Coachella,,,,,,,[],#Coachella2015,#Coachella,,,,,,
positive,yes,PriinSexXxa,0,: SO many of our faves in the  lineup __ Thoughts??  uhhhh  we out?,,1/6/15 21:04,5.52692e+17,New York to Florida,Quito,[],#Coachella2015,,,,,,,,[],#Coachella2015,,,,,,,
positive,yes,ljamesmaslowl,2,I can't wait for,,1/6/15 21:04,5.52692e+17,Los Angeles,,[],#Coachella2015,,,,,,,,[],#Coachella2015,,,,,,,
positive,yes,GraceAnneNewman,3,: The lineup is here!   __ someone PLEASE buy my a ticket,,1/6/15 21:03,5.52692e+17,Oklahoma,Central Time (US & Canada),[],#Coachella2015,,,,,,,,[],#Coachella2015,,,,,,,
positive,yes,mannahhantla,0,someone get me  tickets and i will VR from the military _,,1/6/15 21:01,5.52691e+17,,Arizona,[],#Coachella2015,,,,,,,,[],#Coachella2015,,,,,,,
positive,yes,Ana_Cossich,1,RT : The best thing of  it's  __,,1/6/15 21:00,5.52691e+17,,Central Time (US & Canada),[],#Coachella2015,#FlorenceAndTheMachine,,,,,,,[],#Coachella2015,#FlorenceAndTheMachine,,,,,,
positive,yes,joshuajameshart,0,"Drake doing  is cool. Not a typical venue you think he would do, I feel that",,1/6/15 21:00,5.52691e+17,"Madison, Wi",Central Time (US & Canada),[],#Coachella2015,,,,,,,,[],#Coachella2015,,,,,,,
positive,yes,jayyynicolee_,0,we thinking bout road trippin to cali for  ! shit would be so fuckin fun!,,1/6/15 20:59,5.52691e+17,b u c k t _ w n ,Eastern Time (US & Canada),[],#Coachella2015,,,,,,,,[],#Coachella2015,,,,,,,
positive,yes,Milkaaaaaa33,0,I _ bleach /  idk boutchuuuuu but dizzzzzZzz qttttttttt weady fo  by mileycyrus,,1/6/15 20:57,5.52691e+17,,Madrid,[],#coachella2015,,,,,,,,[],#coachella2015,,,,,,,
positive,yes,Link_13Molly,0,I just wish I could go___,,1/6/15 20:55,5.5269e+17,,,[],#Coachella2015,,,,,,,,[],#Coachella2015,,,,,,,
positive,yes,thekevinryder,0,Own it. : Sexy Fringe Flirty Bikini Coachella 2 Piece  -  -,,1/6/15 20:54,5.5269e+17,,Pacific Time (US & Canada),[],#Coachella2015,#Cool,,,,,,,[],#Coachella2015,#Cool,,,,,,
positive,yes,gracemacarthur,1,RT :  here we come,,1/6/15 20:52,5.52689e+17,,Atlantic Time (Canada),[],#Coachella2015,,,,,,,,[],#Coachella2015,,,,,,,
positive,yes,galleryxlondon,0,Going to  after the 'festival' because listening to music and lazing in the desert should be free for everyone!,,1/6/15 20:51,5.52689e+17,LDN UK,,[],#Coachella,#Coachella2015,,,,,,,[],#Coachella,#Coachella2015,,,,,,
positive,yes,LenaMirandaa,2,RT : I can't wait until Coachella! First time going.. IM GOING TO LOSE MY MIND! _____,,1/6/15 20:46,5.52688e+17,,,[],#Coachella2015,,,,,,,,[],#Coachella2015,,,,,,,
positive,yes,SiennaGutierrez,0,makes the lineup look 10x better,,1/6/15 20:44,5.52687e+17,CA,Pacific Time (US & Canada),[],#Coachella2015,,,,,,,,[],#Coachella2015,,,,,,,
positive,yes,CMMoreland,0,Still waiting for  to announce its surprise special guest: Huey Lewis &amp; The News.,,1/6/15 20:43,5.52687e+17,"S'angeles, CA",Pacific Time (US & Canada),[],#Coachella2015,,,,,,,,[],#Coachella2015,,,,,,,
positive,yes,KiNg_AV8R,0,___ whattup California,,1/6/15 20:43,5.52687e+17, _Working Hard,Eastern Time (US & Canada),[],#Coachella2015,#april,,,,,,,[],#Coachella2015,#april,,,,,,
positive,yes,soopersized,0,"To all the ppl who say the  lineup ""isn't that sick""",,1/6/15 20:43,5.52687e+17,,Pacific Time (US & Canada),[],#Coachella2015,,,,,,,,[],#Coachella2015,,,,,,,
positive,yes,JoseZ1997,1,Coachella 2015 lineup. I want to go _,,1/6/15 20:42,5.52687e+17,F.$.S._,,[],#Coachella2015,,,,,,,,[],#Coachella2015,,,,,,,
positive,yes,tasha_treadwell,0,Take me to  so I know it's real _,"[46.87036517, -92.08274845]",1/6/15 20:40,5.52686e+17,"Duluth, MN",Eastern Time (US & Canada),[],#Coachella2015,,,,,,,,[],#Coachella2015,,,,,,,
positive,yes,enriqu3nator,2,RT : Not a huge fan of rock but AC_DC would be wild as fuck live,,1/6/15 20:39,5.52686e+17,Loc town,,[],#Coachella2015,,,,,,,,[],#Coachella2015,,,,,,,
positive,yes,Hey_Arnold1,0,I will be there!,,1/6/15 20:38,5.52686e+17,nj,Arizona,[],#Coachella2015,,,,,,,,[],#Coachella2015,,,,,,,
positive,yes,EmSpinDizzyFall,0,Steely Dan at  __ well I gotta go now.,,1/6/15 20:37,5.52686e+17,Sydney,Hawaii,[],#Coachella2015,,,,,,,,[],#Coachella2015,,,,,,,
positive,yes,alvinwong89,0,Coachella lineup is amazing!! Cant wait to be there.,,1/6/15 20:37,5.52686e+17,"Salt Lake City, UT",Mountain Time (US & Canada),[],#Coachella2015,,,,,,,,[],#Coachella2015,,,,,,,
positive,yes,VanessaNgoga,0,",,,,and more make  lineup",,1/6/15 20:36,5.52685e+17,"(Brussels,Belgium)",Athens,[],#Coachella2015,,,,,,,,[],#Coachella2015,,,,,,,
positive,yes,thomasbmanic,2,Not a huge fan of rock but AC_DC would be wild as fuck live,,1/6/15 20:36,5.52685e+17,"Los Angeles, CA",Pacific Time (US & Canada),[],#Coachella2015,,,,,,,,[],#Coachella2015,,,,,,,
positive,yes,xbeaniex,0,is going to be . i want to go now!,,1/6/15 20:34,5.52685e+17,"Las Vegas, Nevada",Pacific Time (US & Canada),[],#Coachella2015,,,,,,,,[],#Coachella2015,,,,,,,
positive,yes,cjyerack,0,": "": The lineup is here!   please  yes!!!",,1/6/15 20:31,5.52684e+17,,,[],#Coachella2015,,,,,,,,[],#Coachella2015,,,,,,,
positive,yes,Jheneaikolover,2,RT : I'm an like super excited for   &amp;  my two fav people of all time !,,1/6/15 20:29,5.52683e+17,Jhene Aiko Tour ,,[],#Coachella2015,,,,,,,,[],#Coachella2015,,,,,,,
positive,yes,Nuuk53,0,Ryan Adams and David Guetta both playing Coachella on Sunday.,,1/6/15 20:27,5.52683e+17,The Shire,,[],#Coachella2015,#rockon,,,,,,,[],#Coachella2015,#rockon,,,,,,
positive,yes,JuniorBrokerBae,0,line up is decent,,1/6/15 20:27,5.52683e+17,NYC,Arizona,[],#Coachella2015,,,,,,,,[],#Coachella2015,,,,,,,
positive,yes,WunderLogik,0,Listen to First Principle by Rod Savoyivok  on,,1/6/15 20:26,5.52683e+17,International,Nuku'alofa,[],#np,#SoundCloud,#CES2015,#Coachella2015,#Coachella,#firstprinciple,,,[],#np,#SoundCloud,#CES2015,#Coachella2015,#Coachella,#firstprinciple,,
positive,yes,maxi_schon,0,looks pretty awesome,,1/6/15 20:26,5.52683e+17,Sydney ,Hawaii,[],#Coachella2015,,,,,,,,[],#Coachella2015,,,,,,,
positive,yes,okvanne_,0,Gonna see  at  fuck yea!!!!!!!!!!!!!!!!!!!!! __________,,1/6/15 20:25,5.52682e+17,,,[],#Coachella2015,,,,,,,,[],#Coachella2015,,,,,,,
positive,yes,immadisonp,2,I'm an like super excited for   &amp;  my two fav people of all time !,,1/6/15 20:25,5.52682e+17,Sec Acct Rp,Eastern Time (US & Canada),[],#Coachella2015,,,,,,,,[],#Coachella2015,,,,,,,
positive,yes,dack_attack97,0,"somebody, anybody pay for my ticket to coachella _","[35.36453094, -97.4728413]",1/6/15 20:24,5.52682e+17,moore,,[],#Coachella2015,#helpme,#California,,,,,,[],#Coachella2015,#helpme,#California,,,,,
positive,yes,Eelementsinc,0,announces the full line-up for its 2015 edition! It's EPIC!!!,,1/6/15 20:24,5.52682e+17,"Pune, India",Mumbai,[],#coachella,#coachella2015,,,,,,,[],#coachella,#coachella2015,,,,,,
positive,yes,desiredcitygirl,2,"RT : WK: COACHELLA 2015 ""THE LINE UP""  via",,1/6/15 20:24,5.52682e+17,Queens  Florida  Trinidad ,,[],#coachella,#coachella2015,#festival,#music,,,,,[],#coachella,#coachella2015,#festival,#music,,,,
positive,yes,JoseeeMendez,1,The best thing of  it's  __,,1/6/15 20:22,5.52682e+17,One more shot,Eastern Time (US & Canada),[],#Coachella2015,#FlorenceAndTheMachine,,,,,,,[],#Coachella2015,#FlorenceAndTheMachine,,,,,,
positive,yes,IamSidneyAlonso,0,Ahhhhh and who do I see on the  Miss  See you there pretty lady !!!!!,,1/6/15 20:19,5.52681e+17,Sydney AUSTRALIA,Sydney,[],#coachellalineup,#Coachella2015,#RIGCITY,,,,,,[],#coachellalineup,#Coachella2015,#RIGCITY,,,,,
positive,yes,DjTwistFan,0,You ain't ready!?!,,1/6/15 20:19,5.52681e+17,Los Angeles,Pacific Time (US & Canada),[],#Coachella2015,#Festival,#Indio,,,,,,[],#Coachella2015,#Festival,#Indio,,,,,
positive,yes,yowmommacom,0,Miley Cyrus: I _ bleach /  idk boutchuuuuu but dizzzzzZzz qttttttttt weady fo,,1/6/15 20:18,5.52681e+17,USA,Singapore,[],#coachella2015,,,,,,,,[],#coachella2015,,,,,,,
positive,yes,goldminr,0,I _ bleach /  idk boutchuuuuu but dizzzzzZzz qttttttttt weady fo  by mileycyrus,,1/6/15 20:18,5.52681e+17,NYC,Quito,[],#coachella2015,,,,,,,,[],#coachella2015,,,,,,,
positive,yes,jennakwilliams,0,":   you're coming, too. Ryan Adams made the line up.   

LETS GO!!!!!!!!!!",,1/6/15 20:16,5.5268e+17,"norman, oklahoma ",Central Time (US & Canada),[],#Coachella2015,#Calibound,,,,,,,[],#Coachella2015,#Calibound,,,,,,
positive,yes,MidoriLlewellyn,0,The  lineup announced today!  Got me all excited!,,1/6/15 20:13,5.52679e+17,"Seattle, WA",Alaska,[],#Coachella2015,#DanceInTheDesert,#takemeback,,,,,,[],#Coachella2015,#DanceInTheDesert,#takemeback,,,,,
positive,yes,Franks_in_It,0,"Fuck you, I'm going to","[36.70345638, -121.64540384]",1/6/15 20:10,5.52679e+17,,Pacific Time (US & Canada),[],#Coachella2015,,,,,,,,[],#Coachella2015,,,,,,,
positive,yes,euromericaradio,0,I'm actually really happy about the   lineup... just sad that there's no AZ Coachella..,,1/6/15 20:10,5.52679e+17,,Arizona,[],#Coachella2015,,,,,,,,[],#Coachella2015,,,,,,,
positive,yes,neek0geek0,0,"It's only January 6, and I've already spent/about to spend WAY TOO MUCH on music festivals",,1/6/15 20:08,5.52678e+17,,Pacific Time (US & Canada),[],#CRSSD,#Coachella2015,,,,,,,[],#CRSSD,#Coachella2015,,,,,,
positive,yes,DrewButzke2,0,has an amazing lineup and I can't fucking go. Kill me. ___,,1/6/15 20:06,5.52678e+17,"West Bend, WI",,[],#Coachella2015,,,,,,,,[],#Coachella2015,,,,,,,
positive,yes,abbnelson,0,Rt being to broke for Coachella  going on forever,,1/6/15 20:05,5.52677e+17,,Mountain Time (US & Canada),[],#Coachella2015,,,,,,,,[],#Coachella2015,,,,,,,
positive,yes,audwisse,0,The annual wish-I-could-go-to-'Chella officially begins.,,1/6/15 20:05,5.52677e+17,,Hong Kong,[],#Coachella2015,,,,,,,,[],#Coachella2015,,,,,,,
positive,yes,mahhcus,0,I remember when  used to be in the small type. Congrats.,,1/6/15 20:03,5.52677e+17,"Los Angeles, Cailfornia",Pacific Time (US & Canada),[],#Coachella2015,,,,,,,,[],#Coachella2015,,,,,,,
positive,yes,_simplydesigned,0,I would love to go to  __,,1/6/15 20:03,5.52677e+17,,Eastern Time (US & Canada),[],#Coachella2015,,,,,,,,[],#Coachella2015,,,,,,,
positive,yes,xLindseyWilde,0,So many music festivals. So little money.,"[30.38278129, -95.33028206]",1/6/15 19:58,5.52676e+17,San Marcos / Cut n' Shoot,Quito,[],#coachella2015,#carolinarebellion,#sxsw,,,,,,[],#coachella2015,#carolinarebellion,#sxsw,,,,,
positive,yes,9bc5e8cd30a04b7,0,I wish I could go to   BUT NO MY POOR ASS CANT,,1/6/15 19:58,5.52676e+17,_,,[],#Coachella2015,,,,,,,,[],#Coachella2015,,,,,,,
positive,yes,KIANMASH,7,See you there,,1/6/15 19:57,5.52675e+17,,Tijuana,[],#Coachella2015,#lineup,#DJNEON,,,,,,[],#Coachella2015,#lineup,#DJNEON,,,,,
positive,yes,TheRealJaeAndre,0,OR BUST MY NIGGA! ___,,1/6/15 19:56,5.52675e+17,NewYork,Eastern Time (US & Canada),[],#Coachella2015,,,,,,,,[],#Coachella2015,,,,,,,
positive,yes,LisaMichele12,0,I'm on that Coachella budget and diet till April,,1/6/15 19:55,5.52675e+17,,,[],#Coachella2015,,,,,,,,[],#Coachella2015,,,,,,,
positive,yes,shmoses17,0,would be worth going to  for.,,1/6/15 19:55,5.52675e+17,,Pacific Time (US & Canada),[],#Coachella2015,,,,,,,,[],#Coachella2015,,,,,,,
positive,yes,BxtchImBankhead,0,COMING SOON  Terribly Wavy (F*CKTHAT)(Ft. Lexxy Krook) (Prod. By Lord Rolex),,1/6/15 19:55,5.52675e+17,GR818,Pacific Time (US & Canada),[],#Coachella2015,,,,,,,,[],#Coachella2015,,,,,,,
positive,yes,JayyBrinley,0,I really want to go to  but its sold out ___,,1/6/15 19:54,5.52675e+17,Instagram: jayybrinley,,[],#Coachella,#Coachella2015,,,,,,,[],#Coachella,#Coachella2015,,,,,,
positive,yes,noblesskylar,0,We going to   also or wha_,,1/6/15 19:53,5.52674e+17,,,[],#Coachella2015,,,,,,,,[],#Coachella2015,,,,,,,
positive,yes,CholeMcKenzie,0,The line up at Coachella is fantastic this year! Anyone wanna buy me a ticket?,,1/6/15 19:48,5.52673e+17,909 to the 801. L-Town.,,[],#dyingtogo,#Coachella2015,,,,,,,[],#dyingtogo,#Coachella2015,,,,,,
positive,yes,jena_dobie,0,I would do appalling things to be at that,,1/6/15 19:48,5.52673e+17,Canberra,New Caledonia,[],#Coachella2015,#lineup,,,,,,,[],#Coachella2015,#lineup,,,,,,
positive,yes,tommykrattiger,0,For some awesome reason! Listening to AC_DC at the gym now pumps me up so much more!!!,,1/6/15 19:46,5.52673e+17,,Pacific Time (US & Canada),[],#Coachella2015,,,,,,,,[],#Coachella2015,,,,,,,
positive,yes,shmalls,0,Coachy coachy coachy coachy coachy ____,,1/6/15 19:45,5.52672e+17,,Rome,[],#Coachella2015,,,,,,,,[],#Coachella2015,,,,,,,
positive,yes,MsMaryJanePR,0,Cannot wait to see what everyone will be rocking Hipster Meets Comfort For Me,,1/6/15 19:44,5.52672e+17,west hollywood ca,,[],#Swag,#Coachella2015,,,,,,,[],#Swag,#Coachella2015,,,,,,
positive,yes,Sean_P_McGraw,0,will blow away the all-time temperature record at   - predicted temp: 125 degrees farenheit on stage.,,1/6/15 19:44,5.52672e+17,"Philadelphia, Pa USA",Eastern Time (US & Canada),[],#ACDC,#Coachella2015,#FireTheCannons,,,,,,[],#ACDC,#Coachella2015,#FireTheCannons,,,,,
positive,yes,hfrost18,0,Cant express how bad i want to go to Coachella.,,1/6/15 19:44,5.52672e+17,,Eastern Time (US & Canada),[],#Coachella2015,#Coachella,,,,,,,[],#Coachella2015,#Coachella,,,,,,
positive,yes,djclove,0,""": You see it """,,1/6/15 19:43,5.52672e+17,"Irving, TX (Memphis, TN)",Eastern Time (US & Canada),[],#Coachella2015,,,,,,,,[],#Coachella2015,,,,,,,
positive,yes,alicarla,0,... see ya in a few months! (Drake ::minor freak out::) fancyllama5 _,,1/6/15 19:42,5.52672e+17,"New York, NY",Eastern Time (US & Canada),[],#Coachella2015,,,,,,,,[],#Coachella2015,,,,,,,
positive,yes,LMcCaffree,0,Amped for the acts playing ! Wish I could go see AC_DC in the flesh,,1/6/15 19:42,5.52672e+17,San Diego _ New York City,Eastern Time (US & Canada),[],#Coachella2015,,,,,,,,[],#Coachella2015,,,,,,,
positive,yes,LuisGonnzalez,0,Can't wait for Daft Punk to make a surprise appearance during Jack White!,,1/6/15 19:42,5.52672e+17,LA,Pacific Time (US & Canada),[],#Coachella2015,,,,,,,,[],#Coachella2015,,,,,,,
positive,yes,SadieMcGuirePR,0,I kinda love the idea of being able to see Drake and Brand New on the same day,,1/6/15 19:38,5.52671e+17,Chicago,Central Time (US & Canada),[],#Coachella2015,,,,,,,,[],#Coachella2015,,,,,,,
positive,yes,VoodooDahl,0,AC/DC and Steely Dan at  ? Looks like the retirement homes needs a road trip. (AC/DC is always fun though),,1/6/15 19:36,5.5267e+17,"Danish guy in Venice Beach, CA",Pacific Time (US & Canada),[],#Coachella2015,#music,,,,,,,[],#Coachella2015,#music,,,,,,
positive,yes,A_zehel21,0,So who wants to go to  with me ?,,1/6/15 19:36,5.5267e+17,,Eastern Time (US & Canada),[],#Coachella2015,,,,,,,,[],#Coachella2015,,,,,,,
positive,yes,Casey_Tetter,0,If someone took me to  I think I would cry and marry them on the spot...,,1/6/15 19:35,5.5267e+17,South Carolina,Quito,[],#LifeGoals,#Coachella2015,,,,,,,[],#LifeGoals,#Coachella2015,,,,,,
positive,yes,Judoon_Platoon,0,lol look at how far down the  line up  is compared to Glastonbury 2014,,1/6/15 19:34,5.5267e+17,LDN,London,[],#Coachella2015,,,,,,,,[],#Coachella2015,,,,,,,
positive,yes,KROCSTEDY,0,A shieeeeeet... I can't wait!!! My first time ever at  !!!,,1/6/15 19:33,5.52669e+17,"From Long Beach, CA & beyond..",Alaska,[],#Coachella,#Coachella2015,,,,,,,[],#Coachella,#Coachella2015,,,,,,
positive,yes,deeniece88,0,did you see  is headlining  this year??? Umm I'll be down there that weekend already Hmmm,,1/6/15 19:31,5.52669e+17,,,[],#Coachella2015,#birthdayparty,,,,,,,[],#Coachella2015,#birthdayparty,,,,,,
positive,yes,bearalynsustos,0,could you please help out  and stop by also bring  and anyone else (frank ocean),,1/6/15 19:30,5.52669e+17,,,[],#Coachella2015,,,,,,,,[],#Coachella2015,,,,,,,
positive,yes,rolandtran,0,I want to go to Coachella this year. Someone pop my cherry!,,1/6/15 19:29,5.52668e+17,"West Sacramento,CALI",Pacific Time (US & Canada),[],#Coachella2015,#Coachella,,,,,,,[],#Coachella2015,#Coachella,,,,,,
positive,yes,GetItGabbbby,0,DEAD AF SOOO MANY GOOD PPL _________________,,1/6/15 19:28,5.52668e+17,satx,Mountain Time (US & Canada),[],#Coachella2015,,,,,,,,[],#Coachella2015,,,,,,,
positive,yes,MissNikkiBrown,0,"The  lineup is here, which means festival fashion season is not far behind!","[40.6585304, -73.95061873]",1/6/15 19:26,5.52668e+17,NYC ,Arizona,[],#Coachella2015,,,,,,,,[],#Coachella2015,,,,,,,
positive,yes,pnaranjo626,0,See you soon coachella my favorite festival ever!    _,,1/6/15 19:22,5.52667e+17,LA...A State Of Trance ,Pacific Time (US & Canada),[],#betterthanedc,#coachella,#indio,#coachella2015,,,,,[],#betterthanedc,#coachella,#indio,#coachella2015,,,,
positive,yes,Taty_Alessandro,0,"and how forget to ? The song  and he will be the icing on the cake __ 

 Counting the days _",,1/6/15 19:21,5.52666e+17,OVER YOUR HEAD ,Buenos Aires,[],#Heroes,#Coachella2015,,,,,,,[],#Heroes,#Coachella2015,,,,,,
positive,yes,RobEHolmberg,0,I was going to shoot off a rainbow when I saw the  lineup was announced.Then I saw ac/dc was included,,1/6/15 19:19,5.52666e+17,Maple Ridge,Pacific Time (US & Canada),[],#Coachella2015,,,,,,,,[],#Coachella2015,,,,,,,
positive,yes,MaritzaAnahi,0,at  makes me wish i was going even more. I love,,1/6/15 19:18,5.52666e+17,In my own dream world,Alaska,[],#Coachella2015,,,,,,,,[],#Coachella2015,,,,,,,
positive,yes,ketchpags,0,Dream!,,1/6/15 19:18,5.52666e+17,,Beijing,[],#justwow,#Coachella2015,,,,,,,[],#justwow,#Coachella2015,,,,,,
positive,yes,The1andDOnly,0,Can we all just take a moment to praise the  line-up !!!!!!!!!!!,,1/6/15 19:16,5.52665e+17,eh,Atlantic Time (Canada),[],#Coachella2015,,,,,,,,[],#Coachella2015,,,,,,,
positive,yes,tayaderv,0,Honestly need to go to,,1/6/15 19:11,5.52664e+17,,,[],#Coachella2015,,,,,,,,[],#Coachella2015,,,,,,,
positive,yes,itsemmmgw,0,That amazing moment when my dad says he'll think about getting me tickets to  or  ___,,1/6/15 19:09,5.52663e+17,,,[],#Coachella2015,#BottleRock,,,,,,,[],#Coachella2015,#BottleRock,,,,,,
positive,yes,rosie_forreal,0,Someone take me to,,1/6/15 19:07,5.52663e+17,,Hawaii,[],#Coachella2015,,,,,,,,[],#Coachella2015,,,,,,,
positive,yes,JoshFisher89,0,Just in case you weren't aware:  tix go on sale tomorrow :) who's excited!!!!?????,,1/6/15 19:07,5.52663e+17,"Portland, Oregon",Alaska,[],#Coachella2015,,,,,,,,[],#Coachella2015,,,,,,,
positive,yes,JanelGold,0,Bring it  !! Have my  pass &amp;  ready to go!,,1/6/15 19:07,5.52663e+17,,Pacific Time (US & Canada),[],#Coachella2015,#artist,#room,,,,,,[],#Coachella2015,#artist,#room,,,,,
positive,yes,CantFeelTime,0,So how about that  lineup? Perhaps the best ever.,,1/6/15 19:06,5.52662e+17,"Toronto/WLU, Ontario, Canada",Eastern Time (US & Canada),[],#Coachella2015,,,,,,,,[],#Coachella2015,,,,,,,
positive,yes,NZSouthie96,0,Coachella Line-up __ like seriously!  __ why cant it be in Australia,,1/6/15 19:06,5.52662e+17,"Perth, Australia",Perth,[],#SoExpensive,#Coachella2015,,,,,,,[],#SoExpensive,#Coachella2015,,,,,,
positive,yes,CathreaJ,0,See you in April,,1/6/15 19:06,5.52662e+17,,,[],#Coachella2015,,,,,,,,[],#Coachella2015,,,,,,,
positive,yes,thekevinryder,0,"I was really looking forward to seeing ""Small Ball Paul."" Maybe next year.",,1/6/15 19:05,5.52662e+17,,Pacific Time (US & Canada),[],#Coachella,#Coachella2015,,,,,,,[],#Coachella,#Coachella2015,,,,,,
positive,yes,JKWise1,0,Oh  Why do you tease me?,,1/6/15 19:04,5.52662e+17,"Tucson, Arizona",,[],#Coachella2015,,,,,,,,[],#Coachella2015,,,,,,,
positive,yes,forwardsnap,0,I'm sad that I'm too baby'd and poor to travel to  but y'all have fun watching my man  :D Congrats AMN!,,1/6/15 19:04,5.52662e+17,"Sarasota, Florida",,[],#Coachella2015,,,,,,,,[],#Coachella2015,,,,,,,
positive,yes,thaKRAZYboy44,0,"Party in my backyard, shit I'm there.",,1/6/15 19:02,5.52662e+17,"INDIO, CALIFORNIA",Pacific Time (US & Canada),[],#Coachella2015,,,,,,,,[],#Coachella2015,,,,,,,
positive,yes,stransformed,0,line up was announced! Who's going?,,1/6/15 18:57,5.5266e+17,,,[],#Coachella2015,,,,,,,,[],#Coachella2015,,,,,,,
positive,yes,XoSerinaaahhh,0,The ones hating on  are most likely the ones that can't afford to go in the first place __,,1/6/15 18:57,5.5266e+17,,Pacific Time (US & Canada),[],#gtfoh,#sorrynotsorry,#coachella2015,,,,,,[],#gtfoh,#sorrynotsorry,#coachella2015,,,,,
positive,yes,TruthTravelista,0,Two words: coachella lineup,,1/6/15 18:52,5.52659e+17,NYC,Quito,[],#Coachella2015,,,,,,,,[],#Coachella2015,,,,,,,
positive,yes,annideleon,0,Who's goin?... ME! _____,,1/6/15 18:50,5.52659e+17,,Mountain Time (US & Canada),[],#Coachella2015,,,,,,,,[],#Coachella2015,,,,,,,
positive,yes,mitchmarzuola,1,brian benzworth fills in for ryan hemsworth,,1/6/15 18:49,5.52658e+17,Texas,Central Time (US & Canada),[],#Coachella2015,,,,,,,,[],#Coachella2015,,,,,,,
positive,yes,LarsenBethany,0,OMG   how badly I wish I could go.    amazing!,,1/6/15 18:48,5.52658e+17,Townsville QLD,,[],#Coachella2015,#coachellalineup,#Hozier,#martinsolveig,#Drake,,,,[],#Coachella2015,#coachellalineup,#Hozier,#martinsolveig,#Drake,,,
positive,yes,OVOROD,0,Coachella this year ? Well of course!,,1/6/15 18:48,5.52658e+17,West End. LA to Sac Town.,Pacific Time (US & Canada),[],#Coachella2015,,,,,,,,[],#Coachella2015,,,,,,,
positive,yes,jltorres__,0,Florence + The Machine cant wait to see you! _ She has a voice of an angel!,,1/6/15 18:47,5.52658e+17,Long Beach,Pacific Time (US & Canada),[],#Coachella2015,,,,,,,,[],#Coachella2015,,,,,,,
positive,yes,gutierrez_619,1,RT : Yep that's me!!______________,,1/6/15 18:47,5.52658e+17,NEW JERSEY USA,Mountain Time (US & Canada),[],#Coachella2015,,,,,,,,[],#Coachella2015,,,,,,,
positive,yes,seeeenuh,0,I'm actually crying rn,,1/6/15 18:46,5.52658e+17,,Arizona,[],#Coachella2015,,,,,,,,[],#Coachella2015,,,,,,,
positive,yes,IsabelGtz19,1,Yep that's me!!______________,,1/6/15 18:45,5.52657e+17,"Los Angeles, CA",Alaska,[],#Coachella2015,,,,,,,,[],#Coachella2015,,,,,,,
positive,yes,Ariellahhhh,0,"tickets on sale tomorrow, so who is buying mine??",,1/6/15 18:44,5.52657e+17,Michigan,Eastern Time (US & Canada),[],#Coachella2015,,,,,,,,[],#Coachella2015,,,,,,,
positive,yes,chelseydang,0,So excited to celebrate our anniversary in California  this year!  ___,,1/6/15 18:43,5.52657e+17,in my own world,Central Time (US & Canada),[],#coachella2015,,,,,,,,[],#coachella2015,,,,,,,
positive,yes,rubberflow,0,:   lineup.     !!,,1/6/15 18:43,5.52657e+17,,,[],#Coachella2015,,,,,,,,[],#Coachella2015,,,,,,,
positive,yes,LeslieFishlock,0,It's here!  lineup:,,1/6/15 18:42,5.52657e+17,"San Diego, Ca",Pacific Time (US & Canada),[],#Coachella2015,,,,,,,,[],#Coachella2015,,,,,,,
positive,yes,catbonati,0,"plus  and  :D I'm dying, these are literally all my favorite artists. Somebody give me a  ticket pleeaaase",,1/6/15 18:41,5.52656e+17,,Santiago,[],#Coachella2015,,,,,,,,[],#Coachella2015,,,,,,,
positive,yes,iBETiGTSUMWEED,0,GUESS WHO GOIN BITCHHH,,1/6/15 18:40,5.52656e+17,,Urumqi,[],#COACHELLA2015,,,,,,,,[],#COACHELLA2015,,,,,,,
positive,yes,ciaraajadee_,4,RT : THE LINEUP IS SO PERFECT _,,1/6/15 18:40,5.52656e+17,,,[],#Coachella2015,,,,,,,,[],#Coachella2015,,,,,,,
positive,yes,diegomendoza_13,0,seeing acdc live would be so kickass,,1/6/15 18:39,5.52656e+17,,Arizona,[],#Coachella2015,,,,,,,,[],#Coachella2015,,,,,,,
positive,yes,vanessafranko,0,"On the EDM side, I'm a huge  fan, so I'm stoked to see him again. Also,  always brings it.",,1/6/15 18:39,5.52656e+17,"Riverside, CA",Pacific Time (US & Canada),[],#Coachella2015,,,,,,,,[],#Coachella2015,,,,,,,
positive,yes,amber_idek,0,WANT TO GO_______,,1/6/15 18:38,5.52656e+17,,Central Time (US & Canada),[],#Coachella2015,,,,,,,,[],#Coachella2015,,,,,,,
positive,yes,ThatDude_Angell,0,Coachella linup announced and its aboutta be dope! I gotta cop some tickets!,,1/6/15 18:37,5.52655e+17,,,[],#Coachella2015,#Godwilling,#INeedJesus,,,,,,[],#Coachella2015,#Godwilling,#INeedJesus,,,,,
positive,yes,ell_brogan,1,RT : We can't wait for  at  this year!,,1/6/15 18:36,5.52655e+17,Staffs/Ibiza/Bucks,,[],#Coachella2015,,,,,,,,[],#Coachella2015,,,,,,,
positive,yes,emilytidwell,0,I keep staring at the  lineup and thinking no way is this real.,,1/6/15 18:35,5.52655e+17,"Denver, CO",,[],#Coachella2015,#topnotch,,,,,,,[],#Coachella2015,#topnotch,,,,,,
positive,yes,vanessafranko,0,Also ecstatic that I will FINALLY see the great Charles Bradley (nice to see  represented) at,,1/6/15 18:35,5.52655e+17,"Riverside, CA",Pacific Time (US & Canada),[],#Coachella2015,,,,,,,,[],#Coachella2015,,,,,,,
positive,yes,MalerieLipa,0,Great lineup!! Can't wait for Coachella 2015!,,1/6/15 18:34,5.52654e+17,,,[],#Coachella,#Coachella2015,#lineup,,,,,,[],#Coachella,#Coachella2015,#lineup,,,,,
positive,yes,daviskaline,0,my girlfriend just said me or  ! And I said YELLOW MUTHA FUCKIN CLAW!  looks like I'm going  single! __,"[33.88364529, -117.59456129]",1/6/15 18:33,5.52654e+17,"Orange, CA",Pacific Time (US & Canada),[],#Coachella2015,,,,,,,,[],#Coachella2015,,,,,,,
positive,yes,gloriousmartinn,4,"RT : The  lineup is here! It's got AC/DC, Drake as a headliner and Steely Dan! (Yes, you read that right)",,1/6/15 18:31,5.52654e+17,bae areeya,Pacific Time (US & Canada),[],#Coachella2015,,,,,,,,[],#Coachella2015,,,,,,,
positive,yes,AmyLynne5,0,When  is playing  on ur birthday and u can't go ______,,1/6/15 18:30,5.52654e+17,"Ontario, Canada",Central Time (US & Canada),[],#Coachella2015,,,,,,,,[],#Coachella2015,,,,,,,
positive,yes,zz_stoned,0,at  is the coolest thing to ever happen,,1/6/15 18:29,5.52653e+17,"New Haven, CT",,[],#steely_Dan,#Coachella2015,#yawning,,,,,,[],#steely_Dan,#Coachella2015,#yawning,,,,,
positive,yes,ShannyZee,0,: You see it  Coachella you finally,,1/6/15 18:27,5.52653e+17,Los Angeles,Pacific Time (US & Canada),[],#Coachella2015,#GotMe,#timecapsule,,,,,,[],#Coachella2015,#GotMe,#timecapsule,,,,,
positive,yes,O_oMyraJ,0,""": Who's responsible... ___   soo we in there haha ___",,1/6/15 18:27,5.52653e+17,somewhere being happy as fuck ,Central Time (US & Canada),[],#Coachella2015,,,,,,,,[],#Coachella2015,,,,,,,
positive,yes,TerriTheCreator,1,: The lineup is here!    ITS OUT ITS OUT ITS OUT,,1/6/15 18:24,5.52652e+17,Immortal ,Atlantic Time (Canada),[],#Coachella2015,,,,,,,,[],#Coachella2015,,,,,,,
positive,yes,kimber_carder,0,Someone please take me to  _____,"[34.26669463, -84.20053074]",1/6/15 18:23,5.52652e+17,,,[],#Coachella2015,,,,,,,,[],#Coachella2015,,,,,,,
positive,yes,sirreefy,0,Coachellllllllllllllla!!!!!!! omg this year will be magical ________,,1/6/15 18:21,5.52651e+17,"los angeles, ca",,[],#Coachella2015,,,,,,,,[],#Coachella2015,,,,,,,
positive,yes,jenny_4rmdabloc,0,The Coachella lineup,,1/6/15 18:21,5.52651e+17,_DE_,Central Time (US & Canada),[],#holyshit,#Coachella2015,,,,,,,[],#holyshit,#Coachella2015,,,,,,
positive,yes,THE_BOSS_13,0,I wanna go to coachella!!!!,"[-14.3303764, -170.72984762]",1/6/15 18:20,5.52651e+17,wherever the wind takes you,Pacific Time (US & Canada),[],#Coachella2015,,,,,,,,[],#Coachella2015,,,,,,,
positive,yes,Rayfulosunshine,1,RT : All I want is to go to  with  and party with Vanessa Hudgens.,,1/6/15 18:20,5.52651e+17,Boise/San Diego ,Mountain Time (US & Canada),[],#Coachella2015,#canihaveherclothes,,,,,,,[],#Coachella2015,#canihaveherclothes,,,,,,
positive,yes,AliceRadio,0,"The  lineup is here! It's got AC/DC, Drake as a headliner and Steely Dan! (Yes, you read that right)",,1/6/15 18:18,5.5265e+17,San Francisco,Pacific Time (US & Canada),[],#Coachella2015,,,,,,,,[],#Coachella2015,,,,,,,
positive,yes,briiianna6,1,best lineup yet ~*~*~*~ can't wait!!!  *{ lykee omggg }*,,1/6/15 18:16,5.5265e+17,{rckfrd}~{mke}~{idk},Central Time (US & Canada),[],#Coachella2015,,,,,,,,[],#Coachella2015,,,,,,,
positive,yes,krinah0428,0,"The only thing about  that I care about is  but that 1 thing I care about, I care a lot ____",,1/6/15 18:14,5.52649e+17,"holland, mi",Eastern Time (US & Canada),[],#Coachella2015,#notwinning,#UStourplz,,,,,,[],#Coachella2015,#notwinning,#UStourplz,,,,,
positive,yes,Ingrid0523,0,I wanna go,,1/6/15 18:14,5.52649e+17,,Central Time (US & Canada),[],#Coachella2015,,,,,,,,[],#Coachella2015,,,,,,,
positive,yes,ashsperls,0,"Some random choices, but some awesome ones too &gt;  lineup via :",,1/6/15 18:14,5.52649e+17,"Toronto, ON",Eastern Time (US & Canada),[],#Coachella2015,,,,,,,,[],#Coachella2015,,,,,,,
positive,yes,bearamilinares,0,The only one I would love to see at  is (Brand New) the quiet things that no one knows.,,1/6/15 18:12,5.52649e+17,Where ever I imagine To be,Pacific Time (US & Canada),[],#coachella2015,,,,,,,,[],#coachella2015,,,,,,,
positive,yes,thebluemedia,0,You guys going to play   ??!!,,1/6/15 18:11,5.52649e+17,Ontario. Canada,Central Time (US & Canada),[],#Coachella2015,#GottaCatchEmAll,,,,,,,[],#Coachella2015,#GottaCatchEmAll,,,,,,
positive,yes,xXinfinite__,0,so pretty much everyone awesome will be there.,,1/6/15 18:11,5.52649e+17,Bonnaroo / Lolla ,Atlantic Time (Canada),[],#coachella2015,,,,,,,,[],#coachella2015,,,,,,,
positive,yes,thevitalish,0,"So I'm confused by this  announcement. Why do the lineups have multiple days? Are they repeating or split? Either way,IM GOING",,1/6/15 18:10,5.52649e+17,,,[],#Coachella2015,,,,,,,,[],#Coachella2015,,,,,,,
positive,yes,dinnie,1,RT : GET OUT. The  lineup is insane.,,1/6/15 18:10,5.52648e+17,Right here right now.,Singapore,[],#Coachella2015,,,,,,,,[],#Coachella2015,,,,,,,
positive,yes,TOP_NOTCHH,0,So many good line ups  __,,1/6/15 18:10,5.52648e+17,,Hawaii,[],#Coachella2015,,,,,,,,[],#Coachella2015,,,,,,,
positive,yes,JchockWitBeatZ,0,Playing my beats at  would be dope,,1/6/15 18:09,5.52648e+17,Houston N Everywhere Else!,Mountain Time (US & Canada),[],#Coachella2015,,,,,,,,[],#Coachella2015,,,,,,,
positive,yes,howell_allie,0,___All I want to do this summer is go to a music festival    ___,,1/6/15 18:08,5.52648e+17,,,[],#music,#summer,#Coachella2015,,,,,,[],#music,#summer,#Coachella2015,,,,,
positive,yes,miss_vee28,0,Chellaaaaaaaa!!!!!!!! I get so excited every time I look at that lineup!,,1/6/15 18:06,5.52648e+17,LA,,[],#Coachella2015,,,,,,,,[],#Coachella2015,,,,,,,
positive,yes,ShannonKane86,0,is going to be fun this year. ____,,1/6/15 18:06,5.52647e+17,LA - NY ,,[],#Coachella,#Coachella2015,,,,,,,[],#Coachella,#Coachella2015,,,,,,
positive,yes,daisybeckner,0,Joe goes hard_,,1/6/15 18:06,5.52647e+17,,Alaska,[],#Coachella2015,,,,,,,,[],#Coachella2015,,,,,,,
positive,yes,JorgeXY,0,"Coachella season approaching!
______________
    _",,1/6/15 18:05,5.52647e+17,coachie,,[],#tbt,#coachella2015,#coachie,#turntchella,,,,,[],#tbt,#coachella2015,#coachie,#turntchella,,,,
positive,yes,NewportSkinnyT,0,How did I miss this today?  : For those about to RT,,1/6/15 18:04,5.52647e+17,California,Pacific Time (US & Canada),[],#Coachella2015,,,,,,,,[],#Coachella2015,,,,,,,
positive,yes,AaronSteadyHand,0,Concerts are the perfect place to use your AaronSteadyhand!,,1/6/15 18:04,5.52647e+17,Marina Del Rey,,[],#Coachella2015,,,,,,,,[],#Coachella2015,,,,,,,
positive,yes,Jstubbz1,0,Yes I'm excited about the  lineup but no I don't need to  the same photo EVERYONES already seen.,,1/6/15 18:03,5.52647e+17,Scottsdale _ ,Arizona,[],#Coachella2015,#instagram,#spammingmyfeed,,,,,,[],#Coachella2015,#instagram,#spammingmyfeed,,,,,
positive,yes,Amberlynnwill,0,Countdown starts now. 92 days till game time.     _,"[33.77992524, -116.86053791]",1/6/15 18:03,5.52647e+17,"Simi valley, Ca",,[],#COACHELLA2015_,#countdown,#chella,#rageready,,,,,[],#COACHELLA2015_,#countdown,#chella,#rageready,,,,
positive,yes,jannrsl,1,All I want is to go to  with  and party with Vanessa Hudgens.,,1/6/15 18:03,5.52647e+17,,Pacific Time (US & Canada),[],#Coachella2015,#canihaveherclothes,,,,,,,[],#Coachella2015,#canihaveherclothes,,,,,,
positive,yes,SmoochArt,0,"Pouring over the  lineup, exploring the unheard. Favorite new find so far has to be",,1/6/15 18:03,5.52647e+17,Chicago,Eastern Time (US & Canada),[],#Coachella2015,,,,,,,,[],#Coachella2015,,,,,,,
positive,yes,IntentProd,0,"Wow, just checking the line-up for  ...2015 is gonna be huge!",,1/6/15 18:03,5.52647e+17,"London, Los Angeles, The World",London,[],#Coachella2015,#gotenoughshadeinthedesert,#stretchtentsforcoachella,,,,,,[],#Coachella2015,#gotenoughshadeinthedesert,#stretchtentsforcoachella,,,,,
positive,yes,Marleylove85,0,"Dead ___
 
",,1/6/15 18:01,5.52646e+17,,,[],#Repost,#coachella2015,,,,,,,[],#Repost,#coachella2015,,,,,,
positive,yes,TonyLeeKimber,0,CANNOT WAIT to  my  VIP Experience! It's going to be IN-SANE!,,1/6/15 17:59,5.52646e+17,"Perth, Australia",Perth,[],#Blog,#coachella2015,#Coachella,,,,,,[],#Blog,#coachella2015,#Coachella,,,,,
positive,yes,Xx__smash,0,Holy shit...  __,,1/6/15 17:58,5.52645e+17,,,[],#Coachella2015,,,,,,,,[],#Coachella2015,,,,,,,
positive,yes,lisbethmcmoch,0,Have you seen Coachella 2015 Queen  at Big Daddydogg's  Show?,,1/6/15 17:58,5.52645e+17,Bielefeld,Greenland,[],#AzealiaBanks,#love,#GGN,#Coachella2015,#showtime,,,,[],#AzealiaBanks,#love,#GGN,#Coachella2015,#showtime,,,
positive,yes,MarkHenderson18,0,"This will no doubt be the highlight of  
Reelin in the Years :",,1/6/15 17:56,5.52645e+17,Melbourne,,[],#Coachella2015,#SteelyDan,,,,,,,[],#Coachella2015,#SteelyDan,,,,,,
positive,yes,itsjustjewels,0,"Suck it Basic Bitches if ya don't like it, more room for me at St. Vincent and Caribou",,1/6/15 17:53,5.52644e+17,"Calgary, Alberta, Canada",Mountain Time (US & Canada),[],#Coachella2015,,,,,,,,[],#Coachella2015,,,,,,,
positive,yes,And_Rayna,0,"Discovering . Beautiful, hypnotic brain candy. Reminds me so much of classic  Already jealous of",,1/6/15 17:53,5.52644e+17,Montreal,Eastern Time (US & Canada),[],#Coachella2015,,,,,,,,[],#Coachella2015,,,,,,,
positive,yes,jea_nelly,1,"RT : super reach, i know... but i hope stromae brings out kanye to perform 'alors on danse' lol",,1/6/15 17:52,5.52644e+17,Los Angeles,Pacific Time (US & Canada),[],#Coachella2015,,,,,,,,[],#Coachella2015,,,,,,,
positive,yes,ryanjohnson758,0,: : What an honor to play . Can't wait!   I want to go so bad2017,,1/6/15 17:52,5.52644e+17,"Parkersburg, West Virginia ",,[],#Coachella2015,,,,,,,,[],#Coachella2015,,,,,,,
positive,yes,modelashtaylor,0,I'll gladly pay hundreds of dollars to see Florence and the machine.,,1/6/15 17:51,5.52644e+17,"Minneapolis, Minnesota",Central Time (US & Canada),[],#Coachella2015,,,,,,,,[],#Coachella2015,,,,,,,
positive,yes,AngeeBaabe,0,This year I really want to go to Coachella!,,1/6/15 17:50,5.52643e+17,,,[],#Coachella2015,#TheWeeknd,,,,,,,[],#Coachella2015,#TheWeeknd,,,,,,
positive,yes,philthyyy,0,This lineup is ok at best. I don't understand how Milky Chance is a 3rd line act and Fitz is a 2nd,,1/6/15 17:50,5.52643e+17,"Warwick, RI, Gem of the Earth",Eastern Time (US & Canada),[],#Coachella2015,,,,,,,,[],#Coachella2015,,,,,,,
positive,yes,heather_gibson2,1,RT : SOOOO excited for  __,,1/6/15 17:50,5.52643e+17,,,[],#Coachella2015,,,,,,,,[],#Coachella2015,,,,,,,
positive,yes,B00NC00N,0,_ : GRADUATION TRIP ____,,1/6/15 17:50,5.52643e+17,In The Booty Club,Quito,[],#OVOXO,#Coachella2015,,,,,,,[],#OVOXO,#Coachella2015,,,,,,
positive,yes,La_Linda88,0,lineup_,,1/6/15 17:50,5.52643e+17,Denver,Pacific Time (US & Canada),[],#Coachella2015,,,,,,,,[],#Coachella2015,,,,,,,
positive,yes,talented_genius,0,GRADUATION TRIP ____,,1/6/15 17:49,5.52643e+17,surrounded by fuckery ,Eastern Time (US & Canada),[],#OVOXO,#Coachella2015,,,,,,,[],#OVOXO,#Coachella2015,,,,,,
positive,yes,Keyurruhh,0,""": I'm going! _   omg i wanna go.",,1/6/15 17:48,5.52643e+17,K I S S L A N D,Arizona,[],#Coachella2015,,,,,,,,[],#Coachella2015,,,,,,,
positive,yes,debsden2014,1,RT : Eek!  at  __ Dying of excitement!!,,1/6/15 17:48,5.52643e+17,,,[],#Coachella2015,,,,,,,,[],#Coachella2015,,,,,,,
positive,yes,MellyyRox,0,Pretty legit lineup this year.,,1/6/15 17:47,5.52643e+17,"My World, TX.",Eastern Time (US & Canada),[],#Coachella2015,,,,,,,,[],#Coachella2015,,,,,,,
positive,yes,thescottbailey,0,line-up is pretty sick as always. RIDE!!!! Holy TaTas that's going to be incredible!,,1/6/15 17:47,5.52643e+17,A La Luna,Eastern Time (US & Canada),[],#Coachella2015,,,,,,,,[],#Coachella2015,,,,,,,
positive,yes,bobbi_stalnaker,1,Still crying over the  line up and crying even harder that I'm not going. __________,,1/6/15 17:47,5.52643e+17,SoCal,Alaska,[],#Coachella2015,,,,,,,,[],#Coachella2015,,,,,,,
positive,yes,farrenbenjamin,0,Please save your polling of friends attending what weekend of  for text message groups. Don't need that in my timeline ,,1/6/15 17:47,5.52643e+17,"Los Angeles, CA",Pacific Time (US & Canada),[],#Coachella2015,,,,,,,,[],#Coachella2015,,,,,,,
positive,yes,TravisCano,0,Lineup finally announced,,1/6/15 17:43,5.52642e+17,,,[],#Coachella2015,#GotMyTickets,,,,,,,[],#Coachella2015,#GotMyTickets,,,,,,
positive,yes,Bree_Real,0,All YALL haters should of been on that payment plan! YA feel me! __,,1/6/15 17:42,5.52641e+17,,Alaska,[],#Coachella2015,#Blessed,#PaidAndGoing,#WeekendTwoTU,,,,,[],#Coachella2015,#Blessed,#PaidAndGoing,#WeekendTwoTU,,,,
positive,yes,socialkak,0,If anyone knows a  contest I can enter HOLLA!,,1/6/15 17:41,5.52641e+17,Canada,Eastern Time (US & Canada),[],#Coachella,#Coachella2015,,,,,,,[],#Coachella,#Coachella2015,,,,,,
positive,yes,MesicEjub,0,will be @  wow,"[0.0, 0.0]",1/6/15 17:41,5.52641e+17,,Arizona,[],#Coachella2015,,,,,,,,[],#Coachella2015,,,,,,,
positive,yes,ceehouse,1,"super reach, i know... but i hope stromae brings out kanye to perform 'alors on danse' lol",,1/6/15 17:40,5.52641e+17,LA,Pacific Time (US & Canada),[],#Coachella2015,,,,,,,,[],#Coachella2015,,,,,,,
positive,yes,qw_156,4,RT : Time to start planning our festival outfits _,,1/6/15 17:40,5.52641e+17,,,[],#Coachella2015,,,,,,,,[],#Coachella2015,,,,,,,
positive,yes,cwhitejr12,0,is the best choice headliner for  He's the really Turn Up Person. I want to get my tickets now just for that ______,,1/6/15 17:38,5.5264e+17,,,[],#Coachella2015,,,,,,,,[],#Coachella2015,,,,,,,
positive,yes,BigBishop02,0,or    ...Doing one of them for my bday.  In a perfect world id do both,,1/6/15 17:36,5.5264e+17,Wam/LA/Beantown #igetaround,Eastern Time (US & Canada),[],#Coachella2015,#stagecoach2015,,,,,,,[],#Coachella2015,#stagecoach2015,,,,,,
positive,yes,j_rymal,0,THERE ARE NO WORDS TO DESCRIBE HOW PUMPED I AM. CALIFORNIA HERE I COME.,,1/6/15 17:35,5.5264e+17,,Quito,[],#Coachella2015,,,,,,,,[],#Coachella2015,,,,,,,
positive,yes,jenpromotions1,5,RT :  lineup came out today! Who is bringing the  to the party?,,1/6/15 17:34,5.52639e+17,FL- US ,Eastern Time (US & Canada),[],#Coachella2015,#coldcockwhiskey,#Coachella,#coldcock,,,,,[],#Coachella2015,#coldcockwhiskey,#Coachella,#coldcock,,,,
positive,yes,oh_tayla,0,Something something Coachella ..,,1/6/15 17:33,5.52639e+17,,Hawaii,[],#cositscoolyeah,#Coachella2015,,,,,,,[],#cositscoolyeah,#Coachella2015,,,,,,
positive,yes,LosRakas,1,"RT : Proud of my friends  for landing 
Humble and talented....the grind pays off!_",,1/6/15 17:31,5.52639e+17,||| PANABAY |||,Pacific Time (US & Canada),[],#Coachella2015,,,,,,,,[],#Coachella2015,,,,,,,
positive,yes,BeauRyan,0,Rae and Ghost!,,1/6/15 17:31,5.52639e+17,Moz Angeles ,Pacific Time (US & Canada),[],#Coachella2015,,,,,,,,[],#Coachella2015,,,,,,,
positive,yes,funtessa,0,line-up is RIGHT...hoping this leads into other rad festival line ups.... ;-),,1/6/15 17:30,5.52638e+17,St. Louis,Central Time (US & Canada),[],#Coachella2015,#JamieXX,#RyanHemsworth,#MacDeMarco,#FKATwigs,,,,[],#Coachella2015,#JamieXX,#RyanHemsworth,#MacDeMarco,#FKATwigs,,,
positive,yes,BrandonKickz_,0,I wanna go to Cali _,,1/6/15 17:30,5.52638e+17,,Pacific Time (US & Canada),[],#Coachella2015,,,,,,,,[],#Coachella2015,,,,,,,
positive,yes,Luis_Pintoc,0,David Guetta and Drake in the Sunday night.. Damn Coachella is back!,,1/6/15 17:29,5.52638e+17,"Toronto, Ontario ",Eastern Time (US & Canada),[],#Coachella2015,,,,,,,,[],#Coachella2015,,,,,,,
positive,yes,BuffyPZW,0,Thank goodness I got my  pass early this year!! Tomorrow is going to be insane!  __,,1/6/15 17:27,5.52638e+17,Middle Earth to Hogwarts,,[],#Coachella2015,,,,,,,,[],#Coachella2015,,,,,,,
positive,yes,_madisonmeyers_,0,: What an honor to play . Can't wait!    _____,,1/6/15 17:26,5.52637e+17,,,[],#Coachella2015,,,,,,,,[],#Coachella2015,,,,,,,
positive,yes,_mandaMae,0,Hold the fucking phone. I'm going to coachella. COACHELLA!!!,,1/6/15 17:24,5.52637e+17,IN,Central Time (US & Canada),[],#Coachella2015,,,,,,,,[],#Coachella2015,,,,,,,
positive,yes,AlexisTheStunna,0,If they made a hologram of Aaliyah for Coachella it would be fucking insane,,1/6/15 17:22,5.52636e+17,,Arizona,[],#Coachella2015,,,,,,,,[],#Coachella2015,,,,,,,
positive,yes,RossDadian,0,fair warning don't be mad at me if i hit on your mom at the Steely Dan set,,1/6/15 17:20,5.52636e+17,LA,Pacific Time (US & Canada),[],#Coachella2015,,,,,,,,[],#Coachella2015,,,,,,,
positive,yes,IrishCarBombed,1,RT : Drake and brand new. These will be new levels of sadness never before reached. How exciting,,1/6/15 17:20,5.52636e+17,Barad-dr,Arizona,[],#Coachella2015,,,,,,,,[],#Coachella2015,,,,,,,
positive,yes,mchawk,1,RT : The lineup for  looks amazing!,,1/6/15 17:19,5.52636e+17,Non-Cartesian space,London,[],#Coachella2015,,,,,,,,[],#Coachella2015,,,,,,,
positive,yes,SirxYeezy,0,I'm going! _,,1/6/15 17:19,5.52635e+17,CALIFORNIA ,Arizona,[],#Coachella2015,,,,,,,,[],#Coachella2015,,,,,,,
positive,yes,KeilynRyusaki,0,Take me ___,,1/6/15 17:18,5.52635e+17,,,[],#Coachella2015,#birthdaypresent,,,,,,,[],#Coachella2015,#birthdaypresent,,,,,,
positive,yes,PastTenseOfHold,0,Really hope the beautiful and sexy  plays w  at . Need me some live luscious vocals,,1/6/15 17:15,5.52635e+17,,Pacific Time (US & Canada),[],#hotnatured,#Coachella2015,,,,,,,[],#hotnatured,#Coachella2015,,,,,,
positive,yes,ggrenchus,0,And the  line-up is UP!,,1/6/15 17:15,5.52635e+17,"New York, NY",Eastern Time (US & Canada),[],#Coachella2015,,,,,,,,[],#Coachella2015,,,,,,,
positive,yes,msbfranci,0,"Porter Robinson, George Ezra, Sylvan Esso, Weeknd, Hozier, Phox, Ryn Weaver, Coasts, Vance Joy, Florence + the Machine   ____",,1/6/15 17:14,5.52634e+17,,Central Time (US & Canada),[],#Coachella2015,,,,,,,,[],#Coachella2015,,,,,,,
positive,yes,Granter_,0,it's a date __,,1/6/15 17:14,5.52634e+17,Dublin,Dublin,[],#Coachella2015,#IfOnly,,,,,,,[],#Coachella2015,#IfOnly,,,,,,
positive,yes,jizztineee,0,I can't wait_,,1/6/15 17:13,5.52634e+17,,,[],#Coachella2015,,,,,,,,[],#Coachella2015,,,,,,,
positive,yes,JustPrecious21,0,"Please, can I go __",,1/6/15 17:13,5.52634e+17,,Central Time (US & Canada),[],#Coachella2015,,,,,,,,[],#Coachella2015,,,,,,,
positive,yes,pwrwoman,0,Um  and  is at  - I. Will. Not. Miss. It.,,1/6/15 17:12,5.52634e+17,"Bladensburg, MD",Eastern Time (US & Canada),[],#Coachella2015,,,,,,,,[],#Coachella2015,,,,,,,
positive,yes,macedoanthony88,0,Can I go to  and only watch Steely Dan and AC_DC for half the price?,,1/6/15 17:11,5.52634e+17,,,[],#Coachella2015,,,,,,,,[],#Coachella2015,,,,,,,
positive,yes,AKOD,0,If you guys don't go and watch Cloud Nothings at  we won't be friends anymore. EVER,,1/6/15 17:10,5.52633e+17,PSN: Teh_AKOD,Mexico City,[],#Coachella2015,,,,,,,,[],#Coachella2015,,,,,,,
positive,yes,raychelespiritu,0,I made a  playlist with all my fave songs from my fave artists on the lineup -   -,,1/6/15 17:10,5.52633e+17,"Los Angeles, CA",Pacific Time (US & Canada),[],#Coachella,#music,#Coachella2015,,,,,,[],#Coachella,#music,#Coachella2015,,,,,
positive,yes,MariaSass,0,Goddammit.  does it again,,1/6/15 17:09,5.52633e+17,LA + NY,Alaska,[],#Coachella2015,,,,,,,,[],#Coachella2015,,,,,,,
positive,yes,lissyb92,0,someone take me to   I'll work on my flower crown game.,,1/6/15 17:09,5.52633e+17,"Phoenix, AZ",,[],#Coachella2015,,,,,,,,[],#Coachella2015,,,,,,,
positive,yes,rucks_marissa,0,I have to go_,,1/6/15 17:08,5.52633e+17,,,[],#Coachella2015,,,,,,,,[],#Coachella2015,,,,,,,
positive,yes,CameronCannon99,2,RT : cannot wait to kill  w  and,,1/6/15 17:08,5.52633e+17,scranton (the electric city),Eastern Time (US & Canada),[],#Coachella2015,,,,,,,,[],#Coachella2015,,,,,,,
positive,yes,DJTokZick,1,RT :  line up is out OMFGGGGGG so many legendary acts old and new here.. Who are you excited for!?,,1/6/15 17:07,5.52633e+17,,Arizona,[],#COACHELLA2015,,,,,,,,[],#COACHELLA2015,,,,,,,
positive,yes,AKOD,0,"In all seriousness. I'm super hyped for Brand New. The only band in  that I would kill to see live. Yes, I'm 18 forever.",,1/6/15 17:07,5.52633e+17,PSN: Teh_AKOD,Mexico City,[],#Coachella2015,,,,,,,,[],#Coachella2015,,,,,,,
positive,yes,kandikatiee,0,Wanna go to,,1/6/15 17:05,5.52632e+17,my tent,,[],#Coachella2015,,,,,,,,[],#Coachella2015,,,,,,,
positive,yes,NiscelleW,0,listening to  on repeat for the rest of the day,"[45.53150475, -122.65509225]",1/6/15 17:03,5.52632e+17,keeping portland weird,Quito,[],#cherchezlaghost,#Coachella2015,,,,,,,[],#cherchezlaghost,#Coachella2015,,,,,,
positive,yes,ee_velynn,0,"Agree that last year had a better lineup,but with Florence there this year, going is very worth it! __",,1/6/15 17:03,5.52632e+17,Blue and Gold Land Cali ;),Pacific Time (US & Canada),[],#coachella2015,,,,,,,,[],#coachella2015,,,,,,,
positive,yes,thriftyALO,0,is at the top of my bucket list.,,1/6/15 17:01,5.52631e+17,.xT,Mountain Time (US & Canada),[],#Coachella2015,,,,,,,,[],#Coachella2015,,,,,,,
positive,yes,thefrumpqueen,0,someone please buy me  tickets,,1/6/15 17:00,5.52631e+17,,Atlantic Time (Canada),[],#Coachella2015,,,,,,,,[],#Coachella2015,,,,,,,
positive,yes,bellabocc,0,When you might be in LA the weekend of   and you see how amazing the line up is and then you remember how broke you are.,,1/6/15 17:00,5.52631e+17,NYC,,[],#Coachella2015,,,,,,,,[],#Coachella2015,,,,,,,
positive,yes,LCsReality,0,I must've been REAAAALLLY good this year _ Best announcement ever!,,1/6/15 17:00,5.52631e+17,"Los Angeles, CA",Pacific Time (US & Canada),[],#coachella2015,#drakeheadlines,,,,,,,[],#coachella2015,#drakeheadlines,,,,,,
positive,yes,TheDivaDish,0,baby!,,1/6/15 16:59,5.52631e+17,"Los Angeles, CA",Central Time (US & Canada),[],#Coachella2015,,,,,,,,[],#Coachella2015,,,,,,,
positive,yes,punkkx5sos,0,I WANNA GO TO COACHELLA SO BADLY,,1/6/15 16:58,5.5263e+17,,Eastern Time (US & Canada),[],#Coachella2015,,,,,,,,[],#Coachella2015,,,,,,,
positive,yes,ovo_jessica,0,Want to to go  but my friends aren't cool for that lol,,1/6/15 16:58,5.5263e+17,"Montreal,Canada",Eastern Time (US & Canada),[],#Coachella2015,,,,,,,,[],#Coachella2015,,,,,,,
positive,yes,MonicaFulmer,4,FUCK ME DUDE I WANT TO GO SO BADDDDD,,1/6/15 16:57,5.5263e+17,Jersey,Eastern Time (US & Canada),[],#Coachella2015,,,,,,,,[],#Coachella2015,,,,,,,
positive,yes,MissEllie06,0,"This could be us, but my bff and I are both broke.",,1/6/15 16:57,5.5263e+17,,Central Time (US & Canada),[],#Coachella2015,,,,,,,,[],#Coachella2015,,,,,,,
positive,yes,jimsorock,0,This  lineup keeps pleasantly surprising me. Just noticed  is playing.,,1/6/15 16:56,5.5263e+17,"Los Angeles, CA",Pacific Time (US & Canada),[],#Coachella2015,,,,,,,,[],#Coachella2015,,,,,,,
positive,yes,omgwhorehey,0,Coachella will be even better this second time around ______  coachella,,1/6/15 16:55,5.5263e+17,Las vegas ,Pacific Time (US & Canada),[],#coachella2015,,,,,,,,[],#coachella2015,,,,,,,
positive,yes,Mal_SoBomb,0,My life would be made if I can go to  __,,1/6/15 16:55,5.5263e+17,,Arizona,[],#Coachella2015,,,,,,,,[],#Coachella2015,,,,,,,
positive,yes,__jazzaaay,0,Who ever wants to buy my coachella ticket let me know 900$,,1/6/15 16:55,5.5263e+17,"|San Fransico,CA|",,[],#Coachella2015,#Coachella,#coachellalineup,,,,,,[],#Coachella2015,#Coachella,#coachellalineup,,,,,
positive,yes,beranek,1,The lineup for  looks amazing!,,1/6/15 16:55,5.52629e+17,New Mexico,Mountain Time (US & Canada),[],#Coachella2015,,,,,,,,[],#Coachella2015,,,,,,,
positive,yes,scenesfromrehab,0,Stoked ticket already bought  here we come   -j...,,1/6/15 16:54,5.52629e+17,"#rehab, #addiction",,[],#coachella2015,#drake,#milkychance,#alt,#the,,,,[],#coachella2015,#drake,#milkychance,#alt,#the,,,
positive,yes,AlexLegendxXx,0,is gonna be the last  live performance so if anyone's looking for me in April u know where to find me. _______,,1/6/15 16:54,5.52629e+17,HELLIFORNIA,Pacific Time (US & Canada),[],#Coachella2015,#Gesaffelstein,,,,,,,[],#Coachella2015,#Gesaffelstein,,,,,,
positive,yes,AKOD,0,The motherfucking War On Drugs! now those guys must be killer live! not like the actual War on drugs...,,1/6/15 16:52,5.52629e+17,PSN: Teh_AKOD,Mexico City,[],#Coachella2015,,,,,,,,[],#Coachella2015,,,,,,,
positive,yes,daniellearrivi,0,"Everyone's freaking out over  and I'm over here like, ""What should my first tweet be?""",,1/6/15 16:52,5.52629e+17,Salt Lake City ,,[],#Coachella2015,,,,,,,,[],#Coachella2015,,,,,,,
positive,yes,e_gadd,0,I want to see  at   :(,,1/6/15 16:52,5.52629e+17,San Francisco ,Pacific Time (US & Canada),[],#Coachella2015,,,,,,,,[],#Coachella2015,,,,,,,
positive,yes,JayJay_T5,0,SOMEONE TAKE ME __,,1/6/15 16:51,5.52629e+17,tx ,,[],#Coachella2015,,,,,,,,[],#Coachella2015,,,,,,,
positive,yes,jkristoh,0,line-up announced. Who picked the headliners.. But ACDC tho..,,1/6/15 16:51,5.52629e+17,,Pacific Time (US & Canada),[],#Coachella2015,,,,,,,,[],#Coachella2015,,,,,,,
positive,yes,hbabyx3,0,"Thinking bout blowing money  $$$ on   , decisions ?! _",,1/6/15 16:51,5.52629e+17,,,[],#Coachella2015,#thelineuptho,,,,,,,[],#Coachella2015,#thelineuptho,,,,,,
positive,yes,bec0abcdefghij,0,So proud of bae! Wish I had enough ___ to come and support _______,,1/6/15 16:50,5.52628e+17,,,[],#Coachella2015,,,,,,,,[],#Coachella2015,,,,,,,
positive,yes,TonyWorms,1,Brand New and Circa Survive playing Sunday at Coachella. Woooooooo,,1/6/15 16:50,5.52628e+17,"Manchester, England",,[],#Coachella2015,,,,,,,,[],#Coachella2015,,,,,,,
positive,yes,tonybanhkenobi,1,RT : I've seen The Rolling Stones live... Now all that's left on my list is AC/DC and I will be in heaven _,,1/6/15 16:50,5.52628e+17,"Los Angeles, California",Pacific Time (US & Canada),[],#Coachella2015,,,,,,,,[],#Coachella2015,,,,,,,
positive,yes,TANIyasso,0,Mista  headlining !! You're gonna kill it bu.,,1/6/15 16:49,5.52628e+17,"CHICAGO / SLC / SD / HILO, HI",Pacific Time (US & Canada),[],#Coachella2015,#comethru,#NWTS,,,,,,[],#Coachella2015,#comethru,#NWTS,,,,,
positive,yes,ChineseLaundry,4,Time to start planning our festival outfits _,,1/6/15 16:49,5.52628e+17,"Los Angeles, CA ",Pacific Time (US & Canada),[],#Coachella2015,,,,,,,,[],#Coachella2015,,,,,,,
positive,yes,SaraShayksBae,8,RT : Can't wait for Coachella ,,1/6/15 16:49,5.52628e+17,Serbia,Athens,[],#Coachella2015,,,,,,,,[],#Coachella2015,,,,,,,
positive,yes,MikeForeverY,0,I want go to  .,,1/6/15 16:48,5.52628e+17,,Santiago,[],#Coachella2015,,,,,,,,[],#Coachella2015,,,,,,,
positive,yes,notnotwill,0,I need to be there! I need a job with more pay. Tame Impala and Interpol.... Aaah!,,1/6/15 16:48,5.52628e+17,"Los Angeles, CA",Pacific Time (US & Canada),[],#Coachella2015,,,,,,,,[],#Coachella2015,,,,,,,
positive,yes,kntluu,0,wtf how can there be so many beautiful people in one area,"[-33.8965235, 150.92361166]",1/6/15 16:46,5.52627e+17,,Sydney,[],#Coachella2015,,,,,,,,[],#Coachella2015,,,,,,,
positive,yes,pervertxx,0,pretending to study while reading this  _,,1/6/15 16:45,5.52627e+17,,,[],#Coachella2015,,,,,,,,[],#Coachella2015,,,,,,,
positive,yes,Stylebabe105,0,Moment:  Lineup Is Here! See Who's Joining  and AC/DC,,1/6/15 16:45,5.52627e+17,Florida  ,Eastern Time (US & Canada),[],#Music,#Coachella2015,#Drake,,,,,,[],#Music,#Coachella2015,#Drake,,,,,
positive,yes,_kristrodriguez,0,Torn between going to week 1 or 2 ____,,1/6/15 16:45,5.52627e+17,,Arizona,[],#Coachella2015,,,,,,,,[],#Coachella2015,,,,,,,
positive,yes,RicckyC,1,nice,,1/6/15 16:44,5.52627e+17,,Eastern Time (US & Canada),[],#Coachella2015,,,,,,,,[],#Coachella2015,,,,,,,
positive,yes,Clare5Bear,0,So what if I go to Coachella this year? So what if someone snuffs unrecognizable drugs up my nostrils?,,1/6/15 16:44,5.52627e+17,Eyyyy,,[],#Coachella2015,,,,,,,,[],#Coachella2015,,,,,,,
positive,yes,DarnellCEO,1,RT : so hard to decide whether to follow the  or the  hastag!,,1/6/15 16:43,5.52627e+17,EL Paso-Houston-NYC-Vegas-DFW,Central Time (US & Canada),[],#CES2015,#Coachella2015,,,,,,,[],#CES2015,#Coachella2015,,,,,,
positive,yes,lillymcfrilly,0,Stoked to see so much Aussie talent!,,1/6/15 16:42,5.52626e+17,Australia,,[],#Coachella2015,,,,,,,,[],#Coachella2015,,,,,,,
positive,yes,lealawrence54,0,Coachella's line up is so dope! So stoked!,,1/6/15 16:42,5.52626e+17,,Pacific Time (US & Canada),[],#Coachella2015,,,,,,,,[],#Coachella2015,,,,,,,
positive,yes,p2kEddie,0,I really want to see a live performance by ACDC,,1/6/15 16:42,5.52626e+17,Las Vegas,Pacific Time (US & Canada),[],#Coachella2015,,,,,,,,[],#Coachella2015,,,,,,,
positive,yes,Makenzie_Wilson,1,RT : Anyone else feeling like  is worth quitting your job to go to? Ok just me?,,1/6/15 16:42,5.52626e+17,"Scurry, Tx",Quito,[],#Coachella2015,,,,,,,,[],#Coachella2015,,,,,,,
positive,yes,_anasoko_,0,One day I will go to Coachella.,"[40.19923832, -75.4453257]",1/6/15 16:41,5.52626e+17,,Eastern Time (US & Canada),[],#Coachella2015,,,,,,,,[],#Coachella2015,,,,,,,
positive,yes,KellyS716,0,That coachella line up is amazing,,1/6/15 16:41,5.52626e+17,victoria,Melbourne,[],#Coachella2015,,,,,,,,[],#Coachella2015,,,,,,,
positive,yes,crazygoji,0,lineup is fuckin sweeeeeet,,1/6/15 16:38,5.52625e+17,Oswego IL,Central Time (US & Canada),[],#Coachella2015,,,,,,,,[],#Coachella2015,,,,,,,
positive,yes,ericxchiang,0,:  lineup _  To go to Coachella or to save money ..,,1/6/15 16:38,5.52625e+17,,Pacific Time (US & Canada),[],#Coachella2015,,,,,,,,[],#Coachella2015,,,,,,,
positive,yes,AyeeYogi,0,: You see it  THE CHEF COMING TO THE DESERT YEAHH,,1/6/15 16:38,5.52625e+17,B47ANCE ,Pacific Time (US & Canada),[],#Coachella2015,,,,,,,,[],#Coachella2015,,,,,,,
positive,yes,jeandonum,0,MUST GO TO  I need to see          !UGHHH,,1/6/15 16:37,5.52625e+17,California.,,[],#Coachella2015,,,,,,,,[],#Coachella2015,,,,,,,
positive,yes,sydtaycov,0,"Alright, who's taking me to  ?",,1/6/15 16:37,5.52625e+17,"Lexington, KY",Eastern Time (US & Canada),[],#Coachella2015,#prettyplease,,,,,,,[],#Coachella2015,#prettyplease,,,,,,
positive,yes,djpsychology,0,I need to book a flight.,,1/6/15 16:37,5.52625e+17,"T: 45.4532,-73.658787",Eastern Time (US & Canada),[],#coachella2015,,,,,,,,[],#coachella2015,,,,,,,
positive,yes,djpsychology,0,I need to book a flight.,,1/6/15 16:36,5.52625e+17,"T: 45.4532,-73.658787",Eastern Time (US & Canada),[],#coachella2015,,,,,,,,[],#coachella2015,,,,,,,
positive,yes,JaKnDaX,0,That Friday set though!!!,,1/6/15 16:36,5.52625e+17,"Northridge, CA.",Pacific Time (US & Canada),[],#coachella2015,,,,,,,,[],#coachella2015,,,,,,,
positive,yes,delishandwich,0,the  lineup is gold,,1/6/15 16:35,5.52625e+17,"San Francisco, CA",Pacific Time (US & Canada),[],#Coachella2015,,,,,,,,[],#Coachella2015,,,,,,,
positive,yes,RyVn24,0,see Ya   right in my hometown!!,,1/6/15 16:35,5.52625e+17,,,[],#Coachella2015,,,,,,,,[],#Coachella2015,,,,,,,
positive,yes,KidjessSaks,0,Not bad at all! _,,1/6/15 16:35,5.52624e+17,,Arizona,[],#coachella2015,,,,,,,,[],#coachella2015,,,,,,,
positive,yes,thnksfrthdbuds,0,"fuck yes Jack White, AC/DC and  for  oh jeez &lt;3",,1/6/15 16:34,5.52624e+17,land of sassy,Vienna,[],#Coachella2015,,,,,,,,[],#Coachella2015,,,,,,,
positive,yes,eyyybeybey,0,Florence + The Machine too!!!!,,1/6/15 16:32,5.52624e+17,,Hong Kong,[],#Coachella2015,,,,,,,,[],#Coachella2015,,,,,,,
positive,yes,Talissa_Bazaz,0,Anyone who want to sponsor a student to get me to ?! That lineup though!,,1/6/15 16:31,5.52624e+17,Wollongong,,[],#Coachella2015,#crowdfunding,#helpmeimpoor,#wowee,,,,,[],#Coachella2015,#crowdfunding,#helpmeimpoor,#wowee,,,,
positive,yes,audiopanacea,0,Fingers crossed for a  &amp;  duet @,,1/6/15 16:30,5.52623e+17,,Eastern Time (US & Canada),[],#Coachella2015,,,,,,,,[],#Coachella2015,,,,,,,
positive,yes,EvolWalks,1,Eek!  at  __ Dying of excitement!!,"[-28.06593703, 153.4113834]",1/6/15 16:30,5.52623e+17,Hollywood ,,[],#Coachella2015,,,,,,,,[],#Coachella2015,,,,,,,
positive,yes,EdgarSurya,1,lineup _,,1/6/15 16:30,5.52623e+17,South Hayward _ Merced,Pacific Time (US & Canada),[],#Coachella2015,,,,,,,,[],#Coachella2015,,,,,,,
positive,yes,MarissaWillman,1,RT : Who's excited?!      _,,1/6/15 16:30,5.52623e+17,"Coachella Valley, CA",,[],#Coachella,#coachellafest,#coachella2015,#music,#discoverpalmsprings,#palmsprings,,,[],#Coachella,#coachellafest,#coachella2015,#music,#discoverpalmsprings,#palmsprings,,
positive,yes,lanachukri,0,/ oh my.....   Let's?,,1/6/15 16:30,5.52623e+17,,Abu Dhabi,[],#Coachella2015,,,,,,,,[],#Coachella2015,,,,,,,
positive,yes,AKOD,0,"By now, Wutang Clan has been split into so many pieces that getting them back together its like getting all the Dragon Ball's",,1/6/15 16:29,5.52623e+17,PSN: Teh_AKOD,Mexico City,[],#Coachella2015,,,,,,,,[],#Coachella2015,,,,,,,
positive,yes,KhalDesi,0,Who needs textbooks when there are   tickets to be bought?,,1/6/15 16:28,5.52623e+17,Little Rock  Santa Clara,,[],#Coachella2015,,,,,,,,[],#Coachella2015,,,,,,,
positive,yes,MassimoAZ,0,Line up  _________________________,,1/6/15 16:27,5.52623e+17,,,[],#Coachella2015,,,,,,,,[],#Coachella2015,,,,,,,
positive,yes,CallumParry1,0,The fact that  is happening when I'm in Los Angeles in a few months is very tempting.,,1/6/15 16:27,5.52622e+17,,London,[],#Coachella2015,,,,,,,,[],#Coachella2015,,,,,,,
positive,yes,ceearahk,1,SOOOO excited for  __,,1/6/15 16:26,5.52622e+17,,,[],#Coachella2015,,,,,,,,[],#Coachella2015,,,,,,,
positive,yes,JDtheVice,0,"Congrats , your lineup is fuckin unreal.",,1/6/15 16:26,5.52622e+17,,Central Time (US & Canada),[],#Coachella2015,,,,,,,,[],#Coachella2015,,,,,,,
positive,yes,cblizzle,0,sounds like its bout to be amazing. I wish I was in California...,,1/6/15 16:25,5.52622e+17,Anonymous Artistic ,Central Time (US & Canada),[],#Coachella2015,,,,,,,,[],#Coachella2015,,,,,,,
positive,yes,gurillamatt,1,RT : I'm hyperventilating,,1/6/15 16:25,5.52622e+17,,,[],#Coachella2015,,,,,,,,[],#Coachella2015,,,,,,,
positive,yes,whoisskitzo,0,Waittt I might wanna go to   __,,1/6/15 16:25,5.52622e+17, taking over the _,Central Time (US & Canada),[],#Coachella2015,,,,,,,,[],#Coachella2015,,,,,,,
positive,yes,TahaGeorge,0,DRAKE HERE I COME,,1/6/15 16:24,5.52622e+17,#23,,[],#Coachella2015,,,,,,,,[],#Coachella2015,,,,,,,
positive,yes,CLINTHOWDIN,0,headline  !!! Please let my lotto numbers pop up!!,,1/6/15 16:24,5.52622e+17,"Sydney,Australia ",,[],#ACDC,#Coachella2015,,,,,,,[],#ACDC,#Coachella2015,,,,,,
positive,yes,iwannabeAngel,0,"Yo , I'm proud of you and imma let you finish, but  should be headlining at .","[32.18527628, -111.00069802]",1/6/15 16:24,5.52622e+17,AZ,Pacific Time (US & Canada),[],#Coachella2015,,,,,,,,[],#Coachella2015,,,,,,,
positive,yes,LNPerry91,0,DON'T. The  lineup is muuuch too much __,,1/6/15 16:24,5.52622e+17,"Maidstone/London, England",London,[],#Coachella2015,,,,,,,,[],#Coachella2015,,,,,,,
positive,yes,biancabulletsxo,0,:  Huh? ___ This will be  ______ See you there!,,1/6/15 16:24,5.52622e+17,at the end of a bottle,Eastern Time (US & Canada),[],#Coachella2015,#Epic,,,,,,,[],#Coachella2015,#Epic,,,,,,
positive,yes,triceraHOPS,0,finally a lineup that makes sense!,,1/6/15 16:24,5.52622e+17,"Brooklyn, NY",,[],#Coachella2015,,,,,,,,[],#Coachella2015,,,,,,,
positive,yes,MissXOverdose,0,""":  Huh? ___ This will be  ______ See you there!"" Soooo jealous _ wish I could be there. I know you'll slay. _",,1/6/15 16:23,5.52622e+17,atx,Pacific Time (US & Canada),[],#Coachella2015,#Epic,,,,,,,[],#Coachella2015,#Epic,,,,,,
positive,yes,jaylocsta37,1,RT : Me n Bae are celebrating our one year anniversary at  and Drake is headlining. We won.,,1/6/15 16:23,5.52621e+17,Chicago Massachusetts,,[],#Coachella2015,,,,,,,,[],#Coachella2015,,,,,,,
positive,yes,kailynnlanee,0,someone give me $435,,1/6/15 16:22,5.52621e+17,beacon hills,Central Time (US & Canada),[],#Coachella2015,,,,,,,,[],#Coachella2015,,,,,,,
positive,yes,Ashleytoledo_,1,RT : : :  lineup looks fucking awesome girl yes I'm tryna see my baby drake_ _,,1/6/15 16:22,5.52621e+17,,,[],#Coachella2015,,,,,,,,[],#Coachella2015,,,,,,,
positive,yes,JokesOnDee,0,"After seeing the Coachella lineup today, the real question is: Do I buy textbooks ...or tickets?",,1/6/15 16:22,5.52621e+17,"Athens, Ga",,[],#Coachella2015,#collegegirldecisions,,,,,,,[],#Coachella2015,#collegegirldecisions,,,,,,
positive,yes,brianfbenton,3,dream  lineup.,,1/6/15 16:21,5.52621e+17,ca x mo,Arizona,[],#coachella,#coachella2015,#drake,#drizzy,#champagnepapi,,,,[],#coachella,#coachella2015,#drake,#drizzy,#champagnepapi,,,
positive,yes,priscyflamenco,1,: :  lineup looks fucking awesome girl yes I'm tryna see my baby drake_ same and the weeknd _,,1/6/15 16:21,5.52621e+17,,Alaska,[],#Coachella2015,,,,,,,,[],#Coachella2015,,,,,,,
positive,yes,TaylorBear1013,1,RT : omg i wanna go so bad,,1/6/15 16:21,5.52621e+17,,,[],#Coachella2015,,,,,,,,[],#Coachella2015,,,,,,,
positive,yes,Doll_Ambition,0,I really wanna go! Any takers? Trip to my home state plus I get to see my husband ! _,,1/6/15 16:20,5.52621e+17,CA _/ NJ / AL / VA,Eastern Time (US & Canada),[],#coachella2015,,,,,,,,[],#coachella2015,,,,,,,
positive,yes,AlieeeCat,0,... And the  lineup has been released. Too bad I can't go! ______,,1/6/15 16:20,5.52621e+17,StL,Central Time (US & Canada),[],#Coachella2015,,,,,,,,[],#Coachella2015,,,,,,,
positive,yes,Jae_Aiko,0,Defiantly need to find a sugar daddy before April cause I wanna go to  _,,1/6/15 16:19,5.52621e+17,,Mountain Time (US & Canada),[],#Coachella2015,,,,,,,,[],#Coachella2015,,,,,,,
positive,yes,xdaniiiiiie,0,": Drake, Run The Jewels and more will perform at Coachella     _",,1/6/15 16:18,5.5262e+17,"Boston, MA",Central Time (US & Canada),[],#Coachella2015,,,,,,,,[],#Coachella2015,,,,,,,
positive,yes,FreshSweaterGuy,0,I want to go to Coachella this year.,,1/6/15 16:18,5.5262e+17,ER | St. Cloud | Minneapolis,Central Time (US & Canada),[],#JustToNameAFew,#Coachella2015,,,,,,,[],#JustToNameAFew,#Coachella2015,,,,,,
positive,yes,HausDeJudas,0,Oh my gosh Jack White headlining at  ______,,1/6/15 16:18,5.5262e+17,Tobacco Rd. ,Pacific Time (US & Canada),[],#Coachella2015,,,,,,,,[],#Coachella2015,,,,,,,
positive,yes,Kurdtc0bain,1,RT : At 1st glance  line up looks just ok but it's actually good balance of all types of acts- gives more time 2 enj_,,1/6/15 16:17,5.5262e+17,,Pacific Time (US & Canada),[],,,,,,,,,[],,,,,,,,
positive,yes,taylor_symone4,0,The Weeknd will be at Coachella  ___,"[32.90607843, -83.72548498]",1/6/15 16:15,5.5262e+17,,,[],#Coachella2015,,,,,,,,[],#Coachella2015,,,,,,,
positive,yes,Jesstinn,0,BRAND NEW IS MY ALLLLLL TIME FAVORITE BAND....,,1/6/15 16:15,5.5262e+17,,,[],#Coachella2015,,,,,,,,[],#Coachella2015,,,,,,,
positive,yes,radicalmarixo,3,RT : I have mad chills right now.,,1/6/15 16:14,5.52619e+17,,Central Time (US & Canada),[],#Coachella2015,,,,,,,,[],#Coachella2015,,,,,,,
positive,yes,spanglishpop,0,my favs are,,1/6/15 16:14,5.52619e+17,Los Angeles,Pacific Time (US & Canada),[],#Coachella2015,,,,,,,,[],#Coachella2015,,,,,,,
positive,yes,radicalmarixo,1,RT : Wow! Coachella lineup in amazing this year!,,1/6/15 16:14,5.52619e+17,,Central Time (US & Canada),[],#Coachella2015,#coachella,,,,,,,[],#Coachella2015,#coachella,,,,,,
positive,yes,minhtha,0,My ideal  lineup tbh :,,1/6/15 16:13,5.52619e+17,the cosmos,Quito,[],#Coachella2015,,,,,,,,[],#Coachella2015,,,,,,,
positive,yes,sa_flowers633,0,I just wanna see the  on day two,,1/6/15 16:12,5.52619e+17,,,[],#Coachella2015,,,,,,,,[],#Coachella2015,,,,,,,
positive,yes,SaLeM_xo,0,I really think i need to basically blow all my money to go to  this yr. ___,,1/6/15 16:12,5.52619e+17,Hogwarts ,Eastern Time (US & Canada),[],#Coachella2015,,,,,,,,[],#Coachella2015,,,,,,,
positive,yes,janellesmarella,0,for .  for . AC/DC for . Two out of three ain't bad.,,1/6/15 16:11,5.52618e+17,,Central Time (US & Canada),[],#JoanDidion,#Celine,#Coachella2015,,,,,,[],#JoanDidion,#Celine,#Coachella2015,,,,,
positive,yes,Maitreya2012,0,MUST GO!,,1/6/15 16:10,5.52618e+17,"Scottsdale, Arizona",Arizona,[],#coachella2015,#music,#love,#firsttimer,,,,,[],#coachella2015,#music,#love,#firsttimer,,,,
positive,yes,GoRonGo,0,Glad I have a place a few blocks from  If only there was some !!,,1/6/15 16:10,5.52618e+17,San Francisco,Pacific Time (US & Canada),[],#Coachella2015,#electroswing,,,,,,,[],#Coachella2015,#electroswing,,,,,,
positive,yes,aosterrhaus,0,Yep this happen...  bitches,,1/6/15 16:09,5.52618e+17,,Central Time (US & Canada),[],#coachella2015,,,,,,,,[],#coachella2015,,,,,,,
positive,yes,kimalaaay,0,The COACHELLA 2015 lineup is intense its make me more sad that I'm poor ___________,,1/6/15 16:09,5.52618e+17,,,[],#Coachella2015,,,,,,,,[],#Coachella2015,,,,,,,
positive,yes,Costobot,0,I really want to go to Coachella now,,1/6/15 16:07,5.52618e+17,Washington,Arizona,[],#Coachella2015,,,,,,,,[],#Coachella2015,,,,,,,
positive,yes,karaluiz,0,Awesome that  will be at ! It would be an awesome concert if  and  would also perform!,,1/6/15 16:07,5.52617e+17,Los Angeles,Pacific Time (US & Canada),[],#Drake,#Coachella2015,,,,,,,[],#Drake,#Coachella2015,,,,,,
positive,yes,CDLmusic,0,"lineup is released. Jack White, AC/DC, etc.",,1/6/15 16:07,5.52617e+17,"Calgary, Canada",Mountain Time (US & Canada),[],#Coachella2015,#festival,,,,,,,[],#Coachella2015,#festival,,,,,,
positive,yes,Heartthrob__xx,0,Ey! Sing up for free Coachella tickets!,,1/6/15 16:07,5.52617e+17,"Sun City  {El Paso, TX}",Pacific Time (US & Canada),[],#Coachella2015,#Coachella,,,,,,,[],#Coachella2015,#Coachella,,,,,,
positive,yes,doobwah,0,"Hoping for a ""Back in Black Cow"" on Friday :)  Coachella 2015 lineup | The Verge -",,1/6/15 16:06,5.52617e+17,"Marina del Rey, CA",Pacific Time (US & Canada),[],#coachella2015,,,,,,,,[],#coachella2015,,,,,,,
positive,yes,Loren_FM,0,i'll be at   first weekend bruh bruh,,1/6/15 16:06,5.52617e+17,Huntington Beach,Alaska,[],#Coachella2015,#coachella,,,,,,,[],#Coachella2015,#coachella,,,,,,
positive,yes,lovealiciaa,0,0 to _ real quick,,1/6/15 16:05,5.52617e+17,Los Angeles,Pacific Time (US & Canada),[],#coachella2015,,,,,,,,[],#coachella2015,,,,,,,
positive,yes,Verballl,0,Take me to  wid,,1/6/15 16:05,5.52617e+17,,Abu Dhabi,[],#Coachella2015,,,,,,,,[],#Coachella2015,,,,,,,
positive,yes,envychristine,0,Now I have something to look forward too..,,1/6/15 16:04,5.52617e+17,@iloveeli_,Pacific Time (US & Canada),[],#Coachella2015,,,,,,,,[],#Coachella2015,,,,,,,
positive,yes,steffybaybeeh_,0,Can't Wait! ___,,1/6/15 16:04,5.52617e+17,__/ ,Atlantic Time (Canada),[],#coachella2015,,,,,,,,[],#coachella2015,,,,,,,
positive,yes,mrmattdean,0,"lineup is lookin dope, I'm there the 2nd weekend",,1/6/15 16:01,5.52616e+17,Bay Area bred...IG:mrmattdean,Pacific Time (US & Canada),[],#coachella2015,,,,,,,,[],#coachella2015,,,,,,,
positive,yes,chriswatt44,0,Strong lineup.,,1/6/15 16:00,5.52616e+17,"Peckham, LDN",Amsterdam,[],#Coachella2015,,,,,,,,[],#Coachella2015,,,,,,,
positive,yes,lizisnotsexy,4,who cares about the  lineup all I wanna know is the  2015 full lineup,,1/6/15 15:59,5.52616e+17,"Bridgman, MI",Atlantic Time (Canada),[],#Coachella2015,#warpedtour,,,,,,,[],#Coachella2015,#warpedtour,,,,,,
positive,yes,Angelakei,0,COACHELLA??? Congrats guys that's huge!!! Can't wait to see you guys there,,1/6/15 15:58,5.52615e+17,San Diego,Pacific Time (US & Canada),[],#weekendone,#KNKAllDay,#Coachella2015,,,,,,[],#weekendone,#KNKAllDay,#Coachella2015,,,,,
positive,yes,Brindell_,0,_ the line up for,,1/6/15 15:58,5.52615e+17,"Los Angeles, CA",Pacific Time (US & Canada),[],#Coachella2015,,,,,,,,[],#Coachella2015,,,,,,,
positive,yes,DawnLeeWake,0,Coachella surprises fans with Steely Dan and AC/DC on 2015 lineup,,1/6/15 15:58,5.52615e+17,Wherever the plane lands,Central Time (US & Canada),[],#coachella,#steelydan,#acdc,#coachella2015,,,,,[],#coachella,#steelydan,#acdc,#coachella2015,,,,
positive,yes,jazmexno2,0,Id really love to go to,,1/6/15 15:57,5.52615e+17,Paradise,,[],#Coachella2015,,,,,,,,[],#Coachella2015,,,,,,,
positive,yes,SussanMourad,0,"Line Up Announced, see you at !!",,1/6/15 15:57,5.52615e+17,Instagram: @SUSSAN_MOURAD,Sydney,[],#Coachella2015,#Coachella,#coachellalineup,,,,,,[],#Coachella2015,#Coachella,#coachellalineup,,,,,
positive,yes,Cassymm,0,The  lineup is the beautiful thing I have ever seen.,"[30.64153898, -89.67195454]",1/6/15 15:56,5.52615e+17,OK | LA | MS ,,[],#Coachella2015,,,,,,,,[],#Coachella2015,,,,,,,
positive,yes,JoslynSinger,0,I'll be seeing you Coachella in April!!!,,1/6/15 15:55,5.52614e+17,The Windy City ,Central Time (US & Canada),[],#coachella2015,#vacation,#musicjunkie,,,,,,[],#coachella2015,#vacation,#musicjunkie,,,,,
positive,yes,Mannyharlem,1,"Proud of my friends  for landing 
Humble and talented....the grind pays off!_",,1/6/15 15:55,5.52614e+17,"Harlem, New York",Eastern Time (US & Canada),[],#Coachella2015,,,,,,,,[],#Coachella2015,,,,,,,
positive,yes,sound_em,2,RT : The line up for  is beautiful,,1/6/15 15:55,5.52614e+17,Radtown,Atlantic Time (Canada),[],#Coachella2015,,,,,,,,[],#Coachella2015,,,,,,,
positive,yes,Sincerely_Kattt,2,The line up for  is beautiful,,1/6/15 15:53,5.52614e+17,IG: ktlyasoundara,,[],#Coachella2015,,,,,,,,[],#Coachella2015,,,,,,,
positive,yes,thelazyones,1,RT : Erol Alkan all I'm really stoked about tbh,,1/6/15 15:53,5.52614e+17,"Shoreditch, East London",London,[],#Coachella2015,,,,,,,,[],#Coachella2015,,,,,,,
positive,yes,jaylocsta37,1,"Drake, The Wknd, Action Bronson, Raekwon and Ghost, Ab-Soul, Florence and the machine, + many more! I'm pumped!  we in there!!",,1/6/15 15:53,5.52614e+17,Chicago Massachusetts,,[],#Coachella2015,,,,,,,,[],#Coachella2015,,,,,,,
positive,yes,Top5in5,0,Amazing line up for  -  will be there BRING IT,,1/6/15 15:52,5.52614e+17,London,,[],#Coachella2015,#top5in5,,,,,,,[],#Coachella2015,#top5in5,,,,,,
positive,yes,laurenrenaepain,0,lineup is pretty sweet especially since two of my favourite producers  and  are playing,,1/6/15 15:50,5.52613e+17,your imagination ,Hawaii,[],#Coachella2015,,,,,,,,[],#Coachella2015,,,,,,,
positive,yes,MoonglowLounge,1,RT : Ready for ? We're here to help! ___Flower headbands &amp; hair tutorials at,,1/6/15 15:49,5.52613e+17,USA,Central Time (US & Canada),[],#Coachella,#Coachella2015,,,,,,,[],#Coachella,#Coachella2015,,,,,,
positive,yes,jamesyellett,0,- see you there!,,1/6/15 15:48,5.52613e+17,Los Angeles,London,[],#Coachella2015,#reunion,,,,,,,[],#Coachella2015,#reunion,,,,,,
positive,yes,couturemermaid,0,I'm going to Coachella Weekend 1! Check out who I'm excited to see.,,1/6/15 15:48,5.52613e+17,"La Jolla, CA",,[],#COACHELLA2015,,,,,,,,[],#COACHELLA2015,,,,,,,
positive,yes,FlowerChildHair,1,Ready for ? We're here to help! ___Flower headbands &amp; hair tutorials at,,1/6/15 15:48,5.52613e+17,,Pacific Time (US & Canada),[],#Coachella,#Coachella2015,,,,,,,[],#Coachella,#Coachella2015,,,,,,
positive,yes,emmapilon,0,I wanna go so bad _,"[42.42136607, -82.20279203]",1/6/15 15:47,5.52612e+17,,Atlantic Time (Canada),[],#Coachella2015,,,,,,,,[],#Coachella2015,,,,,,,
positive,yes,bea__elizabeth,2,RT : Whose excited for coachella?? :)))) _,,1/6/15 15:43,5.52611e+17,canada,Eastern Time (US & Canada),[],#Coachella2015,,,,,,,,[],#Coachella2015,,,,,,,
positive,yes,TatinessEnt,0,"626-600-NESS (6377) "": For those about to","[34.2584653, -118.4324799]",1/6/15 15:43,5.52611e+17,LA...& soon the WORLD!,Pacific Time (US & Canada),[],#Coachella2015,#DiscountTickets,#OnDeck,#PLUR,#Drake,#Kaskade,#RT,,[],#Coachella2015,#DiscountTickets,#OnDeck,#PLUR,#Drake,#Kaskade,#RT,
positive,yes,jaytrombetta,0,That  lineup is absolutely insane,,1/6/15 15:42,5.52611e+17,"Adelaide, Australia",Adelaide,[],#Coachella2015,,,,,,,,[],#Coachella2015,,,,,,,
positive,yes,Bredollaz,0,All I See __,,1/6/15 15:41,5.52611e+17,,,[],#Coachella2015,,,,,,,,[],#Coachella2015,,,,,,,
positive,yes,xtrilliams,0,and the,,1/6/15 15:40,5.52611e+17,SYD  LON,London,[],#6GOD,#PrayersAnswered,#Coachella2015,,,,,,[],#6GOD,#PrayersAnswered,#Coachella2015,,,,,
positive,yes,RadiantEdits,0,"Omg  AZEALIA, FKA, MARINA, LIGHTS ____",,1/6/15 15:39,5.52611e+17,,Eastern Time (US & Canada),[],#Coachella2015,,,,,,,,[],#Coachella2015,,,,,,,
positive,yes,jordansaweirdo,0,omg!! The Silver Hymen Flaps are gonna be playing!,,1/6/15 15:37,5.5261e+17,Vegas,Eastern Time (US & Canada),[],#Coachella2015,,,,,,,,[],#Coachella2015,,,,,,,
positive,yes,gio_la,0,Excited for my 10th  who else is riding off into the desert...?,,1/6/15 15:37,5.5261e+17,Hollywood_Los Angeles_CA,Pacific Time (US & Canada),[],#Coachella2015,,,,,,,,[],#Coachella2015,,,,,,,
positive,yes,aangiepatricia,0,ticket sales are tomorroww!!!,,1/6/15 15:36,5.5261e+17,,Eastern Time (US & Canada),[],#Coachella2015,,,,,,,,[],#Coachella2015,,,,,,,
positive,yes,real_yungdc,0,I got to get Tickets to  because I've never been to it and perhaps I want to see Drake rap live it would be cool to see him,,1/6/15 15:36,5.5261e+17,,Central Time (US & Canada),[],#Coachella2015,,,,,,,,[],#Coachella2015,,,,,,,
positive,yes,AJTWEETS,1,Erol Alkan all I'm really stoked about tbh,,1/6/15 15:35,5.52609e+17,"Yogurtland, CA",Pacific Time (US & Canada),[],#Coachella2015,,,,,,,,[],#Coachella2015,,,,,,,
positive,yes,alcaspaz,0,lineup doesn't look as appealing as its predecessors. Still good tho.,,1/6/15 15:35,5.52609e+17,HK,,[],#Coachella2015,,,,,,,,[],#Coachella2015,,,,,,,
positive,yes,MestizaRM,0,the  line-up!! _______  _,,1/6/15 15:34,5.52609e+17,Southern CALIFORNIA,Pacific Time (US & Canada),[],#OMG,#Coachella2015,#SoExcited,,,,,,[],#OMG,#Coachella2015,#SoExcited,,,,,
positive,yes,giuliathomm,0,I can't believe I get to finally see AC/DC live,,1/6/15 15:34,5.52609e+17,california,Arizona,[],#coachella2015,,,,,,,,[],#coachella2015,,,,,,,
positive,yes,aforayanna,0,"The lineup is here!  
Missing it again this year! _",,1/6/15 15:34,5.52609e+17,,,[],#Coachella2015,,,,,,,,[],#Coachella2015,,,,,,,
positive,yes,graydennise23,0,Just saw the list of AWESOME artists for this years Coachella festival!!! ______ I WANNA GO!!!,,1/6/15 15:33,5.52609e+17,"West Hartford, CT",Eastern Time (US & Canada),[],#Coachella2015,#fosterthepeople,#nero,,,,,,[],#Coachella2015,#fosterthepeople,#nero,,,,,
positive,yes,liviecatty,0,Currently seeking someone to coachella with,,1/6/15 15:33,5.52609e+17,TXST,Mountain Time (US & Canada),[],#Coachella2015,,,,,,,,[],#Coachella2015,,,,,,,
positive,yes,nataly_andria,0,ha!!!! Let's do that for reaaaal!! Lets talk!,,1/6/15 15:33,5.52609e+17,instagram: @nataly_andria,Greenland,[],#Coachella2015,#music,#travel,,,,,,[],#Coachella2015,#music,#travel,,,,,
positive,yes,TianaNiccoli,2,RT : Coachella is definitely on my bucket list.,,1/6/15 15:33,5.52609e+17,,,[],#Coachella2015,,,,,,,,[],#Coachella2015,,,,,,,
positive,yes,TheArnold_SoM,0,Another festival season another year I don't feel old because I can read the bottom 2 lines and still recognize a band or two,,1/6/15 15:32,5.52609e+17,"Austin, TX",Eastern Time (US & Canada),[],#Coachella2015,,,,,,,,[],#Coachella2015,,,,,,,
positive,yes,realpplnews,0,People everywhere are getting their cassettes out to prepare for the  line up.,,1/6/15 15:32,5.52609e+17,,Tijuana,[],#Coachella2015,,,,,,,,[],#Coachella2015,,,,,,,
positive,yes,Simone_Eternal,0,My moms over hear talking about going to  lol _ okay mom you ain't bout to go without me !!,,1/6/15 15:31,5.52608e+17,,Arizona,[],#Coachella2015,,,,,,,,[],#Coachella2015,,,,,,,
positive,yes,InstaSydney,0,__ _ looking forward to it  by chasingmili,,1/6/15 15:31,5.52608e+17,,,[],#coachella2015,,,,,,,,[],#coachella2015,,,,,,,
positive,yes,foundedtoronto,22,RT : Wahhhh!!!! AC/DC &amp; DEORRO at 2015 Coachella!!!,,1/6/15 15:31,5.52608e+17,"Toronto, Ontario",Eastern Time (US & Canada),[],#IsThisRealLife,#coachella2015,,,,,,,[],#IsThisRealLife,#coachella2015,,,,,,
positive,yes,haleyzoll,0,"I literally just lost my breath  some of my all time favorite musicians this yr, looks like im making my first trip back to CA",,1/6/15 15:30,5.52608e+17,let's get lost -- chi city,Central Time (US & Canada),[],#Coachella2015,,,,,,,,[],#Coachella2015,,,,,,,
positive,yes,kmkrtchian,0,Coachella is gonna be so dopeeeee,,1/6/15 15:30,5.52608e+17,,,[],#Coachella2015,,,,,,,,[],#Coachella2015,,,,,,,
positive,yes,Caro12Karen,0,I really want to go to,,1/6/15 15:27,5.52607e+17,,Pacific Time (US & Canada),[],#Coachella2015,,,,,,,,[],#Coachella2015,,,,,,,
positive,yes,theonlyalisha,0,"I'll take one  ticket please, I shall see Drake!!",,1/6/15 15:26,5.52607e+17,,,[],#Coachella2015,,,,,,,,[],#Coachella2015,,,,,,,
positive,yes,Resegob,0,When I found out  is performing at  _______________________________________________,,1/6/15 15:26,5.52607e+17,ohwell whatever nevermind,Athens,[],#Coachella2015,,,,,,,,[],#Coachella2015,,,,,,,
positive,yes,augiee23,0,so whoever would love to buy my ticket to  I will love you long time and it would be fuckkn badass!!___,,1/6/15 15:25,5.52607e+17,,,[],#Coachella2015,,,,,,,,[],#Coachella2015,,,,,,,
positive,yes,ottens_tom,0,"Most people at : ""Who the fuck is ?""... Only the greatest band named after a vibrator EVER.",,1/6/15 15:22,5.52606e+17,"Fulton, Illinois",,[],#Coachella2015,#SteelyDan,,,,,,,[],#Coachella2015,#SteelyDan,,,,,,
positive,yes,gladester,0,"I feel like I'm going to be tweeting about  way too much, but it's the most wonderful time of the year",,1/6/15 15:22,5.52606e+17,,,[],#Coachella2015,,,,,,,,[],#Coachella2015,,,,,,,
positive,yes,thitt7,0,tru. still wanna go to  tho,,1/6/15 15:21,5.52606e+17,,,[],#Coachella2015,,,,,,,,[],#Coachella2015,,,,,,,
positive,yes,Illegalchamps,0,Randomly want to go to  in April,,1/6/15 15:21,5.52606e+17,U.K,,[],#Coachella2015,,,,,,,,[],#Coachella2015,,,,,,,
positive,yes,cabenator,0,en  can't wait!!!,"[20.6472084, -103.2985877]",1/6/15 15:19,5.52605e+17,,Eastern Time (US & Canada),[],#ACDC,#Coachella2015,,,,,,,[],#ACDC,#Coachella2015,,,,,,
positive,yes,LexiAngerman,1,RT :  let's go people!!,,1/6/15 15:19,5.52605e+17,,Pacific Time (US & Canada),[],#Coachella2015,,,,,,,,[],#Coachella2015,,,,,,,
positive,yes,mitchmarzuola,0,Jack White is going to bring out lil b at coachella,,1/6/15 15:18,5.52605e+17,Texas,Central Time (US & Canada),[],#Coachella2015,,,,,,,,[],#Coachella2015,,,,,,,
positive,yes,MoreTritones,0,You know where you'll find me Sunday night of  ??? Not at Drake.,,1/6/15 15:17,5.52605e+17,"Los Angeles, CA",Alaska,[],#Coachella,#Coachella2015,#totesobvi,,,,,,[],#Coachella,#Coachella2015,#totesobvi,,,,,
positive,yes,Ferny_69er,1,"RT : Kygo, Oliver Heldens, Porter Robinson, floss, all the edm acts are good",,1/6/15 15:16,5.52605e+17,,,[],#Coachella2015,,,,,,,,[],#Coachella2015,,,,,,,
positive,yes,khaleesialex,0,Now everyone who can't go to Coachella sadly dreams of it.,,1/6/15 15:16,5.52605e+17,,,[],#Coachella2015,,,,,,,,[],#Coachella2015,,,,,,,
positive,yes,sexxystephy,0,the official  playlist on ! Gearing up! ___,"[33.49450223, -111.98688103]",1/6/15 15:15,5.52604e+17,Scottsdale,Pacific Time (US & Canada),[],#nowplaying,#coachella2015,,,,,,,[],#nowplaying,#coachella2015,,,,,,
positive,yes,fernanda_token,0,is playing at ? Now it's worth going __,,1/6/15 15:15,5.52604e+17,,Arizona,[],#Coachella2015,,,,,,,,[],#Coachella2015,,,,,,,
positive,yes,sexxystephy,0,Turn down for what?    ___,"[33.49416617, -111.98653668]",1/6/15 15:14,5.52604e+17,Scottsdale,Pacific Time (US & Canada),[],#coachella,#Coachella2015,,,,,,,[],#coachella,#Coachella2015,,,,,,
positive,yes,HazemMT23,0,"I have to go to , I mean look at the line up!!",,1/6/15 15:14,5.52604e+17,Canada | Jordan | UAE,Atlantic Time (Canada),[],#Coachella2015,,,,,,,,[],#Coachella2015,,,,,,,
positive,yes,Jennifer_Lee,0,: : The lineup is here!   Cue the flower headband display front + center! ___,,1/6/15 15:14,5.52604e+17,wisconsin,Central Time (US & Canada),[],#Coachella2015,,,,,,,,[],#Coachella2015,,,,,,,
positive,yes,JonelRabara,1,let's go people!!,,1/6/15 15:14,5.52604e+17,,Pacific Time (US & Canada),[],#Coachella2015,,,,,,,,[],#Coachella2015,,,,,,,
positive,yes,Lauren_Ike,0,It. Is. ON!!!   _,,1/6/15 15:14,5.52604e+17,,Eastern Time (US & Canada),[],#coachella2015,#herewecome,#indiosnotready,,,,,,[],#coachella2015,#herewecome,#indiosnotready,,,,,
positive,yes,tu_machado,0,Planning ! Who's coming with me?,,1/6/15 15:13,5.52604e+17,,Eastern Time (US & Canada),[],#Coachella2015,,,,,,,,[],#Coachella2015,,,,,,,
positive,yes,McKenzieHild,0,Wishing I lived in America!!!! Coachea line up is too good AHHHHH,,1/6/15 15:12,5.52604e+17,,Yakutsk,[],#Coachella2015,#Coachella,#ACDC,,,,,,[],#Coachella2015,#Coachella,#ACDC,,,,,
positive,yes,isaiahcg95,0,Lets go to,,1/6/15 15:12,5.52604e+17,,,[],#Coachella2015,,,,,,,,[],#Coachella2015,,,,,,,
positive,yes,Andrew_CaRRRlos,0,: Coachella sounds like a perfect way to spend my refund.     Take me? _,,1/6/15 15:10,5.52603e+17,,,[],#collegefession,#nbd,#Coachella2015,,,,,,[],#collegefession,#nbd,#Coachella2015,,,,,
positive,yes,DHarris1089,1,Me n Bae are celebrating our one year anniversary at  and Drake is headlining. We won.,,1/6/15 15:09,5.52603e+17,,,[],#Coachella2015,,,,,,,,[],#Coachella2015,,,,,,,
positive,yes,gabbisonn,0,HOLY SHIT,,1/6/15 15:08,5.52603e+17,Las Vegas,Pacific Time (US & Canada),[],#Coachella2015,,,,,,,,[],#Coachella2015,,,,,,,
positive,yes,GypsyGoneGrunge,0,Yip. Commence hysterical sobbing now.,,1/6/15 15:08,5.52603e+17,"Cape Town, South Africa",,[],#coachella2015,#lineup,#awesome,#icanteven,#meh,#fomo,,,[],#coachella2015,#lineup,#awesome,#icanteven,#meh,#fomo,,
positive,yes,DekoundGeschenk,0,thanks  for making us,,1/6/15 15:07,5.52602e+17,,Bern,[],#hungryforcoachella,#Coachella2015,#lineup,,,,,,[],#hungryforcoachella,#Coachella2015,#lineup,,,,,
positive,yes,LohiaPavan,1,RT : It's alright,,1/6/15 15:06,5.52602e+17,Orange County,,[],#coachella2015,,,,,,,,[],#coachella2015,,,,,,,
positive,yes,CannibalSense,1,west coast woodstock aka  countdown begins.,,1/6/15 15:06,5.52602e+17,russian-bred san diegan.,Eastern Time (US & Canada),[],#Coachella2015,#CaliLife,,,,,,,[],#Coachella2015,#CaliLife,,,,,,
positive,yes,SoKatChan,0,Super excited to see you too! Can't wait to dance to some tropical house in the desert.,,1/6/15 15:05,5.52602e+17,"San Francisco, CA",Pacific Time (US & Canada),[],#Coachella2015,#Firestone,,,,,,,[],#Coachella2015,#Firestone,,,,,,
positive,yes,H0llySutherland,0,Drakes headlining   and the weeknd gonna be there too.. Someone want to come to Cali for the summer?,,1/6/15 15:04,5.52602e+17,Scotland,Casablanca,[],#Coachella2015,,,,,,,,[],#Coachella2015,,,,,,,
positive,yes,carter_chapman_,0,The  line up is so solid.,,1/6/15 15:04,5.52602e+17,            Oxford,Eastern Time (US & Canada),[],#Coachella2015,,,,,,,,[],#Coachella2015,,,,,,,
positive,yes,drunkcollegekid,0,So excited to see  at  I really hope he plays Started From the Bottom that song would be so cool to see live,,1/6/15 15:03,5.52601e+17,Los Angeles,Arizona,[],#drake,#Coachella2015,#sarcasm,,,,,,[],#drake,#Coachella2015,#sarcasm,,,,,
positive,yes,HannChizzle,1,I'm hyperventilating,,1/6/15 15:02,5.52601e+17,Louisiana ,Eastern Time (US & Canada),[],#Coachella2015,,,,,,,,[],#Coachella2015,,,,,,,
positive,yes,CamUncensored,7,"RT : Idk why y'all are complaining, this is a great lineup.",,1/6/15 15:02,5.52601e+17,,Pacific Time (US & Canada),[],#Coachella2015,,,,,,,,[],#Coachella2015,,,,,,,
positive,yes,pegzkane,0,That Coachella line-up is actually too good!,,1/6/15 15:01,5.52601e+17,"Bray, Ireland",Dublin,[],#Coachella2015,,,,,,,,[],#Coachella2015,,,,,,,
positive,yes,MicheKen,0,A must this year,,1/6/15 15:01,5.52601e+17,,,[],#UnrealLineUp,#LottoTomorrow,#Coachella2015,,,,,,[],#UnrealLineUp,#LottoTomorrow,#Coachella2015,,,,,
positive,yes,Robsteneternity,0,"This year has some greats, not all greats. But who knows I most likely fall in love with a new band/singer",,1/6/15 15:00,5.52601e+17,Dreamland,,[],#Coachella2015,,,,,,,,[],#Coachella2015,,,,,,,
positive,yes,ChecheVeliz,0,and  are only the tip of the iceberg!,,1/6/15 15:00,5.52601e+17,Sonora,Alaska,[],#FKATwigs,#stromae,#Coachella2015,,,,,,[],#FKATwigs,#stromae,#Coachella2015,,,,,
positive,yes,jbalagot94,1,RT : Want to go to  _,,1/6/15 14:59,5.526e+17,,,[],#Coachella2015,,,,,,,,[],#Coachella2015,,,,,,,
positive,yes,Pallethechu,0,It's probably every artists dream to be on a poster in size 22 font,,1/6/15 14:59,5.526e+17,,Central Time (US & Canada),[],#Coachella2015,,,,,,,,[],#Coachella2015,,,,,,,
positive,yes,SashaLane,0,omg  - can't wait!,,1/6/15 14:59,5.526e+17,New York City,Central Time (US & Canada),[],#Coachella2015,,,,,,,,[],#Coachella2015,,,,,,,
positive,yes,miss_vee28,0,COACHELLA could not be here soon enough!! This lineup is INCREDIBLE!!!!____,,1/6/15 14:58,5.526e+17,LA,,[],#coachella2015,#cantwait,,,,,,,[],#coachella2015,#cantwait,,,,,,
positive,yes,Dekashoko,1,have a song from one of my favourite bands. i would go to  and brave the hipsters just for them.,,1/6/15 14:58,5.526e+17,England,London,[],#Coachella2015,,,,,,,,[],#Coachella2015,,,,,,,
positive,yes,jessicakleigh,0,NEED TO DO THIS!,,1/6/15 14:58,5.526e+17,Essexian,London,[],#bucketlist,#Coachella2015,,,,,,,[],#bucketlist,#Coachella2015,,,,,,
positive,yes,namaas_tay,0,Would be worth it just to see AC/DC live,,1/6/15 14:57,5.526e+17,Minnesota,,[],#Coachella2015,,,,,,,,[],#Coachella2015,,,,,,,
positive,yes,GabiKantarovich,0,So happy I bought my  weekend 2 passes_____,,1/6/15 14:57,5.526e+17,,,[],#Coachella2015,#Coachella,#presale,#ThankYou,,,,,[],#Coachella2015,#Coachella,#presale,#ThankYou,,,,
positive,yes,dance4u91,0,im trynna break my Coachella virginity,,1/6/15 14:56,5.526e+17,where the wild things are,,[],#Coachella2015,,,,,,,,[],#Coachella2015,,,,,,,
positive,yes,stheart,6,"What does The Weeknd, Jack White, Circa Survive, Lykke Li, Ratatat, &amp; Brand New have in common? Awesomeness at",,1/6/15 14:56,5.526e+17,DETROIT,Central Time (US & Canada),[],#Coachella2015,,,,,,,,[],#Coachella2015,,,,,,,
positive,yes,MarkReardonKMOX,1,OK music fans...the  lineup is out!,,1/6/15 14:55,5.52599e+17,"St. Louis, MO",Central Time (US & Canada),[],#Coachella2015,,,,,,,,[],#Coachella2015,,,,,,,
positive,yes,Caramshall,0,"Steely Dan and AC/DC at . Showing my age, but this is a f***ing awesome line up",,1/6/15 14:55,5.52599e+17,London,Hawaii,[],#Coachella2015,,,,,,,,[],#Coachella2015,,,,,,,
positive,yes,andrewbucket,0,Craig t nelsons gonna headline !!!,,1/6/15 14:54,5.52599e+17,,Central Time (US & Canada),[],#Coachella2015,,,,,,,,[],#Coachella2015,,,,,,,
positive,yes,Erikaddiction,0,omggggggg i'm so happy for,,1/6/15 14:54,5.52599e+17,In your stomach. ,Paris,[],#Coachella2015,,,,,,,,[],#Coachella2015,,,,,,,
positive,yes,Corinnaabobina,0,CAN IT BE TOMORROW SO I CAN JUST BUY THIS TICKET  my heart can't take it!!!,,1/6/15 14:54,5.52599e+17,,Central Time (US & Canada),[],#Coachella2015,,,,,,,,[],#Coachella2015,,,,,,,
positive,yes,ThatEricSamayoa,0,Photo: 3 years strong! I cant wait for this its gonna be amazing!!!!  ...,,1/6/15 14:53,5.52599e+17,"San Leandro, CA",Pacific Time (US & Canada),[],#Coachella2015,#CampGrime,,,,,,,[],#Coachella2015,#CampGrime,,,,,,
positive,yes,ThatEricSamayoa,0,3 years strong! I can't wait for this it's gonna be amazing!!!!,,1/6/15 14:53,5.52599e+17,"San Leandro, CA",Pacific Time (US & Canada),[],#Coachella2015,#CampGrime,#WhereAreYou,,,,,,[],#Coachella2015,#CampGrime,#WhereAreYou,,,,,
positive,yes,evy10navarro,0,Never been a crazy Coachella fan but this lineup is fuckjng incredible ____ my fucking birthday weekend !!!,,1/6/15 14:53,5.52599e+17,,,[],#weeknd,#kaskade,#coachella2015,,,,,,[],#weeknd,#kaskade,#coachella2015,,,,,
positive,yes,Killuminati400,0,Coachella fest this year gonna have Drake and The Weeknd _ glad I'm working it again this year,,1/6/15 14:52,5.52599e+17,"LA/PD,CA",Pacific Time (US & Canada),[],#Coachella2015,#TopFlightSecurityOfTheWorld,,,,,,,[],#Coachella2015,#TopFlightSecurityOfTheWorld,,,,,,
positive,yes,GraybieBaybie,0,Super excited abt  !!!,,1/6/15 14:52,5.52599e+17,,,[],#Coachella2015,,,,,,,,[],#Coachella2015,,,,,,,
positive,yes,adriaanvillaa4,0,"""We already got spring 2015 poppin""_",,1/6/15 14:52,5.52599e+17, Cali Livin ,Central Time (US & Canada),[],#Drake,#CoachellaFest,#Coachella2015,,,,,,[],#Drake,#CoachellaFest,#Coachella2015,,,,,
positive,yes,GABE_02,2,RT : I'll be 21 this time around for  _,,1/6/15 14:52,5.52599e+17,,Alaska,[],#Coachella2015,,,,,,,,[],#Coachella2015,,,,,,,
positive,yes,Br1DgetD,0,OH MY GOD  IS PLAYING COACHELLA????!!!!!!????? YESSSSSSSS!!!!! i cant go. BOT OMG YAY THAT IS SO EXCITING!! &lt;3 &lt;3,,1/6/15 14:51,5.52598e+17,,,[],#Coachella2015,,,,,,,,[],#Coachella2015,,,,,,,
positive,yes,jayv1974,0,is this a festival full of Basketball Coaches?,,1/6/15 14:51,5.52598e+17,Poughkeepsie NY,Eastern Time (US & Canada),[],#Coachella2015,,,,,,,,[],#Coachella2015,,,,,,,
positive,yes,_TeresaYvonnee,0,Screw EDC take me to COACHELLA___,,1/6/15 14:51,5.52598e+17,,Mountain Time (US & Canada),[],#coachella2015,#cali,,,,,,,[],#coachella2015,#cali,,,,,,
positive,yes,BrevesAuFeminin,1,"One day i'll go ! 
  coachella",,1/6/15 14:50,5.52598e+17,Nantes,,[],#Repost,#coachella,#coachella2015,,,,,,[],#Repost,#coachella,#coachella2015,,,,,
positive,yes,DanOVegas,0,"With  and  playing ,  anxiously awaits the usual Sin City overflow show!",,1/6/15 14:50,5.52598e+17,"Las Vegas, NV ",Pacific Time (US & Canada),[],#ACDC,#SteelyDan,#Coachella,#Vegas,#Coachella2015,,,,[],#ACDC,#SteelyDan,#Coachella,#Vegas,#Coachella2015,,,
positive,yes,BryceParker_,0,Once I saw  and  I was sold,,1/6/15 14:49,5.52598e+17,"Appleton, Wisconsin",Eastern Time (US & Canada),[],#Coachella2015,,,,,,,,[],#Coachella2015,,,,,,,
positive,yes,Malakx3,0,Lineup __,,1/6/15 14:48,5.52598e+17,Tomorrowland,Quito,[],#Coachella2015,,,,,,,,[],#Coachella2015,,,,,,,
positive,yes,CrimsonThi9hs,0,"Steely Dan at Coachella?! Move over AC/DC, give me some jazz rock.",,1/6/15 14:47,5.52597e+17,Newfoundland,Atlantic Time (Canada),[],#Coachella2015,,,,,,,,[],#Coachella2015,,,,,,,
positive,yes,raphaelphoto,1,RT :  &amp;  playing  same day?! Not sure if I can handle that much awesomeness in one day. So excit_,,1/6/15 14:47,5.52597e+17,SoCal,Pacific Time (US & Canada),[],#JackWhite,,,,,,,,[],#JackWhite,,,,,,,
positive,yes,niggaaroachh,0,"Interpol, I'm going for Interpol...",,1/6/15 14:47,5.52597e+17,LA,,[],#Coachella2015,,,,,,,,[],#Coachella2015,,,,,,,
positive,yes,LionelKitt,1,"RT : Even if you're written in small font, the fact that you're on the  list must be _",,1/6/15 14:47,5.52597e+17,The crucible of a Phoenix,Harare,[],#Coachella2015,,,,,,,,[],#Coachella2015,,,,,,,
positive,yes,HeatherBodkin,0,I love turning people on to your music for the past 15 years  see you at,,1/6/15 14:47,5.52597e+17,Philadelphia,Atlantic Time (Canada),[],#thankyou,#Coachella2015,,,,,,,[],#thankyou,#Coachella2015,,,,,,
positive,yes,BrizzSquad,0,solid line up,,1/6/15 14:47,5.52597e+17,,Pacific Time (US & Canada),[],#Coachella2015,,,,,,,,[],#Coachella2015,,,,,,,
positive,yes,kimolah,1,"sooo whose coming w me to Indio, California ?? __","[40.90426654, -75.03469879]",1/6/15 14:47,5.52597e+17,,Atlantic Time (Canada),[],#Coachella2015,,,,,,,,[],#Coachella2015,,,,,,,
positive,yes,garbagegal2000,1,RT : Coachella sounds like a perfect way to spend my refund.,,1/6/15 14:46,5.52597e+17,tx|shsu ,Eastern Time (US & Canada),[],#collegefession,#nbd,#Coachella2015,,,,,,[],#collegefession,#nbd,#Coachella2015,,,,,
positive,yes,daniicastillo13,0,This lineup is beautiful ______,,1/6/15 14:46,5.52597e+17,#TexasEDMFamily IDFWUUUUU,,[],#Coachella2015,,,,,,,,[],#Coachella2015,,,,,,,
positive,yes,SimonCollins74,0,Ride   and  on eclectic bill for  - odd but good.,,1/6/15 14:44,5.52597e+17,"Perth, Australia",Perth,[],#Coachella2015,,,,,,,,[],#Coachella2015,,,,,,,
positive,yes,sjkwok89,0,Hyperventilating slightly!!! Who wants to come to COACHELLA with me?!  _,,1/6/15 14:43,5.52596e+17,Singapore,,[],#coachella2015,#California,,,,,,,[],#coachella2015,#California,,,,,,
positive,yes,gixxergirl21,0,I want to go to coachella! Even if the only people I recognize on the lineup are Drake &amp; David Guetta lol   ___,"[0.0, 0.0]",1/6/15 14:43,5.52596e+17,"Tampa, Fl",Atlantic Time (Canada),[],#coachella,#coachella2015,,,,,,,[],#coachella,#coachella2015,,,,,,
positive,yes,AishaAdventures,0,Steely Dan AND AC/DC tho... Be still my  heart,"[0.0, 0.0]",1/6/15 14:43,5.52596e+17,the Question Lab,Mountain Time (US & Canada),[],#fangirling,#Coachella2015,,,,,,,[],#fangirling,#Coachella2015,,,,,,
positive,yes,simplimiss,0,says; 93 days till,,1/6/15 14:42,5.52596e+17,,,[],#coachella2015,#jheeezeeeee,#turnup,,,,,,[],#coachella2015,#jheeezeeeee,#turnup,,,,,
positive,yes,mattdotjpeg,0,CONGRATS ON !,,1/6/15 14:42,5.52596e+17,,,[],#Coachella2015,,,,,,,,[],#Coachella2015,,,,,,,
positive,yes,murphykailee,0,I would do anything to go to  ____,,1/6/15 14:42,5.52596e+17,,Eastern Time (US & Canada),[],#Coachella2015,,,,,,,,[],#Coachella2015,,,,,,,
positive,yes,ValeriDodds,0,I just want to go to  _____,,1/6/15 14:41,5.52596e+17,topeka  los angeles ,,[],#Coachella2015,,,,,,,,[],#Coachella2015,,,,,,,
positive,yes,Malakx3,0,Just found out that Axwell^Ingrosso are in the  lineup  _,,1/6/15 14:40,5.52596e+17,Tomorrowland,Quito,[],#Coachella2015,,,,,,,,[],#Coachella2015,,,,,,,
positive,yes,TyeLeSueur,0,I can't wait to be the desert again ___,,1/6/15 14:40,5.52596e+17,,Pacific Time (US & Canada),[],#Coachella2015,,,,,,,,[],#Coachella2015,,,,,,,
positive,yes,LennonBilly,0,Oh my lord!  is going to be amazing!,,1/6/15 14:39,5.52595e+17,,,[],#Coachella2015,,,,,,,,[],#Coachella2015,,,,,,,
positive,yes,bgeerz,0,I really want to go to  but I really don't want to dress like a god damn moron for a weekend.,,1/6/15 14:39,5.52595e+17,A Studebaker ,Quito,[],#Coachella2015,#conundrums,,,,,,,[],#Coachella2015,#conundrums,,,,,,
positive,yes,LATFUSA,1,lovers.  2015 LINEUP IS HERE:      &amp; so many more!,,1/6/15 14:39,5.52595e+17,"Los Angeles, CA",Pacific Time (US & Canada),[],#MUSIC,#Coachella2015,,,,,,,[],#MUSIC,#Coachella2015,,,,,,
positive,yes,nataly_andria,0,Okay!! Really Need to plan the trip to  this year!! Who's in?! Wanna see,,1/6/15 14:38,5.52595e+17,instagram: @nataly_andria,Greenland,[],#Coachella2015,#MusicFestivals,,,,,,,[],#Coachella2015,#MusicFestivals,,,,,,
positive,yes,Da_Cota89,0,I think I'm gonna keep my ticket __ __,,1/6/15 14:38,5.52595e+17,,Eastern Time (US & Canada),[],#Coachella2015,,,,,,,,[],#Coachella2015,,,,,,,
positive,yes,samcob,0,How do I Coachella and respect my wallet at the same time I gotta know : The lineup is here,,1/6/15 14:37,5.52595e+17,,Singapore,[],#Coachella2015,,,,,,,,[],#Coachella2015,,,,,,,
positive,yes,sianibaby,0,Can we all take a moment to really appreciate the  line up please?,,1/6/15 14:37,5.52595e+17,Swansea,London,[],#Coachella2015,#FOMO,#thattimeofyearagain,,,,,,[],#Coachella2015,#FOMO,#thattimeofyearagain,,,,,
positive,yes,101_alleinad,0,And the sadness starts ___,,1/6/15 14:37,5.52595e+17,Hogwarts,Eastern Time (US & Canada),[],#Coachella2015,,,,,,,,[],#Coachella2015,,,,,,,
positive,yes,Judahbflow,0,Im with it!!!!!!!!!!!!,,1/6/15 14:37,5.52595e+17,"Miami, FL",Eastern Time (US & Canada),[],#Coachella2015,,,,,,,,[],#Coachella2015,,,,,,,
positive,yes,KayleneHope,0,Would be awesome to go to  _,,1/6/15 14:37,5.52595e+17,"calgary, alberta",Mountain Time (US & Canada),[],#Coachella2015,,,,,,,,[],#Coachella2015,,,,,,,
positive,yes,Gus_F94,3,"RT : Counting down the days boys,",,1/6/15 14:37,5.52595e+17,,Pacific Time (US & Canada),[],#Coachella2015,,,,,,,,[],#Coachella2015,,,,,,,
positive,yes,Kevenblehm,0,Beyond stoked right now!,,1/6/15 14:37,5.52595e+17,,Mountain Time (US & Canada),[],#Coachella2015,,,,,,,,[],#Coachella2015,,,,,,,
positive,yes,MC_1three,2,RT : Haven't been to music festival before but if I were to go it would be this year,,1/6/15 14:37,5.52595e+17,,Pacific Time (US & Canada),[],#Coachella2015,,,,,,,,[],#Coachella2015,,,,,,,
positive,yes,marinahatton,0,Having good music taste &amp; being broke is not fun after seeing this lineup...,,1/6/15 14:36,5.52595e+17,,Central Time (US & Canada),[],#Coachella2015,,,,,,,,[],#Coachella2015,,,,,,,
positive,yes,emily_e_payne,0,am i too old to go to  ?,,1/6/15 14:36,5.52595e+17,"san francisco, CA",Eastern Time (US & Canada),[],#Coachella2015,,,,,,,,[],#Coachella2015,,,,,,,
positive,yes,PEcom_iGuide,1,RT : I am going to go ahead and call  as the sunset set on Outdoor at,,1/6/15 14:35,5.52594e+17,Inland Southern California,Pacific Time (US & Canada),[],#Coachella2015,,,,,,,,[],#Coachella2015,,,,,,,
positive,yes,vanessafranko,1,I am going to go ahead and call  as the sunset set on Outdoor at,,1/6/15 14:35,5.52594e+17,"Riverside, CA",Pacific Time (US & Canada),[],#Coachella2015,,,,,,,,[],#Coachella2015,,,,,,,
positive,yes,tumultuousboy,14,RT : XO Til We Overbroke,,1/6/15 14:35,5.52594e+17,House Of Balloons,Atlantic Time (Canada),[],#Coachella2015,,,,,,,,[],#Coachella2015,,,,,,,
positive,yes,mattcarieri,0,Hey every1 here's the full official  line up looking forward to seeing  all 3 days!,,1/6/15 14:35,5.52594e+17,,,[],#Coachella2015,,,,,,,,[],#Coachella2015,,,,,,,
positive,yes,Salma_hinojosa,0,Weeknd y Drake en _______,,1/6/15 14:34,5.52594e+17,,Guadalajara,[],#Coachella2015_,,,,,,,,[],#Coachella2015_,,,,,,,
positive,yes,erodd_,0,: That  lineup tho  _,,1/6/15 14:34,5.52594e+17,,,[],#Coachella2015,,,,,,,,[],#Coachella2015,,,,,,,
positive,yes,Bieberita13,0,I wish someone would buy me tickets to .,,1/6/15 14:34,5.52594e+17,Califuckinfornia,Istanbul,[],#Coachella2015,,,,,,,,[],#Coachella2015,,,,,,,
positive,yes,MarsdenJessica,0,Sooooo excited for,,1/6/15 14:33,5.52594e+17,"London, UK",London,[],#Coachella2015,,,,,,,,[],#Coachella2015,,,,,,,
positive,yes,mdsnreilly,0,This is legendary,,1/6/15 14:32,5.52594e+17,,,[],#Coachella2015,,,,,,,,[],#Coachella2015,,,,,,,
positive,yes,ThePeachReview,0,This  lineup is awesome! Plus  on Sunday ___,,1/6/15 14:32,5.52594e+17,"Atlanta, GA",,[],#coachellalineup,#Coachella2015,#coachella,#musicfestival,,,,,[],#coachellalineup,#Coachella2015,#coachella,#musicfestival,,,,
positive,yes,leticiabowles,2,RT : Someone take me plz __,,1/6/15 14:31,5.52593e+17,,Atlantic Time (Canada),[],#Coachella2015,,,,,,,,[],#Coachella2015,,,,,,,
positive,yes,cheryl_tweeedy,0,In other News... I'm going to,,1/6/15 14:31,5.52593e+17,"Dallas, Texas",Central Time (US & Canada),[],#Coachella2015,,,,,,,,[],#Coachella2015,,,,,,,
positive,yes,JackieJohnsonLA,1,&amp;  playing  same day?! Not sure if I can handle that much awesomeness in one day. So excited.,,1/6/15 14:30,5.52593e+17,CBS - Los Angeles,Pacific Time (US & Canada),[],#JackWhite,#Coachella2015,,,,,,,[],#JackWhite,#Coachella2015,,,,,,
positive,yes,chanelharry_,0,IS GOING TO BE LIT,,1/6/15 14:30,5.52593e+17,angelica is da real mvp,Eastern Time (US & Canada),[],#Coachella2015,,,,,,,,[],#Coachella2015,,,,,,,
positive,yes,reedmovies,0,whoa_.,,1/6/15 14:29,5.52593e+17,"Provo, UT",Mountain Time (US & Canada),[],#Coachella2015,#wishlist,#2broke,#coachellalineup,,,,,[],#Coachella2015,#wishlist,#2broke,#coachellalineup,,,,
positive,yes,TheExFro,0,TOO HYPE FOR  ___:,,1/6/15 14:29,5.52593e+17,,Eastern Time (US & Canada),[],#Coachella2015,,,,,,,,[],#Coachella2015,,,,,,,
positive,yes,SerranoJenn,0,I can't breath __,,1/6/15 14:29,5.52593e+17,,,[],#Coachella2015,,,,,,,,[],#Coachella2015,,,,,,,
positive,yes,IAMGoldCoast,1,So I am excited to see J.E.S.&amp;S. at  though,,1/6/15 14:29,5.52593e+17,"Long Beach, CA",Pacific Time (US & Canada),[],#coachella2015,,,,,,,,[],#coachella2015,,,,,,,
positive,yes,frandan0,0,ready ____,,1/6/15 14:28,5.52593e+17,,Mountain Time (US & Canada),[],#Coachella2015,,,,,,,,[],#Coachella2015,,,,,,,
positive,yes,Jesssssukah,0,I was trying to log onto my bank acct &amp; I started typing drake __I need to calm down  got me like ___,,1/6/15 14:28,5.52592e+17,,Pacific Time (US & Canada),[],#Coachella2015,,,,,,,,[],#Coachella2015,,,,,,,
positive,yes,IndieHighwalker,0,"The lineup is out, time to start my research.",,1/6/15 14:27,5.52592e+17,"Austin, TX",Central Time (US & Canada),[],#Coachella2015,,,,,,,,[],#Coachella2015,,,,,,,
positive,yes,alinabbmota,0,major grodiness is going down in Indio when The Weeknd plays at,,1/6/15 14:27,5.52592e+17,Los Angeles | Boston,,[],#Coachella2015,#doubleentendre,,,,,,,[],#Coachella2015,#doubleentendre,,,,,,
positive,yes,shannaghm,0,I really wanted to go to  but then I remembered I lived in the UK and I am poor _,,1/6/15 14:27,5.52592e+17,,,[],#Coachella2015,,,,,,,,[],#Coachella2015,,,,,,,
positive,yes,michellevanilla,0,Omg I'm so effin excited to see Belle &amp; Sebastian!!!,,1/6/15 14:27,5.52592e+17,"Palm Springs, CA",Pacific Time (US & Canada),[],#Coachella2015,,,,,,,,[],#Coachella2015,,,,,,,
positive,yes,CarlyBishop16,0,Wanna go to Coachella soo bad,,1/6/15 14:26,5.52592e+17,,Eastern Time (US & Canada),[],#Coachella2015,,,,,,,,[],#Coachella2015,,,,,,,
positive,yes,breanagomez,1,RT : Finally it's up!!! Can't wait!!! ___,,1/6/15 14:25,5.52592e+17,,Pacific Time (US & Canada),[],#Coachella2015,,,,,,,,[],#Coachella2015,,,,,,,
positive,yes,AnthonyBax27,0,AC/DC headlining coachella!! Awesome!,,1/6/15 14:25,5.52592e+17,,,[],#ACDC,#Coachella2015,,,,,,,[],#ACDC,#Coachella2015,,,,,,
positive,yes,shawnINdawn,0,"Gotta check out the  line up, hope to find some new stuff!!",,1/6/15 14:25,5.52592e+17,New York City ,Eastern Time (US & Canada),[],#Coachella2015,,,,,,,,[],#Coachella2015,,,,,,,
positive,yes,TillAllAre1,0,I know only a couple of performers on  but AC/DC what matters. Can care less about everyone else,,1/6/15 14:25,5.52592e+17,,,[],#Coachella2015,,,,,,,,[],#Coachella2015,,,,,,,
positive,yes,faithyc_,4,"RT :  lineup looking LIT. I'm so excited, I'm in there.",,1/6/15 14:24,5.52592e+17,614/513,,[],#Coachella,#Coachella2015,,,,,,,[],#Coachella,#Coachella2015,,,,,,
positive,yes,kjptweets,0,:  2015 coachella lineup!,,1/6/15 14:24,5.52592e+17,,,[],#Coachella,#Coachella2015,,,,,,,[],#Coachella,#Coachella2015,,,,,,
positive,yes,ifeelWATERS,0,Congrats on Coachella 2015!! See you there!,,1/6/15 14:23,5.52591e+17,,,[],#Coachella2015,,,,,,,,[],#Coachella2015,,,,,,,
positive,yes,CTW21,0,Can't wait to be back at my favorite place on Earth!,"[40.25343586, -83.75056423]",1/6/15 14:23,5.52591e+17,West Liberty,Quito,[],#Coachella2015,,,,,,,,[],#Coachella2015,,,,,,,
positive,yes,patelankit,0,Who's down for  ?,,1/6/15 14:23,5.52591e+17,Washington D.C.,Quito,[],#Coachella2015,,,,,,,,[],#Coachella2015,,,,,,,
positive,yes,kimiyaaaa,0,Brand new &amp; Florence in the same day.....  I _ you,,1/6/15 14:23,5.52591e+17,"Los Angeles, CA",Pacific Time (US & Canada),[],#Coachella2015,,,,,,,,[],#Coachella2015,,,,,,,
positive,yes,LG_Reincarnated,0,"AC/DC, Tyler The Creator, Drake, And Jack White all headlining this year's  . Really debating on going.",,1/6/15 14:22,5.52591e+17,Outer Space,Central Time (US & Canada),[],#Coachella2015,,,,,,,,[],#Coachella2015,,,,,,,
positive,yes,KlainerLover,0,is going to be awesome! __,,1/6/15 14:21,5.52591e+17,Costa Rica,Mountain Time (US & Canada),[],#Coachella2015,,,,,,,,[],#Coachella2015,,,,,,,
positive,yes,Whatever_Mason,1,omg i wanna go so bad,,1/6/15 14:21,5.52591e+17,17 | wisconsin for now,Central Time (US & Canada),[],#Coachella2015,,,,,,,,[],#Coachella2015,,,,,,,
positive,yes,derrickvargo,0,lineup starts with  ! ! !,,1/6/15 14:20,5.52591e+17,District 13,Central Time (US & Canada),[],#Coachella2015,#ACDC,#WishIWereInCalifornia,,,,,,[],#Coachella2015,#ACDC,#WishIWereInCalifornia,,,,,
positive,yes,thebeatatx,1,full lineup is OUT &amp; it's HOT!  | 102.3 THE BEAT,,1/6/15 14:20,5.5259e+17,"Austin, Texas",Eastern Time (US & Canada),[],#Coachella2015,#ohgirl,,,,,,,[],#Coachella2015,#ohgirl,,,,,,
positive,yes,PatNasty24,0,But yea im excited for  man.,,1/6/15 14:19,5.5259e+17,704 - 843 - 757,Eastern Time (US & Canada),[],#Coachella2015,,,,,,,,[],#Coachella2015,,,,,,,
positive,yes,JesseSchurmann,0,I'd kill a man to go to coachella this year.,,1/6/15 14:19,5.5259e+17,,,[],#Coachella2015,,,,,,,,[],#Coachella2015,,,,,,,
positive,yes,shelby_mcalpine,0,"war on drugs, the cribs, tame impala, ac/dc, Interpol, alt j, Alabama shakes, the Orwells, Belle &amp; Sebastian YASSS COACHELLA",,1/6/15 14:19,5.5259e+17,"San Diego, California",Quito,[],#Coachella2015,,,,,,,,[],#Coachella2015,,,,,,,
positive,yes,jake_winter,1,"RT : Not gonna lie, the name that piqued my interest was Steely Dan.",,1/6/15 14:18,5.5259e+17,Calif.,Pacific Time (US & Canada),[],#Coachella2015,,,,,,,,[],#Coachella2015,,,,,,,
positive,yes,matildenetto,0,I want to goooo to coachella so bad!    can I go? ______,,1/6/15 14:18,5.5259e+17,LaLaLand ,Casablanca,[],#Coachella2015,,,,,,,,[],#Coachella2015,,,,,,,
positive,yes,bethwick11,0,Sooo ACDC is headlining  _I wonder if that would fall under an excused absence from PA school,,1/6/15 14:18,5.5259e+17,,Central Time (US & Canada),[],#Coachella2015,#rockorbust,,,,,,,[],#Coachella2015,#rockorbust,,,,,,
positive,yes,martinpeterse42,0,He  was probably the same genius that booked  to open 4   during,,1/6/15 14:16,5.5259e+17,,,[],#Coachella2015,,,,,,,,[],#Coachella2015,,,,,,,
positive,yes,RevivingDaria,0,*chelsea peretti surfer voice* ok but like...how can we create a lineup that will attract more frat boiz this year?,,1/6/15 14:16,5.5259e+17,Reno,Alaska,[],#Coachella2015,,,,,,,,[],#Coachella2015,,,,,,,
positive,yes,evelinaweary,0,is closing !!! Maybe I shouldn't sell my ticket _,"[33.99078138, -118.47690417]",1/6/15 14:16,5.5259e+17,Los Angeles,Pacific Time (US & Canada),[],#Coachella2015,#coachellalineup,,,,,,,[],#Coachella2015,#coachellalineup,,,,,,
positive,yes,cortneyrar,0,Officially starting to plan my very first trip to California in April to see !  I'm comin for ya!,,1/6/15 14:16,5.5259e+17,"Grand Haven, MI",,[],#Coachella2015,#California,,,,,,,[],#Coachella2015,#California,,,,,,
positive,yes,kellyy__05,0,Okay im a little liar the lineup is growing on me now.,,1/6/15 14:16,5.5259e+17,,Arizona,[],#Coachella2015,,,,,,,,[],#Coachella2015,,,,,,,
positive,yes,BeauHayhoe,0,"Well that's a curveball!': AC/DC, Jack White, Drake to headline     ",,1/6/15 14:16,5.52589e+17,"Brooklyn, NY",Central Time (US & Canada),[],#Coachella,#Coachella2015,,,,,,,[],#Coachella,#Coachella2015,,,,,,
positive,yes,WillRunzel,2,RT : Congrats to my  for making this huge lineup. You guys are such an inspiration__   htt_,,1/6/15 14:16,5.52589e+17,LA via Chicago,Central Time (US & Canada),[],#FREELIFE,#Coachella2015,,,,,,,[],#FREELIFE,#Coachella2015,,,,,,
positive,yes,karelys_eileen,0,"and reaches, and arrives!!! que emocionante....",,1/6/15 14:15,5.52589e+17,Latinoamerica,Eastern Time (US & Canada),[],#Coachella2015,,,,,,,,[],#Coachella2015,,,,,,,
positive,yes,iblogalott,0,brandnewrock champagnepapi,,1/6/15 14:15,5.52589e+17,"Riverside, ca",Hawaii,[],#Coachella2015,#weekendone,#Coachella,#excited,,,,,[],#Coachella2015,#weekendone,#Coachella,#excited,,,,
positive,yes,beautifulbeeee,1,RT : If anyone is selling their weekend one ticket for under $400 let me know please. thank you.,,1/6/15 14:14,5.52589e+17,where the wild things are,Pacific Time (US & Canada),[],#Coachella2015,,,,,,,,[],#Coachella2015,,,,,,,
positive,yes,GuyFieriaAF,2,Whose excited for coachella?? :)))) _,,1/6/15 14:13,5.52589e+17,,,[],#Coachella2015,,,,,,,,[],#Coachella2015,,,,,,,
positive,yes,max_mannix,0,"Every day it grows a little harder to not whip out ""I told you so""s RE: Drake bein the bes. People are coming round.",,1/6/15 14:13,5.52589e+17,,,[],#haters,#Coachella2015,,,,,,,[],#haters,#Coachella2015,,,,,,
positive,yes,AndUAreO_o,0,Hope i am able to make it to,,1/6/15 14:12,5.52589e+17,D.M.V,Central Time (US & Canada),[],#Coachella2015,,,,,,,,[],#Coachella2015,,,,,,,
positive,yes,CeliYvonne,0,Someone go with me!!,,1/6/15 14:12,5.52589e+17,,,[],#Coachella2015,,,,,,,,[],#Coachella2015,,,,,,,
positive,yes,Ofiki10,0,"I don't care much for the other nights, I just wanna see AC/DC",,1/6/15 14:12,5.52588e+17,"It's Morphin Time, Nevada",Pacific Time (US & Canada),[],#Coachella2015,#Coachella,,,,,,,[],#Coachella2015,#Coachella,,,,,,
positive,yes,Jason_Fray,0,The  lineup is insane.  AND  on day 2?! Guess you'll all know where I'll be on April 11th...,,1/6/15 14:11,5.52588e+17,Los Angeles,Pacific Time (US & Canada),[],#Coachella2015,,,,,,,,[],#Coachella2015,,,,,,,
positive,yes,Rgoestotheshows,0,Just found out that  will play at  Now I definitively have to go!,,1/6/15 14:10,5.52588e+17,NYC,Eastern Time (US & Canada),[],#Coachella,#coachellalineup,#Coachella2015,,,,,,[],#Coachella,#coachellalineup,#Coachella2015,,,,,
positive,yes,curioustree82,0,interesting line up! I can't wait to make some memories and forget my troubles in the desert!,,1/6/15 14:10,5.52588e+17,Cali!,Pacific Time (US & Canada),[],#Coachella2015,#dreamingofthedesert,,,,,,,[],#Coachella2015,#dreamingofthedesert,,,,,,
positive,yes,SpotZoneApp,2,RT : So our day just got better w/ the  lineup announcement __ Who do you want to see?   ht_,,1/6/15 14:10,5.52588e+17,Los Angeles,Pacific Time (US & Canada),[],#Coachella2015,#Coachella,,,,,,,[],#Coachella2015,#Coachella,,,,,,
positive,yes,Claire_Robbo_,0,Somebody get me to  and I'll be forever grateful.,,1/6/15 14:09,5.52588e+17,United Kingdom,,[],#Coachella2015,,,,,,,,[],#Coachella2015,,,,,,,
positive,yes,tfalk23,0,Who wants to go to,,1/6/15 14:09,5.52588e+17,Minnesota,Central Time (US & Canada),[],#Coachella2015,,,,,,,,[],#Coachella2015,,,,,,,
positive,yes,ErickGovea,0,Some of my pictures from last year! Can't wait to get even better images for this year,"[34.25377512, -118.2945069]",1/6/15 14:09,5.52588e+17,"Los Angeles,Ca",Mountain Time (US & Canada),[],#Coachella2015,,,,,,,,[],#Coachella2015,,,,,,,
positive,yes,HannahY,0,playlist!    COACHELLA 2015 Hannah Yoo,,1/6/15 14:09,5.52588e+17,"T: 38.894388,-77.018897",Eastern Time (US & Canada),[],#coachella2015,#NowPlaying,,,,,,,[],#coachella2015,#NowPlaying,,,,,,
positive,yes,MarisaNoel443,0,"Drake, the weeknd and Florence and machine are going to be at coahella this year ahhhhhh!!!___ I wanna go so bad!!",,1/6/15 14:09,5.52588e+17,Marysville ,Alaska,[],#Coachella2015,,,,,,,,[],#Coachella2015,,,,,,,
positive,yes,6jon6,0,lineup ____,,1/6/15 14:09,5.52588e+17,"Comfortable bed, that simple",Central America,[],#Coachella2015,,,,,,,,[],#Coachella2015,,,,,,,
positive,yes,EandDoubleD,0,K TIME TO BUY SOME NEW OUTFITS FOR,,1/6/15 14:09,5.52588e+17,B-z,Arizona,[],#Coachella2015,,,,,,,,[],#Coachella2015,,,,,,,
positive,yes,DiStasio602,0,"The War on Drugs, Jack White, Tame Impala, Interpol and FKA Twigs though _",,1/6/15 14:08,5.52588e+17,,Atlantic Time (Canada),[],#Coachella2015,,,,,,,,[],#Coachella2015,,,,,,,
positive,yes,jenniferetoile,2,S/o to the Aussies /  /  on the lineup !!!,,1/6/15 14:08,5.52588e+17,"Adelaide, AUS",Adelaide,[],#Coachella2015,,,,,,,,[],#Coachella2015,,,,,,,
positive,yes,tesfaye__xo,0,Feb 16 a legend was born,,1/6/15 14:08,5.52588e+17,,,[],#Coachella2015,#xofam,,,,,,,[],#Coachella2015,#xofam,,,,,,
positive,yes,CHRISANDO22,0,WHY ARENT I GOING TO,,1/6/15 14:08,5.52588e+17,,Sydney,[],#Coachella2015,,,,,,,,[],#Coachella2015,,,,,,,
positive,yes,Juanchitooo,0,Coachella Line up this year is very tempting,,1/6/15 14:08,5.52588e+17,,Quito,[],#Coachella2015,,,,,,,,[],#Coachella2015,,,,,,,
positive,yes,_ohhlala,0,: The lineup is here!   Cue the flower headband display front + center!,,1/6/15 14:07,5.52587e+17,"USA Chandler, Az",Pacific Time (US & Canada),[],#Coachella2015,,,,,,,,[],#Coachella2015,,,,,,,
positive,yes,HeyyJanette,0,: What an honor to play . Can't wait!,,1/6/15 14:06,5.52587e+17,,Alaska,[],#Coachella2015,,,,,,,,[],#Coachella2015,,,,,,,
positive,yes,livbabez,0,Can I please just go to Coachella this year? The lineup is too perfect___,,1/6/15 14:06,5.52587e+17,"Mosinee, WI",Mountain Time (US & Canada),[],#Coachella2015,,,,,,,,[],#Coachella2015,,,,,,,
positive,yes,K_Kwis,0,"Saturday, please. Drive Like Jehu sealed the deal. "":",,1/6/15 14:06,5.52587e+17,"Pittsburgh, PA",Eastern Time (US & Canada),[],#Coachella2015,,,,,,,,[],#Coachella2015,,,,,,,
positive,yes,dazeramzi84,0,Yaaaassss coachella line up 17-19 is on point....can't wait till april.,,1/6/15 14:05,5.52587e+17,Everywhere ,,[],#Coachella2015,#coachellalineup,,,,,,,[],#Coachella2015,#coachellalineup,,,,,,
positive,yes,justsophrosyne,0,"If by any chance i don't go to , I HOPE and PRAY that the  line up will be similar or better. that'd be dope.",,1/6/15 14:05,5.52587e+17,montreal,Eastern Time (US & Canada),[],#Coachella2015,#Osheaga2015,,,,,,,[],#Coachella2015,#Osheaga2015,,,,,,
positive,yes,_austinwright,0,Round 5!  ____,,1/6/15 14:05,5.52587e+17,KMG,Central Time (US & Canada),[],#Coachella2015,,,,,,,,[],#Coachella2015,,,,,,,
positive,yes,bibihuerta,0,It's about that time where my inner hipster comes out loud and proud.,,1/6/15 14:04,5.52587e+17,cotulla,,[],#COACHELLA2015,#IGottaGo,#IWillGo,,,,,,[],#COACHELLA2015,#IGottaGo,#IWillGo,,,,,
positive,yes,LILHotBarz92,0,top 3 people im excited to see at,,1/6/15 14:04,5.52587e+17,1992 empire,Pacific Time (US & Canada),[],#Coachella2015,,,,,,,,[],#Coachella2015,,,,,,,
positive,yes,uhlondraaa,6,RT : Dying to go to  _,,1/6/15 14:03,5.52586e+17,CHIPHX,,[],#Coachella2015,,,,,,,,[],#Coachella2015,,,,,,,
positive,yes,janet3025,0,Someone take me to  _,,1/6/15 14:03,5.52586e+17,Colorado  ,Mountain Time (US & Canada),[],#Coachella2015,,,,,,,,[],#Coachella2015,,,,,,,
positive,yes,ofwgkta_nevaeh,0,guess who's going to  _,,1/6/15 14:03,5.52586e+17,,,[],#Coachella2015,,,,,,,,[],#Coachella2015,,,,,,,
positive,yes,Rousseau_BP,0,"Finally, cannot wait to see the smooth vibes of  at  this year. What a day!!",,1/6/15 14:03,5.52586e+17,,,[],#Coachella2015,,,,,,,,[],#Coachella2015,,,,,,,
positive,yes,TheAmberMose,0,and  will be a ....I gotta go! So I will be om a hunt for a .,,1/6/15 14:01,5.52586e+17,"WhereYouWannaBe, TX",Central Time (US & Canada),[],#Coachella2015,#sugardaddy,#Imyosugarbaby,#HeyDaddy,,,,,[],#Coachella2015,#sugardaddy,#Imyosugarbaby,#HeyDaddy,,,,
positive,yes,joeyalkes,0,This super-talented young lady really knows how to work a tune. Six Stars! - NASHVILLEMUSIC GUIDE,,1/6/15 14:01,5.52586e+17,"Altadena, California",Alaska,[],#Coachella2015,,,,,,,,[],#Coachella2015,,,,,,,
positive,yes,Maya_Adachi,1,RT : Can't wait for  !!!,,1/6/15 14:01,5.52586e+17,"Little Tokyo, KoreaTown",Eastern Time (US & Canada),[],#Coachella2015,,,,,,,,[],#Coachella2015,,,,,,,
positive,yes,Kennethmd,2,RT : whhooooaa  headlining ! nicely done ! VIA,,1/6/15 14:00,5.52585e+17,Ocala Florida USA,Eastern Time (US & Canada),[],#Coachella2015,,,,,,,,[],#Coachella2015,,,,,,,
positive,yes,KenzaSMG,13,Shall we ?! _,,1/6/15 14:00,5.52585e+17,Paris,Paris,[],#coachella,#Coachella2015,,,,,,,[],#coachella,#Coachella2015,,,,,,
positive,yes,aliageorgia,0,100 days until  :),,1/6/15 14:00,5.52585e+17,,,[],#Coachella2015,,,,,,,,[],#Coachella2015,,,,,,,
positive,yes,JMSimonChi,1,Thank you  for the laughs about  ... I just snorted like ah swine in class.  -,,1/6/15 13:59,5.52585e+17,"Chicago, IL",Central Time (US & Canada),[],#Coachella2015,#Dying,,,,,,,[],#Coachella2015,#Dying,,,,,,
positive,yes,Kennethmd,1,"RT : 2015: The year I cross ""Seeing Steely Dan on molly"" off my bucket list.",,1/6/15 13:59,5.52585e+17,Ocala Florida USA,Eastern Time (US & Canada),[],#Coachella2015,,,,,,,,[],#Coachella2015,,,,,,,
positive,yes,itsnayabitch,0,Omggggg  I'm gonna cry,,1/6/15 13:59,5.52585e+17,Portugal,Lisbon,[],#Coachella2015,,,,,,,,[],#Coachella2015,,,,,,,
positive,yes,LureHollywood,9,The  is basically all like...,,1/6/15 13:58,5.52585e+17,"Hollywood, CA",Pacific Time (US & Canada),[],#CoachellaLineup,#EDM,#Coachella,#Coachella2015,#untz,,,,[],#CoachellaLineup,#EDM,#Coachella,#Coachella2015,#untz,,,
positive,yes,Crowned_1st,0,invites tho _,,1/6/15 13:58,5.52585e+17,NJ | NYC |FL | LA,Quito,[],#Coachella2015,,,,,,,,[],#Coachella2015,,,,,,,
positive,yes,CarmenVarner,0,Lineup Announced: The moment has arrived. The lineup for  2015 has_,,1/6/15 13:57,5.52585e+17,San Diego,Pacific Time (US & Canada),[],#Coachella2015,#Coachella,,,,,,,[],#Coachella2015,#Coachella,,,,,,
positive,yes,CoBear_,0,Someone take me to  please. Thanks.,,1/6/15 13:57,5.52585e+17,scotland,Edinburgh,[],#Coachella2015,,,,,,,,[],#Coachella2015,,,,,,,
positive,yes,McKeeK2,0,The  line up is sickkkkkk!!!!! Might have to fly out for this one lol,,1/6/15 13:57,5.52585e+17,Penn State- Radio Broadcasting,Eastern Time (US & Canada),[],#Coachella2015,,,,,,,,[],#Coachella2015,,,,,,,
positive,yes,arcadecg,0,The festival gods have been good,,1/6/15 13:57,5.52585e+17,New York City & London,Eastern Time (US & Canada),[],#music,#rockon,#Coachella2015,,,,,,[],#music,#rockon,#Coachella2015,,,,,
positive,yes,brianajanae_,0,i'd love to go to,,1/6/15 13:56,5.52584e+17,,Mountain Time (US & Canada),[],#Coachella2015,,,,,,,,[],#Coachella2015,,,,,,,
positive,yes,Ronn_Knee,3,RT : Uhmm can i go to  _,,1/6/15 13:56,5.52584e+17,,Central Time (US & Canada),[],#Coachella2015,,,,,,,,[],#Coachella2015,,,,,,,
positive,yes,ryanimal34,0,^  &amp;  all at  . That is one line up for the ages,"[42.12925821, -87.87454331]",1/6/15 13:56,5.52584e+17,Chicago,Atlantic Time (Canada),[],#legends,#Coachella2015,,,,,,,[],#legends,#Coachella2015,,,,,,
positive,yes,Geestar86,0,Really really really really wants to do coachella this year! The line up is amazing.,,1/6/15 13:55,5.52584e+17,"Manchester, UK",London,[],#Coachella2015,,,,,,,,[],#Coachella2015,,,,,,,
positive,yes,ItsLaurieJ,0,"Someone take me to , pretty please.",,1/6/15 13:55,5.52584e+17,"Perth, Australia",Perth,[],#Coachella2015,,,,,,,,[],#Coachella2015,,,,,,,
positive,yes,kadirr91,0,"There are very few festivals that consistently, year after year, make you envious with their lineups...",,1/6/15 13:55,5.52584e+17,"Cape Town, South Africa",Pretoria,[],#Coachella2015,,,,,,,,[],#Coachella2015,,,,,,,
positive,yes,ThatDudeProtege,7,"Idk why y'all are complaining, this is a great lineup.",,1/6/15 13:54,5.52584e+17,natalie.alvarez,Eastern Time (US & Canada),[],#Coachella2015,,,,,,,,[],#Coachella2015,,,,,,,
positive,yes,Rukas_10oh,0,Uhhh  you're killing me.,,1/6/15 13:54,5.52584e+17,"Salem, OR",,[],#Coachella2015,,,,,,,,[],#Coachella2015,,,,,,,
positive,yes,stephanie1356,0,Girls outfit for,,1/6/15 13:54,5.52584e+17,3 metri sopra il cielo ,Mountain Time (US & Canada),[],#Coachella2015,,,,,,,,[],#Coachella2015,,,,,,,
positive,yes,C_Holloway4,0,just got word Drake is headlining at  sooo I'm definitely saving up the money,,1/6/15 13:54,5.52584e+17,217309,,[],#Coachella2015,,,,,,,,[],#Coachella2015,,,,,,,
positive,yes,emriosss,0,OMG COACHELLA RN _,,1/6/15 13:53,5.52584e+17,Los Angeles ,Tijuana,[],#Coachella2015,#DashRadio,,,,,,,[],#Coachella2015,#DashRadio,,,,,,
positive,yes,RiaSweezy,0,has the greatest lineup for this spring,,1/6/15 13:53,5.52584e+17,Alfred&Syracuse ,Eastern Time (US & Canada),[],#TakeMeToTheDesert,#Coachella2015,,,,,,,[],#TakeMeToTheDesert,#Coachella2015,,,,,,
positive,yes,lfrench1022,0,The lineup for  is looking very promising. Will you be in attendance?,,1/6/15 13:53,5.52584e+17,Chicago,Central Time (US & Canada),[],#Coachella2015,,,,,,,,[],#Coachella2015,,,,,,,
positive,yes,MrDavidAngelo,4,"What 22-year-old doesn't want their mushroom trip to include a grandfather screaming ""Hells Bells?""",,1/6/15 13:52,5.52584e+17,Typical Hollywood Bigshot,Central Time (US & Canada),[],#Coachella2015,,,,,,,,[],#Coachella2015,,,,,,,
positive,yes,IsmaelSanti2,1,is a must !!! XO,,1/6/15 13:52,5.52584e+17,Westside Vegas,,[],#Coachella2015,,,,,,,,[],#Coachella2015,,,,,,,
positive,yes,Karagin_Angel,1,RT : : The lineup is here!    LETS GO,,1/6/15 13:52,5.52583e+17,"Poteau, OK",,[],#Coachella2015,,,,,,,,[],#Coachella2015,,,,,,,
positive,yes,instacutexo,0,I can't deal with looking down my TL too depressing I need to be there,,1/6/15 13:52,5.52583e+17,,,[],#Coachella2015,,,,,,,,[],#Coachella2015,,,,,,,
positive,yes,julio_morro,0,Congrats to the  boys!,,1/6/15 13:52,5.52583e+17,"Kansas City/Queretaro,MX",Mountain Time (US & Canada),[],#Coachella2015,#kcpride,,,,,,,[],#Coachella2015,#kcpride,,,,,,
positive,yes,alexandriyeah_,0,The  lineup is out and I never get this excited! Omg.,,1/6/15 13:51,5.52583e+17,Portugal,Eastern Time (US & Canada),[],#Coachella2015,,,,,,,,[],#Coachella2015,,,,,,,
positive,yes,Jorschach,0,second day has my soul like,,1/6/15 13:51,5.52583e+17,New York,Eastern Time (US & Canada),[],#Coachella2015,,,,,,,,[],#Coachella2015,,,,,,,
positive,yes,KcNightfire,0,If only I could move AC/DC over with Florence and the Machine and Marina and the Diamonds. Now that would be interesting.,,1/6/15 13:51,5.52583e+17,"the Village, NY / Paris",Eastern Time (US & Canada),[],#Coachella2015,,,,,,,,[],#Coachella2015,,,,,,,
positive,yes,MOB_760,0,Not the best lineup but still gonna go   _____________________,,1/6/15 13:50,5.52583e+17,"Indio, CA",Pacific Time (US & Canada),[],#Coachella2015,#whoscares,#_,,,,,,[],#Coachella2015,#whoscares,#_,,,,,
positive,yes,Andrea_Alenjadr,1,RT : : Coachella 2015  OH YES ___  I can't wait,,1/6/15 13:50,5.52583e+17,everywhere ,Lima,[],#Coachella2015,,,,,,,,[],#Coachella2015,,,,,,,
positive,yes,giinabobiina,0,I think I might just have to make it out to beautiful California this year for,,1/6/15 13:50,5.52583e+17,New York City,Pacific Time (US & Canada),[],#Coachella2015,,,,,,,,[],#Coachella2015,,,,,,,
positive,yes,HeyitsShae9,0,I need to go to freaking   this year!!!!!!!!!! The line is flipping awesome!!!!!!!!!,,1/6/15 13:50,5.52583e+17,,Arizona,[],#Coachella2015,,,,,,,,[],#Coachella2015,,,,,,,
positive,yes,adamaichmair,0,lineup is crazy....but day 3 headliner is questionable,,1/6/15 13:50,5.52583e+17,VanCity,Pacific Time (US & Canada),[],#Coachella2015,,,,,,,,[],#Coachella2015,,,,,,,
positive,yes,vonSchlarb,0,This needs to happen. RT : My  lineup,,1/6/15 13:50,5.52583e+17,Los Angeles  Internet,Pacific Time (US & Canada),[],#Coachella2015,,,,,,,,[],#Coachella2015,,,,,,,
positive,yes,EDMJuniorCosta,2,RT : So the  Lineup is out! Who do you want to see!?____,,1/6/15 13:50,5.52583e+17,Los Angeles,Pacific Time (US & Canada),[],#Coachella,#drakechella,#Coachella2015,,,,,,[],#Coachella,#drakechella,#Coachella2015,,,,,
positive,yes,Jorschach,0,first day has my soul like,,1/6/15 13:50,5.52583e+17,New York,Eastern Time (US & Canada),[],#Coachella2015,,,,,,,,[],#Coachella2015,,,,,,,
positive,yes,cowan_matthew,0,3 months away and im already excited for,,1/6/15 13:50,5.52583e+17,"Tempe, AZ",Pacific Time (US & Canada),[],#Coachella2015,#Weekend2,,,,,,,[],#Coachella2015,#Weekend2,,,,,,
positive,yes,mphsnt96,2,RT : Our money combined we good on Hotel and drugs and food and gas and a good ass time _____,,1/6/15 13:49,5.52583e+17,"EAST SIDE,MISSION COLLEGE '17 ",,[],#Coachella2015,,,,,,,,[],#Coachella2015,,,,,,,
positive,yes,catbonati,0,"and  at the same rad festival, the best thing ever &lt;3",,1/6/15 13:49,5.52583e+17,,Santiago,[],#Coachella2015,,,,,,,,[],#Coachella2015,,,,,,,
positive,yes,JawesTheGreat,0,"You know you guys can stay home and do drugs and listen to drake and the weeknd, y'all do it all the time anyways",,1/6/15 13:49,5.52583e+17,9,,[],#Coachella2015,,,,,,,,[],#Coachella2015,,,,,,,
positive,yes,Al_Meagher,0,Does anyone wanna give me $400 and also a plane?,,1/6/15 13:49,5.52583e+17,Baltimore / Richmond,Eastern Time (US & Canada),[],#Coachella2015,,,,,,,,[],#Coachella2015,,,,,,,
positive,yes,aquarista25,0,Beyond excited  is gonna be at  ______,,1/6/15 13:48,5.52583e+17,|Australia| ,,[],#Coachella2015,,,,,,,,[],#Coachella2015,,,,,,,
positive,yes,peggy_alice,0,"First of all,look at that  line up! Second of all  is playing! Great to see Oz artists there",,1/6/15 13:48,5.52583e+17,"Canberra, Australia",Canberra,[],#Coachella2015,,,,,,,,[],#Coachella2015,,,,,,,
positive,yes,ktttmac,0,: Who's responsible...   coachella 2015!!!!!,"[33.94481478, -83.44469402]",1/6/15 13:48,5.52583e+17,,Quito,[],#Coachella2015,,,,,,,,[],#Coachella2015,,,,,,,
positive,yes,mcarove,0,"Flying Lotus, Ghostface Killah, Kele, SBTRKT, Toro Y Moi, Gaslamp Killer Experience (!?!?!)",,1/6/15 13:48,5.52582e+17,Moscow,Moscow,[],#Coachella2015,,,,,,,,[],#Coachella2015,,,,,,,
positive,yes,JessOa,0,line up being revealed just makes me want to book my ticket now! I need to hurry up and go to LA,,1/6/15 13:48,5.52582e+17,Surrey,London,[],#Coachella2015,,,,,,,,[],#Coachella2015,,,,,,,
positive,yes,amanda_gonzo,0,: Getting hives over the  lineup .. Were going were going!!!    __ ____,,1/6/15 13:48,5.52582e+17,,Central Time (US & Canada),[],#Coachella2015,#fart,#LA,,,,,,[],#Coachella2015,#fart,#LA,,,,,
positive,yes,CeeMartha,1,RT : AC/DC at Coachella just took this festival to another level! No fucking way!!!!!!,,1/6/15 13:47,5.52582e+17,,,[],#Coachella2015,,,,,,,,[],#Coachella2015,,,,,,,
positive,yes,kmefx1,0,: The lineup is here!   for all you flower crown babies,,1/6/15 13:47,5.52582e+17,the dirty deen,,[],#Coachella2015,,,,,,,,[],#Coachella2015,,,,,,,
positive,yes,beatrizlpy,1,RT : coachella  I'm SO ready for this _  here I come! My first  experience and the_,,1/6/15 13:47,5.52582e+17,FBI Agent,Central Time (US & Canada),[],#Coachella2015,#coachella,,,,,,,[],#Coachella2015,#coachella,,,,,,
positive,yes,_AnnieOhh,0,I wanna go badly__,,1/6/15 13:46,5.52582e+17,,,[],#Coachella2015,,,,,,,,[],#Coachella2015,,,,,,,
positive,yes,MylifeasJackiee,3,Uhmm can i go to  _,,1/6/15 13:46,5.52582e+17,,Central Time (US & Canada),[],#Coachella2015,,,,,,,,[],#Coachella2015,,,,,,,
positive,yes,isitlow10049,0,Love you fam,,1/6/15 13:46,5.52582e+17,LA,Pacific Time (US & Canada),[],#Coachella2015,,,,,,,,[],#Coachella2015,,,,,,,
positive,yes,StephenUssher,0,"Hey when's the competition for the free Coachella tickets? Also, which day are you spinning? ;)",,1/6/15 13:45,5.52582e+17,"Dublin, Ireland",Casablanca,[],#Coachella2015,#KAB2headline,,,,,,,[],#Coachella2015,#KAB2headline,,,,,,
positive,yes,Latifaya,0,And the line up is out ITS SO GOOD __,,1/6/15 13:45,5.52582e+17,"H-Town, Texas, US.",Central Time (US & Canada),[],#Coachella2015,,,,,,,,[],#Coachella2015,,,,,,,
positive,yes,shannonbugelli,2,Coachella is definitely on my bucket list.,,1/6/15 13:45,5.52582e+17,"melbourne, australia",Hawaii,[],#Coachella2015,,,,,,,,[],#Coachella2015,,,,,,,
positive,yes,chandlerdiggs,2,Maybe this will be the year I finally go. ? I'm sold.,,1/6/15 13:44,5.52582e+17,,,[],#Coachella2015,,,,,,,,[],#Coachella2015,,,,,,,
positive,yes,imvne_w,1,I am dreaming of going to  _,,1/6/15 13:44,5.52582e+17,Montreal,,[],#Coachella2015,,,,,,,,[],#Coachella2015,,,,,,,
positive,yes,WaldoWhereUAt,0,""": What we've all been waiting for. _    dayummm",,1/6/15 13:44,5.52582e+17,,,[],#Coachella2015,,,,,,,,[],#Coachella2015,,,,,,,
positive,yes,alexcuntz13,0,AC/DC at Coachella is all I need to know. Who's taking the trip to Cali with me?,,1/6/15 13:44,5.52581e+17,"New Orleans, LA",Central Time (US & Canada),[],#Coachella2015,,,,,,,,[],#Coachella2015,,,,,,,
positive,yes,izzyopra,0,I want to go to Coachella sooooo bad,,1/6/15 13:44,5.52581e+17,,,[],#Coachella2015,#yesyesyes,,,,,,,[],#Coachella2015,#yesyesyes,,,,,,
positive,yes,EilidhRitchieX,0,So Tempted,,1/6/15 13:43,5.52581e+17,Aberdeen,,[],#Coachella2015,,,,,,,,[],#Coachella2015,,,,,,,
positive,yes,TwittEarl_,0,"""I'm on a highway to Coachella.""

I'll stop now.",,1/6/15 13:43,5.52581e+17,the wEarld,Tijuana,[],#Coachella2015,#Coachella,,,,,,,[],#Coachella2015,#Coachella,,,,,,
positive,yes,jessjorde,1,I mean we could always do cooler things than this ___,,1/6/15 13:43,5.52581e+17,land of enchantment ,,[],#Coachella2015,,,,,,,,[],#Coachella2015,,,,,,,
positive,yes,PhilibanaisZ,0,Fuck I want to go to Coachella so bad !!!,,1/6/15 13:42,5.52581e+17,Paris - France,Amsterdam,[],#Coachella2015,,,,,,,,[],#Coachella2015,,,,,,,
positive,yes,thomascoddldn,1,RT :  line up is mad,,1/6/15 13:42,5.52581e+17,TCLDN,,[],#Coachella2015,#bruh,,,,,,,[],#Coachella2015,#bruh,,,,,,
positive,yes,OoohJennaay,0,Still excited though,,1/6/15 13:41,5.52581e+17,Palm Springs,Pacific Time (US & Canada),[],#Coachella2015,,,,,,,,[],#Coachella2015,,,,,,,
positive,yes,OuAnthony,0,lineup is out! First reaction: The EDM takeover is real...what will this festival become in a few yrs?,,1/6/15 13:41,5.52581e+17,"Toronto, Canada",Eastern Time (US & Canada),[],#Coachella2015,,,,,,,,[],#Coachella2015,,,,,,,
positive,yes,nosaintjoe,0,made the bill!,,1/6/15 13:41,5.52581e+17,made it to Brooklyn ,Eastern Time (US & Canada),[],#Coachella2015,,,,,,,,[],#Coachella2015,,,,,,,
positive,yes,akashapaulina,0,Couldn't be more excited!,,1/6/15 13:41,5.52581e+17,Canada,Eastern Time (US & Canada),[],#Coachella2015,,,,,,,,[],#Coachella2015,,,,,,,
positive,yes,SHO0OQIII,1,RT : Depressed because I'm broke and I can't go to coachella ____,,1/6/15 13:41,5.52581e+17,_ (  _ ) ,Baghdad,[],#Coachella2015,,,,,,,,[],#Coachella2015,,,,,,,
positive,yes,jennanolen,1,Depressed because I'm broke and I can't go to coachella ____,"[40.07744588, -74.99358736]",1/6/15 13:41,5.52581e+17,http://ask.fm/JennaNolen,,[],#Coachella2015,,,,,,,,[],#Coachella2015,,,,,,,
positive,yes,TheKaiMiller,0,got Spring 2015 POPPIN':,,1/6/15 13:40,5.5258e+17,,Atlantic Time (Canada),[],#Coachella2015,#Drizzy,#OVO,,,,,,[],#Coachella2015,#Drizzy,#OVO,,,,,
positive,yes,iamRyanKuta,0,Hopefully the  lineup looks something like this!,"[41.82831101, -88.00022573]",1/6/15 13:39,5.5258e+17,"Chicago, Illinois",,[],#coachella2015,,,,,,,,[],#coachella2015,,,,,,,
positive,yes,Rousseau_BP,0,FUCK ME.  have smashed the lineup for 2015.,,1/6/15 13:39,5.5258e+17,,,[],#overexcited,#Coachella2015,,,,,,,[],#overexcited,#Coachella2015,,,,,,
positive,yes,Taty_Alessandro,0,"Seriously guys, this is going to be AMAZING!!!  /\     _",,1/6/15 13:39,5.5258e+17,OVER YOUR HEAD ,Buenos Aires,[],#allofyou,#Coachella2015,#April,,,,,,[],#allofyou,#Coachella2015,#April,,,,,
positive,yes,yesspach,0,Holy fuck balls _,,1/6/15 13:39,5.5258e+17,,,[],#Coachella2015,,,,,,,,[],#Coachella2015,,,,,,,
positive,yes,caropzz,0,_ i can dream,,1/6/15 13:38,5.5258e+17,,Pacific Time (US & Canada),[],#Coachella2015,,,,,,,,[],#Coachella2015,,,,,,,
positive,yes,JoelCrean,0,This is good _,"[-37.84143247, 144.99448994]",1/6/15 13:38,5.5258e+17,,Melbourne,[],#Coachella,#Coachella2015,#coachellalineup,,,,,,[],#Coachella,#Coachella2015,#coachellalineup,,,,,
positive,yes,brainard_blair,0,I would skip prom for,,1/6/15 13:38,5.5258e+17,,,[],#Coachella2015,,,,,,,,[],#Coachella2015,,,,,,,
positive,yes,Lindiculous,0,AC/DC at Coachella __ : The lineup is here!,,1/6/15 13:38,5.5258e+17,,,[],#Coachella2015,,,,,,,,[],#Coachella2015,,,,,,,
positive,yes,SchultzCarolyn,0,see u at,,1/6/15 13:37,5.5258e+17,"Boston, MA",,[],#Coachella2015,,,,,,,,[],#Coachella2015,,,,,,,
positive,yes,fvckdaj,0,I wanna go to  so baddd ):,,1/6/15 13:37,5.5258e+17,steel city,,[],#Coachella2015,,,,,,,,[],#Coachella2015,,,,,,,
positive,yes,HumidorPros,0,A lot of great acts for,,1/6/15 13:37,5.5258e+17,United States,,[],#Coachella2015,#coachellalineup,,,,,,,[],#Coachella2015,#coachellalineup,,,,,,
positive,yes,_issyh_,0,Cannot be true about  and,,1/6/15 13:37,5.5258e+17,,Casablanca,[],#gesaffelstein,#Coachella2015,,,,,,,[],#gesaffelstein,#Coachella2015,,,,,,
positive,yes,jtburner,0,"pumped to see  at , my uncle had me listening to them since i was young!",,1/6/15 13:37,5.5258e+17,"Bay Area, CA",Pacific Time (US & Canada),[],#Coachella2015,,,,,,,,[],#Coachella2015,,,,,,,
positive,yes,skylexis98,0,Vanessa Paradis is gonna perform wow that's nice,,1/6/15 13:36,5.52579e+17,Utopia,Pacific Time (US & Canada),[],#Coachella2015,,,,,,,,[],#Coachella2015,,,,,,,
positive,yes,maaliki_gigi,0,: What an honor to play . Can't wait!   - I'm so excited!,,1/6/15 13:36,5.52579e+17,,,[],#Coachella2015,,,,,,,,[],#Coachella2015,,,,,,,
positive,yes,Paddaway,1,line up is mad,"[51.7148897, -0.053576]",1/6/15 13:36,5.52579e+17,"Cheshunt, Hertfordshire",London,[],#Coachella2015,#bruh,,,,,,,[],#Coachella2015,#bruh,,,,,,
positive,yes,nicolemiraa,3,RT : The weeknd and drake are going to be at  and im not going_____________________,,1/6/15 13:35,5.52579e+17,ovo,Atlantic Time (Canada),[],#Coachella2015,,,,,,,,[],#Coachella2015,,,,,,,
positive,yes,ANelsonModel,0,is playing @ Coachella!! So is    &amp; So Many More!!!!! I'm one happy girl _,,1/6/15 13:35,5.52579e+17,New YorkFloridaLas Vegas,,[],#Plur,#RaveDoll,#Coachella2015,,,,,,[],#Plur,#RaveDoll,#Coachella2015,,,,,
positive,yes,TwittEarl_,0,The only thing I see when I see this.,,1/6/15 13:35,5.52579e+17,the wEarld,Tijuana,[],#Coachella,#Coachella2015,,,,,,,[],#Coachella,#Coachella2015,,,,,,
positive,yes,shaNeysaur,0,take my money.,,1/6/15 13:35,5.52579e+17,Winterfell,Eastern Time (US & Canada),[],#Coachella2015,,,,,,,,[],#Coachella2015,,,,,,,
positive,yes,MorganEBradley,0,lineup is legit including  and . Is it bad to admit I really want to see Steely Dan?,,1/6/15 13:35,5.52579e+17,"Seattle, Washington",Pacific Time (US & Canada),[],#Coachella2015,#GeorgeEzra,#VanceJoy,#throwback,,,,,[],#Coachella2015,#GeorgeEzra,#VanceJoy,#throwback,,,,
positive,yes,CantuKing,0,So I think I just found what I wanna do!,,1/6/15 13:35,5.52579e+17,"Lewisville, TX ",Central Time (US & Canada),[],#Coachella2015,,,,,,,,[],#Coachella2015,,,,,,,
positive,yes,djsn1,0,lineup is dope!,,1/6/15 13:35,5.52579e+17,"iPhone: 38.580986,-121.496193",Pacific Time (US & Canada),[],#coachella2015,,,,,,,,[],#coachella2015,,,,,,,
positive,yes,ChristinaERoman,0,"The  lineup is out! Hm, during my birthday, again. Would make a sweet birthday gift _  via",,1/6/15 13:35,5.52579e+17,NYC,Eastern Time (US & Canada),[],#Coachella2015,,,,,,,,[],#Coachella2015,,,,,,,
positive,yes,LionsFanInGA,0,""": Who are you the most excited to see at ?"" The burning nfl league office replica",,1/6/15 13:35,5.52579e+17,Georgia,Eastern Time (US & Canada),[],#Coachella2015,,,,,,,,[],#Coachella2015,,,,,,,
positive,yes,adolfo_party,0,for me is...,,1/6/15 13:35,5.52579e+17,Worldwide,Pacific Time (US & Canada),[],#hashtagoftheday,#Coachella2015,,,,,,,[],#hashtagoftheday,#Coachella2015,,,,,,
positive,yes,Barrisite,0,The only thing I see when I see this.,,1/6/15 13:34,5.52579e+17,Simply Don - The Twitter,,[],#Coachella,#Coachella2015,,,,,,,[],#Coachella,#Coachella2015,,,,,,
positive,yes,wereswaldoOMG,0,"Fuck I need to go to ! Drake, the weekend, Tyler the creator and LIL B! gone be there! I need to go!",,1/6/15 13:34,5.52579e+17,,,[],#Coachella2015,,,,,,,,[],#Coachella2015,,,,,,,
positive,yes,handsoffzayn,0,: Who are you the most excited to see at ? Ryn Weaver :),,1/6/15 13:34,5.52579e+17,,Eastern Time (US & Canada),[],#Coachella2015,,,,,,,,[],#Coachella2015,,,,,,,
positive,yes,sandhu_1213,0,Lil B is going to be at  ????  shall we go? ___,,1/6/15 13:34,5.52579e+17,,,[],#Coachella2015,,,,,,,,[],#Coachella2015,,,,,,,
positive,yes,SexySarika,0,I wanna go see  .,,1/6/15 13:34,5.52579e+17,NYC,,[],#Coachella2015,,,,,,,,[],#Coachella2015,,,,,,,
positive,yes,Sagrad0Pard0,0,: Senior year. ayyyyee _,,1/6/15 13:34,5.52579e+17,,,[],#Coachella2015,,,,,,,,[],#Coachella2015,,,,,,,
positive,yes,shaNeysaur,0,I have to go to  this line up. Seriously. It's too ill!!! Ahh,,1/6/15 13:34,5.52579e+17,Winterfell,Eastern Time (US & Canada),[],#Coachella2015,#Coachella,#Coachella2015,,,,,,[],#Coachella2015,#Coachella,#Coachella2015,,,,,
positive,yes,ccohen13,0,lineup just came out!,"[34.05491076, -118.3182926]",1/6/15 13:33,5.52579e+17,Los Angeles,Pacific Time (US & Canada),[],#Coachella2015,,,,,,,,[],#Coachella2015,,,,,,,
positive,yes,destinyyy_g,0,When your  bae of all baes is headlining your favorite event to ever exist on this planet,"[34.09893964, -118.36170616]",1/6/15 13:33,5.52579e+17,C A L I F O R N I A ,Pacific Time (US & Canada),[],#1,#Coachella2015,#Coachella,,,,,,[],#1,#Coachella2015,#Coachella,,,,,
positive,yes,killmek8,0,day 2 run the jewels. Best rap album I've heard in a very very long time. And hozier is a dope irishman,,1/6/15 13:33,5.52579e+17,Las Vegas NV,Arizona,[],#Coachella2015,,,,,,,,[],#Coachella2015,,,,,,,
positive,yes,breechristinaxo,0,Omfg the line up....why so far,,1/6/15 13:32,5.52578e+17, fiery gates of hell  ,Eastern Time (US & Canada),[],#Coachella2015,,,,,,,,[],#Coachella2015,,,,,,,
positive,yes,paulcibis,1,"Best Fake Bands Playing : Untold Reckoning, The Appaloosa Stablemates, Grasscar, Smokey Eye Tutorial.",,1/6/15 13:32,5.52578e+17,Los Angeles,Pacific Time (US & Canada),[],#Coachella2015,,,,,,,,[],#Coachella2015,,,,,,,
positive,yes,dckrnbws,0,Dying over this  line up,,1/6/15 13:32,5.52578e+17,,,[],#Coachella2015,#GotMyTicket,,,,,,,[],#Coachella2015,#GotMyTicket,,,,,,
positive,yes,camillivegolden,0,I thought  was retiring lol but I guess not. __ Def not complaining though!! ___,,1/6/15 13:31,5.52578e+17,,Pacific Time (US & Canada),[],#Coachella2015,#PandaFunk,,,,,,,[],#Coachella2015,#PandaFunk,,,,,,
positive,yes,thefullm0nty,0,"so ready

RT : What an honor to play . Can't wait!",,1/6/15 13:31,5.52578e+17,"Irvine, CA",Pacific Time (US & Canada),[],#Coachella2015,,,,,,,,[],#Coachella2015,,,,,,,
positive,yes,FutureParadise5,0,Here anyone want to take out of their life savings like me and come to  we can make a holiday out if it,,1/6/15 13:31,5.52578e+17,,Hawaii,[],#Coachella2015,#pls,,,,,,,[],#Coachella2015,#pls,,,,,,
positive,yes,brittneysirie,0,YUMA TENT IS GONNA BE ___,,1/6/15 13:31,5.52578e+17,Las Vegas,Arizona,[],#Coachella2015,,,,,,,,[],#Coachella2015,,,,,,,
positive,yes,sunni_ch3rry,1,RT : Can I experience  pleaaaaase.,,1/6/15 13:31,5.52578e+17,1996. God. Dancer. 090912_,Pacific Time (US & Canada),[],#Coachella2015,,,,,,,,[],#Coachella2015,,,,,,,
positive,yes,hegartytara,0,Wanna go to Coachella festival this year so bad ___,,1/6/15 13:31,5.52578e+17,,Amsterdam,[],#Coachella2015,#hatefinalyear,,,,,,,[],#Coachella2015,#hatefinalyear,,,,,,
positive,yes,kellayboo,1,Can I experience  pleaaaaase.,,1/6/15 13:31,5.52578e+17,North Carolina,Atlantic Time (Canada),[],#Coachella2015,,,,,,,,[],#Coachella2015,,,,,,,
positive,yes,kaylalewis7,0,I legitimately cannot contain my excitement.,,1/6/15 13:31,5.52578e+17,,Eastern Time (US & Canada),[],#sorry,#Coachella2015,#94days,#bye,,,,,[],#sorry,#Coachella2015,#94days,#bye,,,,
positive,yes,sarafranch1,1,: Coachella 2015  OH YES ___  I can't wait,,1/6/15 13:31,5.52578e+17,,Pacific Time (US & Canada),[],#Coachella2015,,,,,,,,[],#Coachella2015,,,,,,,
positive,yes,shakaplan,0,STEELY DAN!?,,1/6/15 13:30,5.52578e+17,,Tehran,[],#Coachella2015,#fuckinghipsters,,,,,,,[],#Coachella2015,#fuckinghipsters,,,,,,
positive,yes,DarianPezik,0,Got my outfit for  all together!!! ________,,1/6/15 13:30,5.52578e+17,,Eastern Time (US & Canada),[],#Coachella2015,,,,,,,,[],#Coachella2015,,,,,,,
positive,yes,airwildo1234567,0,I'm gonna sell my hair my blood and other useless organs leggo,,1/6/15 13:30,5.52578e+17,,Arizona,[],#Coachella2015,,,,,,,,[],#Coachella2015,,,,,,,
positive,yes,elstayfresh15,1,RT : felt inspired this morning. wrote words. read if interested,,1/6/15 13:30,5.52578e+17,,,[],#Coachella2015,,,,,,,,[],#Coachella2015,,,,,,,
positive,yes,nymjr7,0,Man that  lineup... Cali trip?!!! __,,1/6/15 13:30,5.52578e+17,,Atlantic Time (Canada),[],#Coachella2015,,,,,,,,[],#Coachella2015,,,,,,,
positive,yes,JonFarriss,0,Congrats mate!,,1/6/15 13:30,5.52578e+17,Australia,Sydney,[],#Coachella2015,,,,,,,,[],#Coachella2015,,,,,,,
positive,yes,jasminalyssa,0,Because...Coachella ___  @ Coachella Valley Music Festival,,1/6/15 13:30,5.52578e+17,,Arizona,[],#coachella2015,,,,,,,,[],#coachella2015,,,,,,,
positive,yes,FreshKidAlldayy,1,Now this is a lineup,,1/6/15 13:29,5.52578e+17,"To Infinity, and Beyond",Eastern Time (US & Canada),[],#Coachella2015,,,,,,,,[],#Coachella2015,,,,,,,
positive,yes,TylerJMark,0,I can't wait,,1/6/15 13:29,5.52578e+17,Michigan,,[],#Coachella2015,,,,,,,,[],#Coachella2015,,,,,,,
positive,yes,RachelElizab3th,0,Somebody go to  with me!! D:,,1/6/15 13:28,5.52577e+17,,Central Time (US & Canada),[],#Coachella2015,,,,,,,,[],#Coachella2015,,,,,,,
positive,yes,vanessatesfaye,0,I've seen  3x in my life. I'm an ingrate. It's not enough.,,1/6/15 13:28,5.52577e+17,,,[],#Coachella2015,,,,,,,,[],#Coachella2015,,,,,,,
positive,yes,sehejjjanand,0,": AC/DC, Jack White, &amp; Drake headline .  this lineup fucking kills me _",,1/6/15 13:28,5.52577e+17,Dubai  Boston,Abu Dhabi,[],#Coachella2015,#fuckfinals,,,,,,,[],#Coachella2015,#fuckfinals,,,,,,
positive,yes,emmdayyy,0,I would have posted this sooner but I was too busy dying of excitement. Any other Aussies heading to ?,,1/6/15 13:28,5.52577e+17,Brisbane,,[],#Coachella2015,,,,,,,,[],#Coachella2015,,,,,,,
positive,yes,klondino,0,Who wants to go to  with me?!?!?,,1/6/15 13:28,5.52577e+17,,,[],#Coachella2015,,,,,,,,[],#Coachella2015,,,,,,,
positive,yes,NonchalantPride,0,Whose down for  ??,,1/6/15 13:27,5.52577e+17,#TrapFunreal ,Pacific Time (US & Canada),[],#Coachella2015,,,,,,,,[],#Coachella2015,,,,,,,
positive,yes,m_franciscovich,0,"Steely Dan, Antemasque, St. Lucia are just a few bands I'm pumped about for",,1/6/15 13:27,5.52577e+17,"Los Angeles, CA",Eastern Time (US & Canada),[],#Coachella2015,,,,,,,,[],#Coachella2015,,,,,,,
positive,yes,fvntvsiv,0,"Idc who's playing id go for the atmosphere, the experience, and to see new artists.",,1/6/15 13:27,5.52577e+17,the bay,Pacific Time (US & Canada),[],#Coachella2015,,,,,,,,[],#Coachella2015,,,,,,,
positive,yes,moviegal21,1,If someone wants to pay for me to go to  that would be great.... _____,,1/6/15 13:27,5.52577e+17,Atlanta ,,[],#Coachella2015,,,,,,,,[],#Coachella2015,,,,,,,
positive,yes,SydneyBuckholt,0,The Coachella line up has arrived and it has made me even more excited to attend!,,1/6/15 13:26,5.52577e+17,San Francisco,,[],#Coachella2015,,,,,,,,[],#Coachella2015,,,,,,,
positive,yes,rtuesday7,1,Finally why we've all been waiting for,,1/6/15 13:26,5.52577e+17,,,[],#Coachella2015,,,,,,,,[],#Coachella2015,,,,,,,
positive,yes,klarize,1,"Not gonna lie, the name that piqued my interest was Steely Dan.",,1/6/15 13:26,5.52577e+17,southern california ,Pacific Time (US & Canada),[],#Coachella2015,,,,,,,,[],#Coachella2015,,,,,,,
positive,yes,medikbrandon,0,Exciting! First festival of the year announced.  Time to start predicting other lineups.,,1/6/15 13:26,5.52577e+17,"Peel, Ontario",Atlantic Time (Canada),[],#Coachella2015,#fieldtrip,#Osheaga,#ottawabluesfest,,,,,[],#Coachella2015,#fieldtrip,#Osheaga,#ottawabluesfest,,,,
positive,yes,WillBrockman,0,Really wish I could go to this!,,1/6/15 13:26,5.52577e+17,,,[],#Coachella2015,,,,,,,,[],#Coachella2015,,,,,,,
positive,yes,da03baker,0,Dang  I have to get tickets ASAP!!!,,1/6/15 13:26,5.52577e+17,,,[],#Coachella2015,,,,,,,,[],#Coachella2015,,,,,,,
positive,yes,RockStarwooD,0,Can't wait to see,,1/6/15 13:25,5.52577e+17,"T: 36.844237,-76.282281",Quito,[],#Coachella2015,,,,,,,,[],#Coachella2015,,,,,,,
positive,yes,budejovice,1,"RT : Have fun, ya'll! ",,1/6/15 13:25,5.52577e+17,Seattle,Pacific Time (US & Canada),[],#BroChella,#Coachella2015,,,,,,,[],#BroChella,#Coachella2015,,,,,,
positive,yes,Michael_Negron,0,looks like a must,,1/6/15 13:24,5.52577e+17,,,[],#Coachella2015,,,,,,,,[],#Coachella2015,,,,,,,
positive,yes,Jay_Boo26,0,Sooooo.... Who wants to take me to  _  ___,,1/6/15 13:24,5.52576e+17,,Mountain Time (US & Canada),[],#Coachella2015,#Drake,,,,,,,[],#Coachella2015,#Drake,,,,,,
positive,yes,budejovice,0,I'm choosing to read that as .  :),,1/6/15 13:24,5.52576e+17,Seattle,Pacific Time (US & Canada),[],#Coachella2015,,,,,,,,[],#Coachella2015,,,,,,,
positive,yes,hannah__roscoe,0,Coachella line up is but a dream. Want to go so damn bad!,"[40.75878187, -73.9885691]",1/6/15 13:24,5.52576e+17,Sydney Australia,,[],#Coachella2015,,,,,,,,[],#Coachella2015,,,,,,,
positive,yes,ChiefT__,0,I need to go to California in April to see  @,,1/6/15 13:23,5.52576e+17,402,Arizona,[],#Coachella2015,,,,,,,,[],#Coachella2015,,,,,,,
positive,yes,AlbumConfession,0,is shaping up to be a pretty awesome event! I need to make my way back to !!!,,1/6/15 13:23,5.52576e+17,"Austin, Texas",Hawaii,[],#Coachella2015,#California,,,,,,,[],#Coachella2015,#California,,,,,,
positive,yes,lradkerson,0,Like seriously holy fucking shit!,,1/6/15 13:23,5.52576e+17,,,[],#Coachella2015,,,,,,,,[],#Coachella2015,,,,,,,
positive,yes,Ambykyns,0,"Excited about so many of the  artists _. W/ &amp;  performing, there better be some  surprise artists too! __",,1/6/15 13:23,5.52576e+17,"San Diego, CA",Pacific Time (US & Canada),[],#Coachella2015,#ovo,,,,,,,[],#Coachella2015,#ovo,,,,,,
positive,yes,Trini_XOFampage,0,Imma find you  in   __,,1/6/15 13:22,5.52576e+17,Trinidad and Tobago ,La Paz,[],#Coachella2015,,,,,,,,[],#Coachella2015,,,,,,,
positive,yes,ShortAly,0,Coachella line up has been announced! Time to start figuring out Bonnaroo's!,,1/6/15 13:22,5.52576e+17,"Joplin, MO",Quito,[],#Coachella2015,#Bonnaroo,,,,,,,[],#Coachella2015,#Bonnaroo,,,,,,
positive,yes,angmeister_,1,"Have fun, ya'll! ",,1/6/15 13:21,5.52576e+17,NYC,Pacific Time (US & Canada),[],#BroChella,#Coachella2015,,,,,,,[],#BroChella,#Coachella2015,,,,,,
positive,yes,Esuttonwho,0,Have just seen the  lineup and crying because I'm not going!! Whhhhyyyyy?!!!!!,,1/6/15 13:21,5.52576e+17,Manchester,,[],#Coachella2015,,,,,,,,[],#Coachella2015,,,,,,,
positive,yes,colombianroseyy,0,"just made the whole lineup along with other dope artists, but XO takes the cake. Congrats papi. _",,1/6/15 13:21,5.52576e+17,midwestmami,,[],#twod,#Coachella2015,,,,,,,[],#twod,#Coachella2015,,,,,,
positive,yes,TRENDYBENNY,2,Our money combined we good on Hotel and drugs and food and gas and a good ass time _____,,1/6/15 13:21,5.52576e+17,,Pacific Time (US & Canada),[],#Coachella2015,,,,,,,,[],#Coachella2015,,,,,,,
positive,yes,YoSoyElJuice,0,"Damn, Jack White &amp; Run The Jewels on @ the same nite ? That alone mite b worth admission! .",,1/6/15 13:21,5.52576e+17,"Sylmar, California",,[],#Coachella2015,,,,,,,,[],#Coachella2015,,,,,,,
positive,yes,kzdc,2,RT : man oh man that sunday line-up for  _,,1/6/15 13:21,5.52576e+17,"Davis, CA",Pacific Time (US & Canada),[],#Coachella2015,,,,,,,,[],#Coachella2015,,,,,,,
positive,yes,LoveOfLexi16,0,is going to be there! I've never been to Coachella but if they're going I have to go...Unfortunately I have school___,,1/6/15 13:20,5.52576e+17,"L.A/Valley, California",,[],#Coachella2015,,,,,,,,[],#Coachella2015,,,,,,,
positive,yes,a_ram_21,0,I'd give my first-born to see AC/DC live __,,1/6/15 13:20,5.52576e+17,City of Angels,,[],#sorrykid,#Coachella2015,,,,,,,[],#sorrykid,#Coachella2015,,,,,,
positive,yes,BeerRgood4me,0,I don't know what a Coachella is but AC/DC are playing there so there's that.,,1/6/15 13:20,5.52576e+17,Rural Kentucky,Eastern Time (US & Canada),[],#Coachella2015,#ACDC,#Coachella,,,,,,[],#Coachella2015,#ACDC,#Coachella,,,,,
positive,yes,alayna_pody,0,Such an amazing lineup for   this year!!!!,,1/6/15 13:20,5.52575e+17,Alabama,,[],#Coachella2015,#soexcited,,,,,,,[],#Coachella2015,#soexcited,,,,,,
positive,yes,master_p99,0,So much excitement rn,,1/6/15 13:20,5.52575e+17,,,[],#Coachella2015,,,,,,,,[],#Coachella2015,,,,,,,
positive,yes,VaniaAJ,0,"I want to see vic mensa the weeknd drake and tyler
 ____________",,1/6/15 13:19,5.52575e+17,,,[],#Coachella2015,,,,,,,,[],#Coachella2015,,,,,,,
positive,yes,guillenajr,0,Damn I really want to go to  but it's so close to,"[47.6645888, -122.132466]",1/6/15 13:19,5.52575e+17,"Bellevue, WA",Pacific Time (US & Canada),[],#Coachella2015,#ULTRA,,,,,,,[],#Coachella2015,#ULTRA,,,,,,
positive,yes,sassyfrasjr,0,: What we've all been waiting for. _     ___,,1/6/15 13:19,5.52575e+17,,,[],#Coachella2015,,,,,,,,[],#Coachella2015,,,,,,,
positive,yes,marin_alex,0,Here's the  epic lineup,,1/6/15 13:19,5.52575e+17,"New York, N.Y.",Central Time (US & Canada),[],#Coachella2015,,,,,,,,[],#Coachella2015,,,,,,,
positive,yes,KesleaJo,0,Milky Chance is going to be at  SO jealous. Love him,,1/6/15 13:18,5.52575e+17,,Central Time (US & Canada),[],#Coachella2015,,,,,,,,[],#Coachella2015,,,,,,,
positive,yes,Cathouxo,1,THIS_ someone please just bring me,,1/6/15 13:18,5.52575e+17,Montral Qc.,Central Time (US & Canada),[],#Coachella2015,,,,,,,,[],#Coachella2015,,,,,,,
positive,yes,xotma,0,Everyone I love is playing at  and I can't stop tweeting about it lol.,,1/6/15 13:17,5.52575e+17,Kansas City,,[],#Coachella2015,,,,,,,,[],#Coachella2015,,,,,,,
positive,yes,CLackner1214,0,The lineup for  looks amazing.,,1/6/15 13:17,5.52575e+17,Pittsburgh,Eastern Time (US & Canada),[],#Coachella2015,,,,,,,,[],#Coachella2015,,,,,,,
positive,yes,_AbbyApples,3,RT : OK I WAIT I FOUND ONE I CAN READ      WHO DO I SELL MY SOUL TO G_,,1/6/15 13:16,5.52575e+17,,Eastern Time (US & Canada),[],,,,,,,,,[],,,,,,,,
positive,yes,Thisss_faceee,0,yesss!!! I'll see you soon babe _____,,1/6/15 13:16,5.52574e+17,,,[],#Coachella2015,#xotwod,,,,,,,[],#Coachella2015,#xotwod,,,,,,
positive,yes,Chelsea288,0,: Coachella 2015  every year the line up amazes me!  _,,1/6/15 13:16,5.52574e+17,,,[],#Coachella2015,,,,,,,,[],#Coachella2015,,,,,,,
positive,yes,Evelyn_efm,0,My heart just pooped its pants,,1/6/15 13:16,5.52574e+17,,,[],#Coachella2015,,,,,,,,[],#Coachella2015,,,,,,,
positive,yes,LADYTRISHAXOXO,0,*starts to throw all fringe tops kimonos and maxi skirts and head pieces into one bag,,1/6/15 13:15,5.52574e+17,"BAE AREA, HELLAFORNIA",Pacific Time (US & Canada),[],#Coachella2015,,,,,,,,[],#Coachella2015,,,,,,,
positive,yes,NIKKIAXO,2,"RT : Wayyyy to excited about Alesso, Dj Snake, Florence and the Machines, The Weeknd, Drake _____",,1/6/15 13:15,5.52574e+17,roaming,,[],#Coachella2015,,,,,,,,[],#Coachella2015,,,,,,,
positive,yes,milos_serb,0,This tent this year tho __,,1/6/15 13:15,5.52574e+17,,Pacific Time (US & Canada),[],#unreallinuep,#saharatent,#Coachella2015,,,,,,[],#unreallinuep,#saharatent,#Coachella2015,,,,,
positive,yes,TZeeky,1,RT :  line up _,,1/6/15 13:15,5.52574e+17,,Arizona,[],#coachella2015,,,,,,,,[],#coachella2015,,,,,,,
positive,yes,youngcpapi,0,it is let's get it,,1/6/15 13:14,5.52574e+17,Los Angeles ,,[],#Coachella2015,,,,,,,,[],#Coachella2015,,,,,,,
positive,yes,SteezySteph,0,That moment when  is gonna be at !!! ____ &amp;  see you guys again! ___,,1/6/15 13:12,5.52574e+17,"Albuquerque, NM",Mountain Time (US & Canada),[],#coachella2015,#hurryupapril,,,,,,,[],#coachella2015,#hurryupapril,,,,,,
positive,yes,PhillyPartTwo,0,1/2 Worth seeing at :         ...,"[0.0, 0.0]",1/6/15 13:12,5.52573e+17,"BuxMont, Penna",Eastern Time (US & Canada),[],#Coachella2015,,,,,,,,[],#Coachella2015,,,,,,,
positive,yes,Sabrina_Silva96,0,Can't chill until I get my ticket tomorrow ___,"[33.77998687, -118.11401708]",1/6/15 13:12,5.52573e+17,California,Arizona,[],#Coachella2015,,,,,,,,[],#Coachella2015,,,,,,,
positive,yes,laurenbissey,0,I must go to  to see,,1/6/15 13:11,5.52573e+17,,Quito,[],#Coachella2015,,,,,,,,[],#Coachella2015,,,,,,,
positive,yes,WoodburyUYvan,1,RT : The  lineup has just been announced! Who's going with us????,,1/6/15 13:11,5.52573e+17,"Burbank, California",,[],#Coachella2015,#music,#art,#creativity,,,,,[],#Coachella2015,#music,#art,#creativity,,,,
positive,yes,kaitedonaldson,0,RT AND SAVE A LIFE!!!!,,1/6/15 13:11,5.52573e+17,,Atlantic Time (Canada),[],#Coachella2015,,,,,,,,[],#Coachella2015,,,,,,,
positive,yes,xoxSF,2,RT : Looks like we'll be rocking out girls ___,,1/6/15 13:10,5.52573e+17,,,[],#Coachella2015,,,,,,,,[],#Coachella2015,,,,,,,
positive,yes,ashley_wilton,0,""": : The lineup is here!   Cue the flower headband display front + center!"" Awesome",,1/6/15 13:09,5.52573e+17,ranelagh. sth tas au,Adelaide,[],#Coachella2015,,,,,,,,[],#Coachella2015,,,,,,,
positive,yes,CreatureJen,0,SOMEONE PLEASE TAKE ME TO COACHELLA!!! :'(,,1/6/15 13:09,5.52573e+17,,,[],#Coachella2015,,,,,,,,[],#Coachella2015,,,,,,,
positive,yes,POPSUGARFashion,2,"If the lineup is out, its never too soon to start planning our outfits. Right?",,1/6/15 13:09,5.52573e+17,,Eastern Time (US & Canada),[],#Coachella2015,,,,,,,,[],#Coachella2015,,,,,,,
positive,yes,starchica21,0,Drake!!!!!! April 12  _,,1/6/15 13:09,5.52573e+17,"Van Nuys, CA",Pacific Time (US & Canada),[],#Coachella2015,,,,,,,,[],#Coachella2015,,,,,,,
positive,yes,DJdrHEX,0,will be one of your favorite shows...EVER   can't wait to see you in the Sahara tent,,1/6/15 13:09,5.52573e+17,"Calgary, Alberta",,[],#coachella2015,#justsaying,#ilovecoachella,,,,,,[],#coachella2015,#justsaying,#ilovecoachella,,,,,
positive,yes,Zoemoemoo,0,How can I get to Coachella?! _,,1/6/15 13:08,5.52572e+17,Wolvertrampton,London,[],#bucketlist,#Coachella2015,,,,,,,[],#bucketlist,#Coachella2015,,,,,,
positive,yes,larissaacruz,0,outfit planning begins now.,,1/6/15 13:08,5.52572e+17,"Honolulu, HI",Hawaii,[],#Coachella2015,,,,,,,,[],#Coachella2015,,,,,,,
positive,yes,Dean24p,2,RT : My dad will be so pumped for  lineup,,1/6/15 13:07,5.52572e+17,New York,Eastern Time (US & Canada),[],#Coachella2015,,,,,,,,[],#Coachella2015,,,,,,,
positive,yes,BpositiveBhappy,0,Super thrilled. Cya at weekend2 ,"[37.20890651, -93.28134406]",1/6/15 13:07,5.52572e+17,Southwest Missouri,,[],#Coachella2015_,,,,,,,,[],#Coachella2015_,,,,,,,
positive,yes,KickingitLIVE,0,"Tix go on sale at *6Am*

  *More than just a dream*",,1/6/15 13:07,5.52572e+17,Los Angeles,,[],#Coachella2015,,,,,,,,[],#Coachella2015,,,,,,,
positive,yes,VersaceWater,0,: I'm here for this RT : Who's responsible... ___,,1/6/15 13:07,5.52572e+17,Outchea Being A Nigga,Eastern Time (US & Canada),[],#Coachella2015,,,,,,,,[],#Coachella2015,,,,,,,
positive,yes,hipphipphipp,0,"im THAT girl. dope line up, though.","[41.06816893, -85.27193561]",1/6/15 13:07,5.52572e+17,Indiana by way of L.A.,,[],#coachella2015,,,,,,,,[],#coachella2015,,,,,,,
positive,yes,robcordero,0,"This year's headliners for  are out, and as usual, the general consensus is "" \()/ """,,1/6/15 13:07,5.52572e+17,"Corona, CA",Pacific Time (US & Canada),[],#Coachella2015,,,,,,,,[],#Coachella2015,,,,,,,
positive,yes,Tim__Case,0,"at  is happening, life is good!",,1/6/15 13:06,5.52572e+17,"Tempe, Arizona",Arizona,[],#ymfc,#Coachella2015,,,,,,,[],#ymfc,#Coachella2015,,,,,,
positive,yes,ben666_,0,"ACDC, steely dan, Interpol, and bad religion. Not bad   still not gonna pay","[34.08780106, -118.1746569]",1/6/15 13:06,5.52572e+17,"Los Angeles, CA",Pacific Time (US & Canada),[],#Coachella2015,,,,,,,,[],#Coachella2015,,,,,,,
positive,yes,LADYTRISHAXOXO,0,"Omg I honestly cannot read the  line up, but I see bae  on there so I trust it's a good lineup &amp; I wanna go.",,1/6/15 13:06,5.52572e+17,"BAE AREA, HELLAFORNIA",Pacific Time (US & Canada),[],#Coachella2015,,,,,,,,[],#Coachella2015,,,,,,,
positive,yes,albz,1,"Fringed boots are all like ""YAAAAAYYY""",,1/6/15 13:06,5.52572e+17,New York,Mountain Time (US & Canada),[],#Coachella2015,,,,,,,,[],#Coachella2015,,,,,,,
positive,yes,fahshion,0,SUNSET SET would be a dream come true _______,,1/6/15 13:05,5.52572e+17,"Manhattan, New York",Eastern Time (US & Canada),[],#Tycho,#Coachella2015,,,,,,,[],#Tycho,#Coachella2015,,,,,,
positive,yes,Atl2Pitt,0,Prolly gonna be the Highlight of my year right here.!!,,1/6/15 13:05,5.52572e+17,,Atlantic Time (Canada),[],#CantFuckingWait,#COACHELLA2015,,,,,,,[],#CantFuckingWait,#COACHELLA2015,,,,,,
positive,yes,3AW693,1,RT : ACDC and Vance Joy are amongst performers for  -,,1/6/15 13:05,5.52572e+17,Melbourne,Melbourne,[],#Coachella2015,#nice,,,,,,,[],#Coachella2015,#nice,,,,,,
positive,yes,RealCotton17,0,Line up too sick can't wait,,1/6/15 13:05,5.52572e+17,,Hawaii,[],#Coachella2015,,,,,,,,[],#Coachella2015,,,,,,,
positive,yes,natalief_90,2,Looks like we'll be rocking out girls ___,,1/6/15 13:05,5.52572e+17,Essex,,[],#Coachella2015,,,,,,,,[],#Coachella2015,,,,,,,
positive,yes,alaguilarmusic,0,Coachella 2015: AC/DC's Make -A-Wish,,1/6/15 13:04,5.52571e+17,"Los Angeles, California",Pacific Time (US & Canada),[],#Coachella2015,,,,,,,,[],#Coachella2015,,,,,,,
positive,yes,BpositiveBhappy,0,Celebrating!! See you at weekend2!!  _,"[37.20887491, -93.28124815]",1/6/15 13:04,5.52571e+17,Southwest Missouri,,[],#Coachella2015,,,,,,,,[],#Coachella2015,,,,,,,
positive,yes,KarinaPablo7,1,AC/DC at Coachella just took this festival to another level! No fucking way!!!!!!,,1/6/15 13:04,5.52571e+17,,,[],#Coachella2015,,,,,,,,[],#Coachella2015,,,,,,,
positive,yes,itsbrandobroo,0,The time has come you guys! Get ready to empty you bank accounts kiddies!  _,,1/6/15 13:04,5.52571e+17,Fontana / Northridge,Pacific Time (US & Canada),[],#Coachella,#Coachella2015,,,,,,,[],#Coachella,#Coachella2015,,,,,,
positive,yes,gretchen_hahn,0,The second weekend of  is the weekend of my 21st birthday _ now accepting birthday presents,,1/6/15 13:03,5.52571e+17,"Austin, Texas",,[],#Coachella2015,#wishfulthinking,,,,,,,[],#Coachella2015,#wishfulthinking,,,,,,
positive,yes,itsreallyweird,1,RT :  IS MAKING A FRESH RETURN TO,,1/6/15 13:03,5.52571e+17,,Atlantic Time (Canada),[],#Coachella2015,,,,,,,,[],#Coachella2015,,,,,,,
positive,yes,VictoriaBermasq,0,"Quote of the day from my friend Kristen ""I swear to Kanye though if it's 115 degrees again I will lose it""",,1/6/15 13:03,5.52571e+17,California,,[],#Coachella2015,#Yeezus,,,,,,,[],#Coachella2015,#Yeezus,,,,,,
positive,yes,kathystephy19,1,RT : ONLY IF __,,1/6/15 13:03,5.52571e+17,,,[],#Coachella2015,,,,,,,,[],#Coachella2015,,,,,,,
positive,yes,MinajMayham,0,WHY isn't  and  on the same day at  ? That would have been epic! Im considering flying over,,1/6/15 13:02,5.52571e+17,,Melbourne,[],#Coachella2015,,,,,,,,[],#Coachella2015,,,,,,,
positive,yes,AnthemReview,0,"Who is going to ?! 

Not us, because we like in the wrong fxxking country....",,1/6/15 13:02,5.52571e+17,Australia,Sydney,[],#Coachella2015,,,,,,,,[],#Coachella2015,,,,,,,
positive,yes,bradietrich,0,Steely Dan's  play count had to be through the roof today.,,1/6/15 13:02,5.52571e+17,"Newport Beach, CA",Mountain Time (US & Canada),[],#Coachella2015,,,,,,,,[],#Coachella2015,,,,,,,
positive,yes,MaurD_,0,Vic Mensa will be at  !! That makes it all worth it!,,1/6/15 13:02,5.52571e+17,,Pacific Time (US & Canada),[],#Coachella2015,,,,,,,,[],#Coachella2015,,,,,,,
positive,yes,AmberUSA18,0,Oh Coachella one day I'll see you ______   ! _,,1/6/15 13:01,5.52571e+17,California soul dreamin ,,[],#Dream,#Coachella2015,#music,#IllMakeIt,#picoftheday,,,,[],#Dream,#Coachella2015,#music,#IllMakeIt,#picoftheday,,,
positive,yes,MissyXMartinez,2,My dad will be so pumped for  lineup,,1/6/15 13:01,5.52571e+17,Los Angeles!,Pacific Time (US & Canada),[],#Coachella2015,,,,,,,,[],#Coachella2015,,,,,,,
positive,yes,mairead_oleary,0,Right who wants to come with me to,,1/6/15 13:01,5.52571e+17,Cork,Dublin,[],#Coachella2015,,,,,,,,[],#Coachella2015,,,,,,,
positive,yes,_Sheizy_,0,The techno and house at  is begging me to attend. I have my pass... But still deciding. Thought I had but...that techno....,,1/6/15 13:01,5.52571e+17,"Fresno, CA",Pacific Time (US & Canada),[],#Coachella2015,,,,,,,,[],#Coachella2015,,,,,,,
positive,yes,TurntFather,0,IM POOR AS FUCK SO I GUESS IM WATCHING COACHELLA LIVE ON THER WEBSITE,,1/6/15 13:00,5.5257e+17,,Mazatlan,[],#Coachella2015,#Coachella,,,,,,,[],#Coachella2015,#Coachella,,,,,,
positive,yes,julianstockton,0,The best thing at,,1/6/15 12:59,5.5257e+17,Welcome To Croydon,London,[],#Coachella2015,,,,,,,,[],#Coachella2015,,,,,,,
positive,yes,A_Sarr,0,Wasn't very excited about  until I found out  was playing. FUCK,,1/6/15 12:58,5.5257e+17,"New York, NY",Central Time (US & Canada),[],#Coachella2015,,,,,,,,[],#Coachella2015,,,,,,,
positive,yes,policedutweet,0,Yeah !  at  &lt;3,,1/6/15 12:58,5.5257e+17,,,[],#Coachella2015,,,,,,,,[],#Coachella2015,,,,,,,
positive,yes,fahshion,0,lineup is  this year! Fuck the haters !,,1/6/15 12:58,5.5257e+17,"Manhattan, New York",Eastern Time (US & Canada),[],#electronicstrong,#Coachella2015,,,,,,,[],#electronicstrong,#Coachella2015,,,,,,
positive,yes,EbGomezr,0,the guy running this is in touch w/ Apollo... Cause only a God can gift us with  and,,1/6/15 12:58,5.5257e+17,,,[],#JackWhite,#ACDC,#Coachella2015,,,,,,[],#JackWhite,#ACDC,#Coachella2015,,,,,
positive,yes,YouKnowMJL,0,let's do it,,1/6/15 12:58,5.5257e+17,"Inland Empire, California",Pacific Time (US & Canada),[],#Coachella2015,,,,,,,,[],#Coachella2015,,,,,,,
positive,yes,Muzenly,0,LINEUP! Who's excited? Or should we ask who's not? ;),,1/6/15 12:58,5.5257e+17,India,New Delhi,[],#Coachella2015,#coachellalineup,,,,,,,[],#Coachella2015,#coachellalineup,,,,,,
positive,yes,VaultVenus,0,The  line up is up and we're freaking excited! Who's your favorite? Hear our faves this Sunday at 11am!,,1/6/15 12:57,5.5257e+17,"Phoenix, AZ",,[],#Coachella2015,,,,,,,,[],#Coachella2015,,,,,,,
positive,yes,superdupervaal,0,"Marina baby, I can't wait!!",,1/6/15 12:57,5.5257e+17,California,Arizona,[],#Coachella2015,,,,,,,,[],#Coachella2015,,,,,,,
positive,yes,PatNasty24,0,'bout to be ALLLLADAT,,1/6/15 12:56,5.52569e+17,704 - 843 - 757,Eastern Time (US & Canada),[],#Coachella2015,#Coachella,,,,,,,[],#Coachella2015,#Coachella,,,,,,
positive,yes,dejgraham,0,: The lineup is here!      squads going. My mans gon be der,,1/6/15 12:56,5.52569e+17,fbgm,Pacific Time (US & Canada),[],#Coachella2015,,,,,,,,[],#Coachella2015,,,,,,,
positive,yes,BpositiveBhappy,0,Yay!!  see you there weekend 2!,"[37.20876188, -93.2812154]",1/6/15 12:56,5.52569e+17,Southwest Missouri,,[],#Coachella2015,,,,,,,,[],#Coachella2015,,,,,,,
positive,yes,Vanessuuh,0,: I want to go to  just to see  perform! _ send me two tickets bitch! __________,"[29.62574142, -95.27668902]",1/6/15 12:55,5.52569e+17,Tejas,Mountain Time (US & Canada),[],#Coachella2015,,,,,,,,[],#Coachella2015,,,,,,,
positive,yes,TallTanAnd,1,"RT : JESUS H. CHRIST I WILL SELL MY LEFT ARM FOR A PLANE TICKET, LODGING, AND A 3 DAY  TICKET",,1/6/15 12:55,5.52569e+17,,Atlantic Time (Canada),[],#Coachella2015,#thatlineuptho,,,,,,,[],#Coachella2015,#thatlineuptho,,,,,,
positive,yes,jazzyjaay27,0,: Who's joining us?!   I guess coachella is the move this year,"[30.29124798, -97.74578978]",1/6/15 12:55,5.52569e+17,Dallas/Austin,Central Time (US & Canada),[],#Coachella2015,,,,,,,,[],#Coachella2015,,,,,,,
positive,yes,MonstahhAddict,0,The line up for  looks amazing.,,1/6/15 12:55,5.52569e+17,Unknown ,Central Time (US & Canada),[],#Coachella2015,,,,,,,,[],#Coachella2015,,,,,,,
positive,yes,amurph995,0,Oh my shit. The Coachella lineup. _ _,,1/6/15 12:55,5.52569e+17,,,[],#Coachella2015,#needtogo,,,,,,,[],#Coachella2015,#needtogo,,,,,,
positive,yes,Jojobirfday,0,is going to be at  and thats all that matters.,,1/6/15 12:55,5.52569e+17,Seattle,Arizona,[],#Coachella2015,,,,,,,,[],#Coachella2015,,,,,,,
positive,yes,rachelegolden,0,I might be pregnant AF when  is going on but here I am still daydreaming of going _,,1/6/15 12:55,5.52569e+17,,,[],#Coachella2015,,,,,,,,[],#Coachella2015,,,,,,,
positive,yes,djkepik,0,"That  lineup though,,,",,1/6/15 12:54,5.52569e+17,San Francisco Bay Area,Pacific Time (US & Canada),[],#Coachella2015,#coachella,#drake,#OnATuesday,#drizzy,,,,[],#Coachella2015,#coachella,#drake,#OnATuesday,#drizzy,,,
positive,yes,jasminalyssa,0,Gym time.,,1/6/15 12:54,5.52569e+17,,Arizona,[],#Coachella2015,,,,,,,,[],#Coachella2015,,,,,,,
positive,yes,Lynoboeeleria,0,I just need to let this sink in.... Maybe I'll like the line up tomorrow... Haha,,1/6/15 12:54,5.52569e+17,,Pacific Time (US & Canada),[],#Coachella2015,,,,,,,,[],#Coachella2015,,,,,,,
positive,yes,_sekiiii,0,"Kaskade, David Guetta &amp; Martin Solveig all in one day _",,1/6/15 12:54,5.52569e+17,,,[],#Coachella2015,,,,,,,,[],#Coachella2015,,,,,,,
positive,yes,MaceyG44,1,I wish I could go to  _,,1/6/15 12:54,5.52569e+17,,,[],#Coachella2015,,,,,,,,[],#Coachella2015,,,,,,,
positive,yes,WildMorgen,1,RT : I won't miss this.,,1/6/15 12:53,5.52569e+17,Grand Junction __ Greeley ,Pacific Time (US & Canada),[],#Coachella2015,,,,,,,,[],#Coachella2015,,,,,,,
positive,yes,livland0,0,Pretty positive the makers of the  Sunday lineup hacked into my Spotify account. It's so perfect. SOMEONE GET ME THERE _,,1/6/15 12:53,5.52569e+17,"hardly home, but always reppin",,[],#Coachella2015,,,,,,,,[],#Coachella2015,,,,,,,
positive,yes,TheDaQuan,0,that  lineup tho!!!,,1/6/15 12:53,5.52569e+17,Somewhere,Quito,[],#Coachella2015,,,,,,,,[],#Coachella2015,,,,,,,
positive,yes,Kalleeolivas,1,RT : These next 4 months better fly by!,,1/6/15 12:53,5.52569e+17,,,[],#Coachella2015,,,,,,,,[],#Coachella2015,,,,,,,
positive,yes,Clarenccee,0,I wonder what the babe  is going to be sporting in this years event _,,1/6/15 12:53,5.52569e+17,,,[],#Coachella2015,,,,,,,,[],#Coachella2015,,,,,,,
positive,yes,ShaneJKennedy,0,I'll be having a bit of  on Sunday April 12th! Please &amp; thank you!,,1/6/15 12:53,5.52569e+17,"Dublin, Ireland",Casablanca,[],#Coachella2015,,,,,,,,[],#Coachella2015,,,,,,,
positive,yes,MaeTaverner,0,Can I please go to Coachella this year? This is all I wish for. Please.,,1/6/15 12:52,5.52568e+17,,,[],#Coachella2015,,,,,,,,[],#Coachella2015,,,,,,,
positive,yes,AFishism,0,"Should I be job hunting? Maybe, but I kind of want to go to  so that has occupied most of my day",,1/6/15 12:52,5.52568e+17,,Eastern Time (US & Canada),[],#Coachella2015,#WhyNot,#YOLO,#whoscomingwith,,,,,[],#Coachella2015,#WhyNot,#YOLO,#whoscomingwith,,,,
positive,yes,cblevs84,0,Presale was no dice. I'm in full anxiety massive panic mode. Must get tickets.,,1/6/15 12:52,5.52568e+17,West Hollywood,Pacific Time (US & Canada),[],#Coachella2015,#WeekendOneOrBust,,,,,,,[],#Coachella2015,#WeekendOneOrBust,,,,,,
positive,yes,mcwerts13,0,: The lineup is here!   omg omg omg I wanna gooooo,,1/6/15 12:52,5.52568e+17,fmhs,Mountain Time (US & Canada),[],#Coachella2015,,,,,,,,[],#Coachella2015,,,,,,,
positive,yes,Jmunoz9,1,These next 4 months better fly by!,,1/6/15 12:51,5.52568e+17,"Monterey, california",Pacific Time (US & Canada),[],#Coachella2015,,,,,,,,[],#Coachella2015,,,,,,,
positive,yes,SaBURRee,0,Just died a little _: The lineup is here!,,1/6/15 12:51,5.52568e+17,CO,Mountain Time (US & Canada),[],#Coachella2015,,,,,,,,[],#Coachella2015,,,,,,,
positive,yes,ShowAndTelleee,0,Dat Sunday lineup doooooe _,,1/6/15 12:51,5.52568e+17,,,[],#Coachella2015,,,,,,,,[],#Coachella2015,,,,,,,
positive,yes,brookebenj,1,RT :  is an insane lineup. I NEED to go __,,1/6/15 12:50,5.52568e+17,,,[],#Coachella2015,,,,,,,,[],#Coachella2015,,,,,,,
positive,yes,Dear_Tessa,1,"Sun babies, UNITE!!!_______",,1/6/15 12:50,5.52568e+17,,,[],#Coachella2015,,,,,,,,[],#Coachella2015,,,,,,,
positive,yes,J_O_E__Y,0,""": i need a sugar daddy to help me get to "" samsies",,1/6/15 12:50,5.52568e+17,Wonka's Chocolate Factory ,,[],#Coachella2015,,,,,,,,[],#Coachella2015,,,,,,,
positive,yes,J_O_E__Y,1,RT : i need a sugar daddy to help me get to,,1/6/15 12:49,5.52568e+17,Wonka's Chocolate Factory ,,[],#Coachella2015,,,,,,,,[],#Coachella2015,,,,,,,
positive,yes,lexiesalas,0,Not even gonna bother looking through the rest of the lineup... I'll be in NYC &amp; def can't go __,,1/6/15 12:49,5.52568e+17,BAYAREANYC,Pacific Time (US & Canada),[],#Coachella2015,,,,,,,,[],#Coachella2015,,,,,,,
positive,yes,_spresso,1,RT : I'm glad we have an understanding friendship,,1/6/15 12:49,5.52568e+17,Mirkwood,Central Time (US & Canada),[],#NoJudgement,#Coachella2015,,,,,,,[],#NoJudgement,#Coachella2015,,,,,,
positive,yes,applepiehappy,1,i need a sugar daddy to help me get to,,1/6/15 12:49,5.52568e+17, sakura trill land ,Alaska,[],#Coachella2015,,,,,,,,[],#Coachella2015,,,,,,,
positive,yes,Lauren_MorganK,0,announced their three-day festival lineup and it's definitely not short on talent! April 10-12 &amp; 17-19,,1/6/15 12:49,5.52568e+17,,Central Time (US & Canada),[],#GetReady,#Coachella2015,,,,,,,[],#GetReady,#Coachella2015,,,,,,
positive,yes,XO_LadyB,0,Let's Goo At  and  !!,,1/6/15 12:49,5.52568e+17,,,[],#Coachella2015,,,,,,,,[],#Coachella2015,,,,,,,
positive,yes,too_turnt_sarah,0,Florence and the fucking Machine too?!?!!! In actual tears ______  YASSSSSSSSSSS __,,1/6/15 12:49,5.52568e+17,,Pacific Time (US & Canada),[],#Coachella2015,,,,,,,,[],#Coachella2015,,,,,,,
positive,yes,kkstevens101,0,"O M G , if you don't make an epic vlog/video of  I don't know who will.",,1/6/15 12:49,5.52568e+17,,,[],#Coachella2015,,,,,,,,[],#Coachella2015,,,,,,,
positive,yes,AndrewJHejny,0,I'd definitely take the Sunday line-up. I'll be there one day _!,,1/6/15 12:49,5.52568e+17,"Dallas, TX",Central Time (US & Canada),[],#Coachella2015,,,,,,,,[],#Coachella2015,,,,,,,
positive,yes,karenmvz,0,JACK WHITE ___,,1/6/15 12:49,5.52568e+17,"San Diego, CA",Central Time (US & Canada),[],#Coachella2015,,,,,,,,[],#Coachella2015,,,,,,,
positive,yes,Dr_Ziggy,0,"AC/DC, Jack White, &amp; Drake headline   ?",,1/6/15 12:49,5.52568e+17,"Kingston, Jamaica & London UK ",,[],#OMG,#Coachella2015,#WTF,#Drake,,,,,[],#OMG,#Coachella2015,#WTF,#Drake,,,,
positive,yes,TREWLOVE_09,0,Someday I will be able to afford  _,,1/6/15 12:48,5.52568e+17,,,[],#Coachella2015,,,,,,,,[],#Coachella2015,,,,,,,
positive,yes,Afterglow2013,0,One day,,1/6/15 12:48,5.52567e+17,North East,,[],#Coachella2015,#Glastonbury2015,#isleofwight,,,,,,[],#Coachella2015,#Glastonbury2015,#isleofwight,,,,,
positive,yes,ElectricStyles1,0,LOVING the lineup this year! Who else will be joining us at ?!        ...,,1/6/15 12:48,5.52567e+17,"Anaheim, California ",Pacific Time (US & Canada),[],#Coachella2015,#ElectricStyles,#Coachella,,,,,,[],#Coachella2015,#ElectricStyles,#Coachella,,,,,
positive,yes,realgeorgechota,0,had to be trending,,1/6/15 12:48,5.52567e+17,"Perth, Straya",Beijing,[],#Coachella2015,,,,,,,,[],#Coachella2015,,,,,,,
positive,yes,flowerzinurhair,0,my favorite set you've ever played _,,1/6/15 12:48,5.52567e+17,,Arizona,[],#coachella2012,#Coachella2015,#23dtime,#seeingmylov,,,,,[],#coachella2012,#Coachella2015,#23dtime,#seeingmylov,,,,
positive,yes,filmandmusik,0,Commence  commentary taking over my Facebook feed!!,,1/6/15 12:47,5.52567e+17,Los Angeles,,[],#Coachella2015,#blowingup,,,,,,,[],#Coachella2015,#blowingup,,,,,,
positive,yes,FionaF_,0,I barely know 10% of the coachella line up but I dont even care I CANNOT WAIT   __________,,1/6/15 12:47,5.52567e+17,,Amsterdam,[],#coachella2015,#100daystogo,,,,,,,[],#coachella2015,#100daystogo,,,,,,
positive,yes,SilentEyedStorm,0,"I'll c JW again, but no way it will compare to his set at  2014. Yay for the undercard, I won't be selling my tix",,1/6/15 12:47,5.52567e+17,,,[],#Bonnaroo,#Coachella2015,,,,,,,[],#Bonnaroo,#Coachella2015,,,,,,
positive,yes,JaylinCurrie,1,RT : (Cums) RT : The lineup is here!,,1/6/15 12:47,5.52567e+17,,Eastern Time (US & Canada),[],#Coachella2015,,,,,,,,[],#Coachella2015,,,,,,,
positive,yes,mitchytotes,0,I need go to  if don't I will die of broken heart,,1/6/15 12:47,5.52567e+17,Bubblin Dublin,,[],#Coachella2015,,,,,,,,[],#Coachella2015,,,,,,,
positive,yes,OnlyJackChurch,0,Coachella line up announced and flights booked....,,1/6/15 12:47,5.52567e+17,London.,Casablanca,[],#Coachella2015,,,,,,,,[],#Coachella2015,,,,,,,
positive,yes,MichelleSFresh,0,Saturday lineup  __,,1/6/15 12:47,5.52567e+17,LA / SF,Arizona,[],#Coachella2015,,,,,,,,[],#Coachella2015,,,,,,,
positive,yes,sumitasinha,0,Arrrrgggh this needs to be done!,,1/6/15 12:47,5.52567e+17,East Midlands,London,[],#Coachella2015,,,,,,,,[],#Coachella2015,,,,,,,
positive,yes,OnAirWith_BigD,0,"Just saw Radkey is playing , good for them. Awesome new band with classic punk sounds",,1/6/15 12:46,5.52567e+17,"Lawrence, KS",Central Time (US & Canada),[],#Coachella2015,,,,,,,,[],#Coachella2015,,,,,,,
positive,yes,the_emmaramirez,0,"holy god I want to go, someone take me",,1/6/15 12:46,5.52567e+17,NYCCOPA,Eastern Time (US & Canada),[],#Coachella2015,,,,,,,,[],#Coachella2015,,,,,,,
positive,yes,kirkyjohn_,4,THE LINEUP IS SO PERFECT _,,1/6/15 12:46,5.52567e+17,LA,Eastern Time (US & Canada),[],#Coachella2015,,,,,,,,[],#Coachella2015,,,,,,,
positive,yes,LosRakas,2,RT : Big up to my team ! We're gonna be setting off !   @ Coachella_,,1/6/15 12:46,5.52567e+17,||| PANABAY |||,Pacific Time (US & Canada),[],#Coachella2015,#SoyRaka,#DjEthos,,,,,,[],#Coachella2015,#SoyRaka,#DjEthos,,,,,
positive,yes,XO_Ruu,0,All the good stuff happen in America,,1/6/15 12:46,5.52567e+17,,,[],#Coachella2015,#englandsucks,,,,,,,[],#Coachella2015,#englandsucks,,,,,,
positive,yes,SabbyBarbie,1,"- is a must this year!  will be there!?!? YAS, BITCH.__",,1/6/15 12:46,5.52567e+17,the red room w christian grey,Alaska,[],#Coachella2015,,,,,,,,[],#Coachella2015,,,,,,,
positive,yes,LilCaliii,1,I'm glad we have an understanding friendship,,1/6/15 12:45,5.52567e+17,Kansas,Eastern Time (US & Canada),[],#NoJudgement,#Coachella2015,,,,,,,[],#NoJudgement,#Coachella2015,,,,,,
positive,yes,channelv,5,Do you love FOMO? THen click here to see the full ridiculous  lineup,,1/6/15 12:45,5.52567e+17,Australia,Sydney,[],#Coachella2015,,,,,,,,[],#Coachella2015,,,,,,,
positive,yes,minerva_xo,0,The lineup for coachella has me like __ __,,1/6/15 12:45,5.52567e+17,,,[],#Coachella2015,,,,,,,,[],#Coachella2015,,,,,,,
positive,yes,sarahlouiselo,0,"Surprised at the  line-up, normally loads of bands on I want to see, seems a bit random this year.",,1/6/15 12:45,5.52567e+17,"South, UK",Casablanca,[],#Coachella2015,,,,,,,,[],#Coachella2015,,,,,,,
positive,yes,Carmencalixxx,0,yay can't wait to see you again shuffle master ___!,,1/6/15 12:45,5.52567e+17,,Eastern Time (US & Canada),[],#Coachella2015,,,,,,,,[],#Coachella2015,,,,,,,
positive,yes,imjaclyn,0,Florence &amp; the Machine is gonna be at Coachella. And I'm not going. *cries*,,1/6/15 12:44,5.52566e+17,Jersey,Eastern Time (US & Canada),[],#Coachella2015,#takemetocoachella,,,,,,,[],#Coachella2015,#takemetocoachella,,,,,,
positive,yes,IamTheRenie,17,RT :  lineup is here. This finally may be there year I go. Tix on sale tomorrow.,,1/6/15 12:44,5.52566e+17,Las Vegas,Pacific Time (US & Canada),[],#Coachella2015,,,,,,,,[],#Coachella2015,,,,,,,
positive,yes,serenityswild,1,RT : : XO Til We Overbroke ,,1/6/15 12:44,5.52566e+17,@_dsmith69_ // rip kc_,Quito,[],#Coachella2015,,,,,,,,[],#Coachella2015,,,,,,,
positive,yes,pillindomi,0,yeahhh _ music,,1/6/15 12:44,5.52566e+17,,,[],#Coachella2015,,,,,,,,[],#Coachella2015,,,,,,,
positive,yes,ShowAndTelleee,2,This lineup is fucking everything and it's during our finals week,,1/6/15 12:44,5.52566e+17,,,[],#Coachella2015,,,,,,,,[],#Coachella2015,,,,,,,
positive,yes,JayJaySidney,0,Line ups out. i need to go at least once _,,1/6/15 12:44,5.52566e+17,South London ,London,[],#Coachella2015,,,,,,,,[],#Coachella2015,,,,,,,
positive,yes,skybluesky29,0,lineup. Soooooo fucking good.. ef,,1/6/15 12:43,5.52566e+17,Bed-sit Land,Mountain Time (US & Canada),[],#Coachella2015,,,,,,,,[],#Coachella2015,,,,,,,
positive,yes,frankidankz,2,RT : can't wait to roll at Lil B  :),,1/6/15 12:43,5.52566e+17,san francisco ,,[],#Coachella2015,,,,,,,,[],#Coachella2015,,,,,,,
positive,yes,JustinJRhyme,0,"Here I Come! I'll be honest, the headliners are not doing much for me, but_",,1/6/15 12:42,5.52566e+17,San Francisco,,[],#Coachella2015,#Weekend1,,,,,,,[],#Coachella2015,#Weekend1,,,,,,
positive,yes,PMcD2012,0,Steely Dan playing   GET IN !!!!,,1/6/15 12:42,5.52566e+17,,,[],#Coachella2015,#Reeliintheyears,,,,,,,[],#Coachella2015,#Reeliintheyears,,,,,,
positive,yes,ryancrook,0,1) The  lineup is awesome and 2) Shout out to the baseball writer who gave Darin Erstad a  vote.,,1/6/15 12:42,5.52566e+17,Redondo Beach,Pacific Time (US & Canada),[],#Coachella2015,#MLBHallOfFame,,,,,,,[],#Coachella2015,#MLBHallOfFame,,,,,,
positive,yes,TravisHehman,0,Gotta go,,1/6/15 12:42,5.52566e+17,,,[],#Coachella2015,,,,,,,,[],#Coachella2015,,,,,,,
positive,yes,ruh_rho_,0,Just saw the  line up....is it too late to consider tickets??!!!!,,1/6/15 12:42,5.52566e+17,Los Angeles,Pacific Time (US & Canada),[],#Coachella2015,#soulisdying,,,,,,,[],#Coachella2015,#soulisdying,,,,,,
positive,yes,SetMineApp,0,: The lineup is here!   Cue the flower headband display front + center!,,1/6/15 12:42,5.52566e+17,Everywhere,Eastern Time (US & Canada),[],#Coachella2015,#HellYeah,,,,,,,[],#Coachella2015,#HellYeah,,,,,,
positive,yes,RebeccaHaughan,0,"I Know I seen it. Deffo tempted, would u not be in school though???  __",,1/6/15 12:41,5.52566e+17,Dublin,,[],#Coachella2015,,,,,,,,[],#Coachella2015,,,,,,,
positive,yes,realswisseamon,1,RT : YES  at .,,1/6/15 12:41,5.52566e+17,_,Eastern Time (US & Canada),[],#Coachella2015,,,,,,,,[],#Coachella2015,,,,,,,
positive,yes,weekendoffendr,2,can't wait to roll at Lil B  :),,1/6/15 12:41,5.52566e+17,,Pacific Time (US & Canada),[],#Coachella2015,,,,,,,,[],#Coachella2015,,,,,,,
positive,yes,kassidy_pietz,1,RT : crying b/c dream come true,,1/6/15 12:41,5.52566e+17,"Juneau, Alaska",,[],#Coachella2015,,,,,,,,[],#Coachella2015,,,,,,,
positive,yes,littlesammytee,0,""": "": For those about to RT
  "" YASSSS to Weekend 3!",,1/6/15 12:41,5.52566e+17,Bay Areauuuh,,[],#Coachella2015,,,,,,,,[],#Coachella2015,,,,,,,
positive,yes,michaela_rose23,1,The line up is good !!!,,1/6/15 12:41,5.52566e+17,stooges,Arizona,[],#Coachella2015,,,,,,,,[],#Coachella2015,,,,,,,
positive,yes,CameronTheLion,0,CONGRATS FOR MAKING IT ON THE LINEUP!!!,,1/6/15 12:41,5.52566e+17,"Imperial Beach, CA",Arizona,[],#Coachella2015,,,,,,,,[],#Coachella2015,,,,,,,
positive,yes,guywhowearsblue,1,"JESUS H. CHRIST I WILL SELL MY LEFT ARM FOR A PLANE TICKET, LODGING, AND A 3 DAY  TICKET",,1/6/15 12:41,5.52566e+17,New York City,Central Time (US & Canada),[],#Coachella2015,#thatlineuptho,,,,,,,[],#Coachella2015,#thatlineuptho,,,,,,
positive,yes,MIOM_PewPewU,4,lineup looks good. Definitely down for Tame Impala and The Weeknd.,,1/6/15 12:41,5.52566e+17,NorCal Smash,Arizona,[],#Coachella2015,,,,,,,,[],#Coachella2015,,,,,,,
positive,yes,pinkflowerdaisy,3,"RT : COACHELLA PLANS:
 TURN THE FUCK UP!!!!!!!!",,1/6/15 12:41,5.52566e+17,,Arizona,[],#Coachella2015,,,,,,,,[],#Coachella2015,,,,,,,
positive,yes,BlackMagicEL,0,headlining  .... Count Me in REAL QUICK! This could possibly be his best performance yet!,,1/6/15 12:40,5.52565e+17,"East Lansing, Mi",Eastern Time (US & Canada),[],#Coachella2015,#attending,,,,,,,[],#Coachella2015,#attending,,,,,,
positive,yes,CarlyNa88,0,Too many good names!!! Wonder how I get a tent to LA???,,1/6/15 12:40,5.52565e+17,"Norwich, England",,[],#Coachella2015,#iwant,,,,,,,[],#Coachella2015,#iwant,,,,,,
positive,yes,BaileyBrimfield,1,: The lineup is here!    LETS GO,,1/6/15 12:40,5.52565e+17,,,[],#Coachella2015,,,,,,,,[],#Coachella2015,,,,,,,
positive,yes,HayleyMuir,0,arghhhh wanna gooooo baaaaad   __,"[53.39270806, -2.03435475]",1/6/15 12:40,5.52565e+17,Manchester,,[],#LA,#Coachella2015,,,,,,,[],#LA,#Coachella2015,,,,,,
positive,yes,EarlSkakel,0,"I WANT THIS SHIRT!!  is headining  so you,me   can finally go to the same concert!","[0.0, 0.0]",1/6/15 12:39,5.52565e+17,"West Hollywood, California",,[],#ACDC,#Coachella2015,,,,,,,[],#ACDC,#Coachella2015,,,,,,
positive,yes,ralphie_frankie,0,"there are some artists i would definitely wanna see live
but not as tempting as last year",,1/6/15 12:39,5.52565e+17,,Pacific Time (US & Canada),[],#Coachella2015,,,,,,,,[],#Coachella2015,,,,,,,
positive,yes,lights,46,We are! 11/18 RT : Petition for  to play,,1/6/15 12:39,5.52565e+17,Toronto/Vancouver,Eastern Time (US & Canada),[],#Coachella2015,,,,,,,,[],#Coachella2015,,,,,,,
positive,yes,G2FLY_,1,RT : : It's that type of year when people fake like the listen to or even know what indie music but hey that's them _,,1/6/15 12:39,5.52565e+17,,Quito,[],,,,,,,,,[],,,,,,,,
positive,yes,ashleypm93_,0,I'm coming to ya!,,1/6/15 12:39,5.52565e+17,,,[],#Coachella2015,,,,,,,,[],#Coachella2015,,,,,,,
positive,yes,caoimherrr,0,"Not sold on the  headliners, but Caribou, Panda Bear, Run the jewels, St. Vincent.... That will do nicely.",,1/6/15 12:39,5.52565e+17,Dublin,,[],#Coachella2015,,,,,,,,[],#Coachella2015,,,,,,,
positive,yes,really_brian,0,The  lineup is everything. One day I will be rich &amp; will attend &amp; won't post peasant-like statuses about the future.,,1/6/15 12:39,5.52565e+17,"Ontario, Canada",Central Time (US & Canada),[],#Coachella2015,#goals,,,,,,,[],#Coachella2015,#goals,,,,,,
positive,yes,kammileee,0,I'm so happy I can see Fka Twigs and Hozier!,,1/6/15 12:39,5.52565e+17,,Pacific Time (US & Canada),[],#Coachella2015,,,,,,,,[],#Coachella2015,,,,,,,
positive,yes,TheDanKane22,0,Not sure what's up with the  haters??Variety is what makes it great. Get out your box and enjoy what the world offers you.,,1/6/15 12:38,5.52565e+17,,Arizona,[],#Coachella2015,,,,,,,,[],#Coachella2015,,,,,,,
positive,yes,0ddbeautyy,0,Wish I could go to  __,,1/6/15 12:37,5.52565e+17,,Central Time (US & Canada),[],#Coachella2015,,,,,,,,[],#Coachella2015,,,,,,,
positive,yes,rysamatheny,1,RT : HOZIER AND DRAKE AND FLORENCE AND THE MACHINE YAY MY HEART IS HAPPY,,1/6/15 12:37,5.52565e+17,,Arizona,[],#COACHELLA2015,,,,,,,,[],#COACHELLA2015,,,,,,,
positive,yes,aclaytheceo,3,RT : I'll go RT : Who's responsible... ___,,1/6/15 12:37,5.52565e+17,Riverdale to Los Angeles ,Alaska,[],#Coachella2015,,,,,,,,[],#Coachella2015,,,,,,,
positive,yes,reneeniz,0,"Photo: In honor of the  line up dropping, Im praying Ill be back out there this year with...",,1/6/15 12:37,5.52565e+17,jersey.,Eastern Time (US & Canada),[],#coachella2015,,,,,,,,[],#coachella2015,,,,,,,
positive,yes,reneeniz,0,"In honor of the  line up dropping, I'm praying I'll be back out there this year with ma_","[33.67996259, -116.2372326]",1/6/15 12:37,5.52565e+17,jersey.,Eastern Time (US & Canada),[],#coachella2015,,,,,,,,[],#coachella2015,,,,,,,
positive,yes,GizmoChocolate,0,"The  line-up is super random. Cool, but super duper random. _",,1/6/15 12:37,5.52565e+17,,Alaska,[],#Coachella2015,,,,,,,,[],#Coachella2015,,,,,,,
positive,yes,phenom0523,0,Everyone is talking about the  and im just praying to see Tupac at,,1/6/15 12:36,5.52564e+17,,Eastern Time (US & Canada),[],#NFLPlayoffs,#Coachella2015,#RIP,,,,,,[],#NFLPlayoffs,#Coachella2015,#RIP,,,,,
positive,yes,__BRAT_,1,"RT :   | live life while you can. See u in Indio, CA in April.   _",,1/6/15 12:36,5.52564e+17, At work ,Mountain Time (US & Canada),[],#Coachella2015,#Coachella,#NastyPromotions,#Karmaloop,,,,,[],#Coachella2015,#Coachella,#NastyPromotions,#Karmaloop,,,,
positive,yes,drumjazz,0,- Looking pretty good. Like the lineup this year...!,,1/6/15 12:36,5.52564e+17,LA,Pacific Time (US & Canada),[],#Coachella2015,,,,,,,,[],#Coachella2015,,,,,,,
positive,yes,georgie874,0,"Besides Drake... I'm fairly happy! 
almost time to play in the desert!
 _",,1/6/15 12:36,5.52564e+17,"Traralgon, Vic, Australia",Melbourne,[],#Coachella,#Coachella2015,,,,,,,[],#Coachella,#Coachella2015,,,,,,
positive,yes,dan_james_cox,1,"RT : If there's one thing to brighten up a bleak Tuesday in January, it's this...countdown to  is ON.",,1/6/15 12:36,5.52564e+17,"Southend, Essex, UK",Hawaii,[],#Coachella2015,,,,,,,,[],#Coachella2015,,,,,,,
positive,yes,msmorgsss,0,Half the people who hate the line up now are going to love the line up by April,"[33.71968496, -116.3903131]",1/6/15 12:36,5.52564e+17,,,[],#waitandsee,#Coachella2015,,,,,,,[],#waitandsee,#Coachella2015,,,,,,
positive,yes,diego77go,0,RT : I will always love  . Period.,,1/6/15 12:36,5.52564e+17,Los Angeles/ Around The World ,Arizona,[],#Coachella2015,,,,,,,,[],#Coachella2015,,,,,,,
positive,yes,CA_RAW,0,Wouldn't mind seeing Brand New and Circa Survive,,1/6/15 12:35,5.52564e+17,COMPTON,Pacific Time (US & Canada),[],#Coachella2015,,,,,,,,[],#Coachella2015,,,,,,,
positive,yes,GabbyMcKeanxo,0,Always a stunning lineup _,,1/6/15 12:35,5.52564e+17,Florida,,[],#Coachella2015,,,,,,,,[],#Coachella2015,,,,,,,
positive,yes,h1ghfriend,0,Soulmate just told me he got my ticket to  ___,,1/6/15 12:35,5.52564e+17,,,[],#brbdying,#Coachella2015,,,,,,,[],#brbdying,#Coachella2015,,,,,,
positive,yes,AidaSilentA,0,I love you.,,1/6/15 12:35,5.52564e+17,,,[],#Coachella2015,,,,,,,,[],#Coachella2015,,,,,,,
positive,yes,kelseykam24,0,: The  lineup is here!!! See who's playing in April:    LANA?,"[39.98926518, -82.62689735]",1/6/15 12:35,5.52564e+17,probably with emmalea ,,[],#Coachella2015,,,,,,,,[],#Coachella2015,,,,,,,
positive,yes,GradyD96,1,Can officially start the countdown to the best weekend of the year___,,1/6/15 12:35,5.52564e+17,,,[],#Coachella2015,,,,,,,,[],#Coachella2015,,,,,,,
positive,yes,katresedeeb,0,I'd go to  just to see,,1/6/15 12:35,5.52564e+17,Buffalo,Eastern Time (US & Canada),[],#Coachella2015,#amthewilderness,,,,,,,[],#Coachella2015,#amthewilderness,,,,,,
positive,yes,hustlacaulfield,0,I appreciate florence at,,1/6/15 12:34,5.52564e+17,"Los Angeles/San Francisco, CA",Pacific Time (US & Canada),[],#coachella2015,,,,,,,,[],#coachella2015,,,,,,,
positive,yes,BrittanyAntonia,0,I only like night 2 of COACHELLA and it's only two people I like,,1/6/15 12:34,5.52564e+17,Pasadena ,Pacific Time (US & Canada),[],#Coachella2015,,,,,,,,[],#Coachella2015,,,,,,,
positive,yes,KMThinks_,10,"that would've been dope.. Travi$ Scott, PND, Jhene Aiko, Disclosure, Sampha, and Wiz.. add them to the line up.",,1/6/15 12:34,5.52564e+17,"Shykahgo,Il",Central Time (US & Canada),[],#Coachella2015,,,,,,,,[],#Coachella2015,,,,,,,
positive,yes,samantor,0,So many Australians in the line up for  mad proud,,1/6/15 12:34,5.52564e+17,"Melbourne, Australia",Melbourne,[],#Coachella2015,,,,,,,,[],#Coachella2015,,,,,,,
positive,yes,sexxystephy,0,So many good bands playing in literally crying,"[33.49400419, -111.98656635]",1/6/15 12:34,5.52564e+17,Scottsdale,Pacific Time (US & Canada),[],#coachella2015,#coachella,,,,,,,[],#coachella2015,#coachella,,,,,,
positive,yes,Claudia_Jaelyn,1,ONLY IF __,,1/6/15 12:34,5.52564e+17,,Eastern Time (US & Canada),[],#Coachella2015,,,,,,,,[],#Coachella2015,,,,,,,
positive,yes,deezlexo,2,RT : I need to go _____,,1/6/15 12:34,5.52564e+17,,Atlantic Time (Canada),[],#Coachella2015,,,,,,,,[],#Coachella2015,,,,,,,
positive,yes,KallmeKimie,0,Coacheeelllaaaa!,,1/6/15 12:33,5.52564e+17,"Ibiza, Spain",Central Time (US & Canada),[],#Coachella2015,#Coachella,,,,,,,[],#Coachella2015,#Coachella,,,,,,
positive,yes,EarlSkakel,2,ATTN LA HIPSTER COMICS.. is headlining  so while you are doing drugs listening to EMO Bands look 4 me at the merch booth.,"[0.0, 0.0]",1/6/15 12:33,5.52564e+17,"West Hollywood, California",,[],#ACDC,#Coachella2015,,,,,,,[],#ACDC,#Coachella2015,,,,,,
positive,yes,SNLeTellier,0,Starting the countdown now!,,1/6/15 12:33,5.52564e+17,Los Angeles,Pacific Time (US & Canada),[],#Coachella2015,,,,,,,,[],#Coachella2015,,,,,,,
positive,yes,CrystalCeeh,0,woaaahhhhh _,,1/6/15 12:32,5.52563e+17,,Pacific Time (US & Canada),[],#Coachella2015,,,,,,,,[],#Coachella2015,,,,,,,
positive,yes,seeseeneverit,0,Yes! The lineup is freakin amazing!  here we come jeannieluvs3,,1/6/15 12:32,5.52563e+17,Henderson,Pacific Time (US & Canada),[],#coachella2015,,,,,,,,[],#coachella2015,,,,,,,
positive,yes,samdillon24,1,Drake did say we already got spring 2015 poppin..,,1/6/15 12:32,5.52563e+17,Dallas,Central Time (US & Canada),[],#Coachella2015,,,,,,,,[],#Coachella2015,,,,,,,
positive,yes,psxpanter,0,line up is OMFG..!,"[37.36509826, -121.88807904]",1/6/15 12:32,5.52563e+17,San jose CA. US. #YMFC,,[],#Coachella2015,,,,,,,,[],#Coachella2015,,,,,,,
positive,yes,CheyennePonce1,0,Gonna be going to   it's gonna be fun I can't wait,,1/6/15 12:32,5.52563e+17,,,[],#Coachella2015,,,,,,,,[],#Coachella2015,,,,,,,
positive,yes,stepharrrgh,0,ahh but that  lineup though.. _,,1/6/15 12:32,5.52563e+17,"wpb, fl",Central Time (US & Canada),[],#coachella,#Coachella2015,#coachellalineup,,,,,,[],#coachella,#Coachella2015,#coachellalineup,,,,,
positive,yes,MollyMiles,0,Who wants to be super white girl with me and go to  my bae will be there!! champagnepapi_,,1/6/15 12:32,5.52563e+17,"iPhone: 45.601978,-122.439102",Alaska,[],#Coachella2015,,,,,,,,[],#Coachella2015,,,,,,,
positive,yes,pwrslug,0,think we'll stay in new york,,1/6/15 12:31,5.52563e+17,NYC,Atlantic Time (Canada),[],#Coachella2015,,,,,,,,[],#Coachella2015,,,,,,,
positive,yes,Tim__Case,0,Excited about  2015! Glad I already have my ticket,,1/6/15 12:31,5.52563e+17,"Tempe, Arizona",Arizona,[],#Coachella2015,,,,,,,,[],#Coachella2015,,,,,,,
positive,yes,Hannnah_Smithh,1,RT : : I wanna go to  ________  ___,,1/6/15 12:31,5.52563e+17,,Quito,[],#Coachella2015,,,,,,,,[],#Coachella2015,,,,,,,
positive,yes,cecixovo,0,I neeeeeeed to go on both days,,1/6/15 12:31,5.52563e+17,"Paradise, KissLand ",Arizona,[],#Coachella2015,,,,,,,,[],#Coachella2015,,,,,,,
positive,yes,evveeelyn,0,and  lined up for  _,,1/6/15 12:31,5.52563e+17,,Pacific Time (US & Canada),[],#Coachella2015,,,,,,,,[],#Coachella2015,,,,,,,
positive,yes,monsejaxn,1,RT :  baby,,1/6/15 12:31,5.52563e+17,in narnia.,,[],#Coachella2015,,,,,,,,[],#Coachella2015,,,,,,,
positive,yes,JessFashion101,0,This years line up! Who's planning on attending,,1/6/15 12:30,5.52563e+17,California,Arizona,[],#Coachella2015,,,,,,,,[],#Coachella2015,,,,,,,
positive,yes,CinTheRella,1,I MIGHT be out there,,1/6/15 12:30,5.52563e+17,,Eastern Time (US & Canada),[],#Coachella2015,,,,,,,,[],#Coachella2015,,,,,,,
positive,yes,spenceermalnik,1,baby,,1/6/15 12:30,5.52563e+17,we didn't wanna get older,Azores,[],#Coachella2015,,,,,,,,[],#Coachella2015,,,,,,,
positive,yes,RedmondTO,0,I bet you're excited for  !,,1/6/15 12:30,5.52563e+17,Toronto,,[],#Coachella2015,,,,,,,,[],#Coachella2015,,,,,,,
positive,yes,JesseDittman,0,"..in that order.. Everything else, eh.",,1/6/15 12:30,5.52563e+17,,Alaska,[],#CircaSurvive,#Drake,#BrandNew,#Interpol,#FlorenceAndTheMachine,#Coachella2015,,,[],#CircaSurvive,#Drake,#BrandNew,#Interpol,#FlorenceAndTheMachine,#Coachella2015,,
positive,yes,SincerelyJHard,1,RT : That  line up though _ I would loooove to see ACDC!!,,1/6/15 12:29,5.52563e+17,"SL, UT",Central Time (US & Canada),[],#Coachella2015,,,,,,,,[],#Coachella2015,,,,,,,
positive,yes,riley_corkins,0,Now taking donation to get my ass to coachella,"[39.46732631, -94.9707977]",1/6/15 12:29,5.52563e+17,,Mountain Time (US & Canada),[],#Coachella2015,#coachellaorbust,,,,,,,[],#Coachella2015,#coachellaorbust,,,,,,
positive,yes,Francescababy1,0,cause I can't contain myself_,"[33.81183737, -117.92212636]",1/6/15 12:29,5.52563e+17,Chino HillsIG: francescababy1,Pacific Time (US & Canada),[],#Coachella2015,#lineup,#Coachella,,,,,,[],#Coachella2015,#lineup,#Coachella,,,,,
positive,yes,shmanggangcity,3,RT : Yeah I'm in there,,1/6/15 12:28,5.52562e+17,Las Vegas,Alaska,[],#Coachella2015,,,,,,,,[],#Coachella2015,,,,,,,
positive,yes,jdeezy__,0,lineup is up!! Week 1 whose going?!? Pretty excited!!!,,1/6/15 12:28,5.52562e+17,SJ,Pacific Time (US & Canada),[],#coachella2015,,,,,,,,[],#coachella2015,,,,,,,
positive,yes,Hannzus,0,If  brings out  and  and perform TRUFFLE BUTTER,,1/6/15 12:28,5.52562e+17,LA\Florida Kilos,Pacific Time (US & Canada),[],#Coachella2015,,,,,,,,[],#Coachella2015,,,,,,,
positive,yes,budzxhaus,0,the line up is pretty nice _,,1/6/15 12:28,5.52562e+17,"Nashville, TN ",,[],#Coachella2015,,,,,,,,[],#Coachella2015,,,,,,,
positive,yes,JAZMINMIA,0,Can we just say fuck yes for a minute please.,,1/6/15 12:28,5.52562e+17,LA.,Pacific Time (US & Canada),[],#Coachella2015,,,,,,,,[],#Coachella2015,,,,,,,
positive,yes,heathergaydos_,1,: I wanna go to  ________  ___,,1/6/15 12:28,5.52562e+17,,Pacific Time (US & Canada),[],#Coachella2015,,,,,,,,[],#Coachella2015,,,,,,,
positive,yes,destinysdelisio,0,Photo: Already looking forward to  ____ (at Coachella Music And Arts Festival),,1/6/15 12:28,5.52562e+17,A,Arizona,[],#Coachella2015,,,,,,,,[],#Coachella2015,,,,,,,
positive,yes,DanBongoAdams,0,"Jack White, Kasabian &amp; Royal Blood all in one day. Promise me.","[51.71337085, -0.04235568]",1/6/15 12:27,5.52562e+17,"Hertfordshire, UK",Amsterdam,[],#Coachella2015,,,,,,,,[],#Coachella2015,,,,,,,
positive,yes,elDR0Dtho,0,Kinda drakin over the  lineup,,1/6/15 12:27,5.52562e+17,mx. & u.s. & el mundo,,[],#Coachella2015,,,,,,,,[],#Coachella2015,,,,,,,
positive,yes,Tiph_Seven,0,RT : So uhhhh,,1/6/15 12:27,5.52562e+17,DC/Maryland/Virginia ,Central Time (US & Canada),[],#BrokePhiBroke,#WeAintGotIt,#Coachella2015,,,,,,[],#BrokePhiBroke,#WeAintGotIt,#Coachella2015,,,,,
positive,yes,sexxystephy,0,This  lineup got me feelin some type of way__,"[33.49440257, -111.9868104]",1/6/15 12:27,5.52562e+17,Scottsdale,Pacific Time (US & Canada),[],#coachella,#coachella2015,,,,,,,[],#coachella,#coachella2015,,,,,,
positive,yes,hasanthehun,0,"""I love Acid Mouse, they started off in a loft in williamsburg with handmade instruments out of household items, cant wait""",,1/6/15 12:26,5.52562e+17,"Istanbul, LA, NYC ",Istanbul,[],#Coachella2015,,,,,,,,[],#Coachella2015,,,,,,,
positive,yes,BaileyParker_,0,The  line up has been announced! Who would you want to see?,,1/6/15 12:26,5.52562e+17,YEG,Central Time (US & Canada),[],#Coachella2015,,,,,,,,[],#Coachella2015,,,,,,,
positive,yes,AshleySanks,1,So uhhhh,,1/6/15 12:26,5.52562e+17,outchea,Eastern Time (US & Canada),[],#Coachella2015,,,,,,,,[],#Coachella2015,,,,,,,
positive,yes,jocelynmariee,1,Let's go,,1/6/15 12:26,5.52562e+17,forks up,Pacific Time (US & Canada),[],#Coachella2015,,,,,,,,[],#Coachella2015,,,,,,,
positive,yes,J_Llamas20,0,The  line up is so sick!___,,1/6/15 12:26,5.52562e+17,UTSA,,[],#Coachella2015,,,,,,,,[],#Coachella2015,,,,,,,
positive,yes,CheastyJ,0,let's go!,,1/6/15 12:25,5.52562e+17,,,[],#Coachella2015,,,,,,,,[],#Coachella2015,,,,,,,
positive,yes,CV_Scanner,1,RT : MT : The  lineup is here. See who's playing in April:,,1/6/15 12:25,5.52562e+17,Coachella Valley,Arizona,[],#Coachella2015,,,,,,,,[],#Coachella2015,,,,,,,
positive,yes,TheOnSightShow,4,"RT : WOW there's a secret  weekend happening, too!",,1/6/15 12:25,5.52562e+17,London,,[],#Coachella2015,,,,,,,,[],#Coachella2015,,,,,,,
positive,yes,oakTreeCinco,1,RT : Get ready for another epic year,,1/6/15 12:24,5.52561e+17,Ezekiel 25:17,Alaska,[],#Coachella2015,,,,,,,,[],#Coachella2015,,,,,,,
positive,yes,adrianaar_,1,RT : I literally can't with this lineup _,,1/6/15 12:24,5.52561e+17,,Mountain Time (US & Canada),[],#Coachella2015,,,,,,,,[],#Coachella2015,,,,,,,
positive,yes,paosomerhalder,0,Now I have to cry myself to sleep.....another year I'm missing  but someday.....SOMEDAY. _,,1/6/15 12:23,5.52561e+17,In God's Hands ,Central Time (US & Canada),[],#Coachella2015,,,,,,,,[],#Coachella2015,,,,,,,
positive,yes,Jamiee_AllOverr,0,lineup is incredible...if only i had $375 to drop on a ticket...lets not forget travel expenses :(,,1/6/15 12:23,5.52561e+17,"Philadelphia, Pennsylvania",Central Time (US & Canada),[],#Coachella2015,,,,,,,,[],#Coachella2015,,,,,,,
positive,yes,MckenzieSchmitz,0,Holy lineup ____,,1/6/15 12:22,5.52561e+17,,,[],#Coachella2015,,,,,,,,[],#Coachella2015,,,,,,,
positive,yes,ritamartins351,0,"let's all cry a little bit, because  lineup it's here. And we weep because we're poor and not american.",,1/6/15 12:22,5.52561e+17,Lisboa,London,[],#Coachella2015,#summerfest,,,,,,,[],#Coachella2015,#summerfest,,,,,,
positive,yes,_JJayR,0,Excited for,,1/6/15 12:22,5.52561e+17,,Alaska,[],#Coachella2015,,,,,,,,[],#Coachella2015,,,,,,,
positive,yes,mariel_121,0,Let them  tweets begin while I cry cause I can't go _,,1/6/15 12:22,5.52561e+17,"CONROE, TEXAS",Central Time (US & Canada),[],#Coachella2015,,,,,,,,[],#Coachella2015,,,,,,,
positive,yes,lexiesalas,0,Holy FUCKBALLS.... Drake at  ________ SCREAMINGGGG,,1/6/15 12:22,5.52561e+17,BAYAREANYC,Pacific Time (US & Canada),[],#Coachella2015,,,,,,,,[],#Coachella2015,,,,,,,
positive,yes,_BrandonB,1,Get ready for another epic year,,1/6/15 12:22,5.52561e+17,"Rest Easy, Dad. ",Pacific Time (US & Canada),[],#Coachella2015,,,,,,,,[],#Coachella2015,,,,,,,
positive,yes,rosaontherocks,1,I literally can't with this lineup _,,1/6/15 12:21,5.52561e+17,,Pacific Time (US & Canada),[],#Coachella2015,,,,,,,,[],#Coachella2015,,,,,,,
positive,yes,27whispers,0,a lot of the artist playing this years  have the smoothest beats... its going to get real sexy this year,,1/6/15 12:21,5.52561e+17,,Mountain Time (US & Canada),[],#Coachella2015,,,,,,,,[],#Coachella2015,,,,,,,
positive,yes,corcrane,0,So glad I preordered my  tix to get a gold VIP wristband to the Jimmy Buffet Margaritaville Chill Out Tent after Steely Dan.,,1/6/15 12:21,5.52561e+17,"Portland, OR",Eastern Time (US & Canada),[],#Coachella2015,,,,,,,,[],#Coachella2015,,,,,,,
positive,yes,Octomeshmow,0,The  lineup is out and all I care about is that  is headlining day three.,,1/6/15 12:21,5.52561e+17,"Fresno, CA",,[],#Coachella2015,,,,,,,,[],#Coachella2015,,,,,,,
positive,yes,NicoleFAlvarez,2,I will always love  . Period.,,1/6/15 12:21,5.52561e+17,Los Angeles,Pacific Time (US & Canada),[],#Coachella2015,,,,,,,,[],#Coachella2015,,,,,,,
positive,yes,DaniellaJPeters,2,whhooooaa  headlining ! nicely done ! VIA,,1/6/15 12:21,5.52561e+17,Los Angeles,Pacific Time (US & Canada),[],#Coachella2015,,,,,,,,[],#Coachella2015,,,,,,,
positive,yes,madisonhohl,0,: Stay up to date with all the latest news for Coachella 2015!    _,,1/6/15 12:21,5.52561e+17,,Central Time (US & Canada),[],#Coachella,#2015,#coachella2015,,,,,,[],#Coachella,#2015,#coachella2015,,,,,
positive,yes,KellyM716,0,I'm sure  is just running all over her house for money to buy  tickets. :p,,1/6/15 12:21,5.52561e+17,,Eastern Time (US & Canada),[],#Coachella2015,,,,,,,,[],#Coachella2015,,,,,,,
positive,yes,lgiannino1,0,"For those about to ROCK_... We salute you__ 

 to headline",,1/6/15 12:20,5.5256e+17,"Ibiza, Spain",Rome,[],#ACDC,#Coachella2015,#Australia,,,,,,[],#ACDC,#Coachella2015,#Australia,,,,,
positive,yes,H_town_vicious,0,Someone needs to go with me to Coachella serioussly.,,1/6/15 12:20,5.5256e+17,"Beaumont, Texas",,[],#Coachella2015,#CoachellaBuddyNeeded,,,,,,,[],#Coachella2015,#CoachellaBuddyNeeded,,,,,,
positive,yes,al0137,2,RT : Woo-hoo! Were going to  to see AC/DC!!!!,,1/6/15 12:19,5.5256e+17,"Gettysburg, PA",Eastern Time (US & Canada),[],#Coachella2015,,,,,,,,[],#Coachella2015,,,,,,,
positive,yes,AzealiaWarrior,1,RT : Ahh  got top billin over  on the  lineup __ the people have spoken,,1/6/15 12:19,5.5256e+17,,Central Time (US & Canada),[],#Coachella2015,,,,,,,,[],#Coachella2015,,,,,,,
positive,yes,ArchCharlieAlex,0,come with me to   __,,1/6/15 12:19,5.5256e+17,Any place with WiFi,Mexico City,[],#Coachella2015,,,,,,,,[],#Coachella2015,,,,,,,
positive,yes,stylosonica,0,Ratatat You're Back Thank Gawd We Missed You This Much,,1/6/15 12:19,5.5256e+17,,Central Time (US & Canada),[],#Coachella2015,,,,,,,,[],#Coachella2015,,,,,,,
positive,yes,MLI95,0,Coachella lineup!,,1/6/15 12:19,5.5256e+17,,Pacific Time (US & Canada),[],#toogood,#coachella2015,,,,,,,[],#toogood,#coachella2015,,,,,,
positive,yes,destinysoko,0,I pretty much have to go now _,,1/6/15 12:19,5.5256e+17,,,[],#Coachella2015,,,,,,,,[],#Coachella2015,,,,,,,
positive,yes,serenameng,0,Going broke for,,1/6/15 12:18,5.5256e+17,Seattle,Pacific Time (US & Canada),[],#Coachella2015,,,,,,,,[],#Coachella2015,,,,,,,
positive,yes,joelesvegan,0,This is your fucking year at ! WE'RE GONNA FUCK SHIT UP! so stoked! _,,1/6/15 12:18,5.5256e+17,"Los Angeles, CA",Pacific Time (US & Canada),[],#Coachella2015,,,,,,,,[],#Coachella2015,,,,,,,
positive,yes,Kiairene5,0,Thank God for friends all over the country.,,1/6/15 12:18,5.5256e+17,,,[],#Coachella2015,,,,,,,,[],#Coachella2015,,,,,,,
positive,yes,RudyyyJames,0,Holy Fuck AC/DC and Angus Young are coming to Coachella!!! Thank the rock Gods!!! My dream has come true!!!,,1/6/15 12:18,5.5256e+17,Instagram: RudyyyJames,Pacific Time (US & Canada),[],#Coachella2015,,,,,,,,[],#Coachella2015,,,,,,,
positive,yes,dianaiglesias27,4,"RT : New year new me is over 
Here come all the 

""Time to work on my coachella body_____  "" 
Tweets hahaha",,1/6/15 12:17,5.5256e+17,,,[],#coachella2015,,,,,,,,[],#coachella2015,,,,,,,
positive,yes,_shmabe,0,I pretty much only want to go to Day 2 of,,1/6/15 12:17,5.5256e+17,LA-SD-BAY,Pacific Time (US & Canada),[],#Coachella2015,,,,,,,,[],#Coachella2015,,,,,,,
positive,yes,BrittneySharko,0,I want to goooooo _,,1/6/15 12:17,5.5256e+17,,,[],#Coachella2015,,,,,,,,[],#Coachella2015,,,,,,,
positive,yes,paosomerhalder,0,Only the best of the best.... _,,1/6/15 12:17,5.5256e+17,In God's Hands ,Central Time (US & Canada),[],#Coachella2015,,,,,,,,[],#Coachella2015,,,,,,,
positive,yes,CiaraCymoneT,0,Someone take me to,,1/6/15 12:17,5.5256e+17,,Central Time (US & Canada),[],#Coachella2015,,,,,,,,[],#Coachella2015,,,,,,,
positive,yes,ArmyIsFredo,5,RT :  take me there _....please!,,1/6/15 12:16,5.52559e+17,Fre Quincy,Central Time (US & Canada),[],#Coachella2015,,,,,,,,[],#Coachella2015,,,,,,,
positive,yes,spacetoob,0,bravo  good job ;),,1/6/15 12:16,5.52559e+17,,Eastern Time (US & Canada),[],#Coachella2015,,,,,,,,[],#Coachella2015,,,,,,,
positive,yes,CiaraCymoneT,1,ummmmmm im down,,1/6/15 12:16,5.52559e+17,,Central Time (US & Canada),[],#Coachella2015,,,,,,,,[],#Coachella2015,,,,,,,
positive,yes,ammbeeee,1,RT : Can't wait to crowd surf to Drake,,1/6/15 12:16,5.52559e+17,Torrance California,Pacific Time (US & Canada),[],#coachella2015,,,,,,,,[],#coachella2015,,,,,,,
positive,yes,iMknzy,0,looks so good. Why would you go to EDC when you could go to Coachella....,,1/6/15 12:16,5.52559e+17,,Mazatlan,[],#Coachella2015,,,,,,,,[],#Coachella2015,,,,,,,
positive,yes,ChyeaItsHibz,2,RT : The  lineup is out - who's going? Can't say it excites me enough to make the trip.,,1/6/15 12:16,5.52559e+17,,Mountain Time (US & Canada),[],#Coachella2015,,,,,,,,[],#Coachella2015,,,,,,,
positive,yes,kathleenrach,0,I am going to Coachella this year no matter what!  ____,,1/6/15 12:16,5.52559e+17,,,[],#Coachella2015,,,,,,,,[],#Coachella2015,,,,,,,
positive,yes,lamiYUM,0,"That moment when lineup has so many different artists &amp; genres on it that ur too lazy to read it,u just know u want to go :)",,1/6/15 12:16,5.52559e+17,Trance Citizen of the World! ,Eastern Time (US & Canada),[],#Coachella2015,,,,,,,,[],#Coachella2015,,,,,,,
positive,yes,zoelovessushi,0,When the Coachella lineup is announced and you already have tickets,,1/6/15 12:16,5.52559e+17,,,[],#bestfeelingever,#Coachella2015,#bothweekends,,,,,,[],#bestfeelingever,#Coachella2015,#bothweekends,,,,,
positive,yes,DMNDRapp,1,RT : Excited to see  on the  list. New album or mix of Les Sins stuff? Listen 2 him in  ,,1/6/15 12:15,5.52559e+17,NYC,,[],#Coachella2015,#JanuaryJams,,,,,,,[],#Coachella2015,#JanuaryJams,,,,,,
positive,yes,melisaa_tucker,2,I need to go _____,,1/6/15 12:15,5.52559e+17,Caining it ,Arizona,[],#Coachella2015,,,,,,,,[],#Coachella2015,,,,,,,
positive,yes,littleMad16,0,After seeing the line up I really wish I had the money to go__,,1/6/15 12:15,5.52559e+17,,Pacific Time (US & Canada),[],#Coachella2015,,,,,,,,[],#Coachella2015,,,,,,,
positive,yes,cocoush,0,we should be going.,,1/6/15 12:14,5.52559e+17,"Carlisle, UK",London,[],#Coachella2015,,,,,,,,[],#Coachella2015,,,,,,,
positive,yes,paosomerhalder,0,"The lineup's out, and people are going crazy!!!!  _",,1/6/15 12:14,5.52559e+17,In God's Hands ,Central Time (US & Canada),[],#Coachella2015,,,,,,,,[],#Coachella2015,,,,,,,
positive,yes,niimsaaay,0,Taking my little brother to coachella this year and it's blowing my mind how excited he is. This line up has me so stoked.,,1/6/15 12:14,5.52559e+17,"Los Angeles, CA. ",Pacific Time (US & Canada),[],#Coachella2015,,,,,,,,[],#Coachella2015,,,,,,,
positive,yes,OhhBelly___,0,Bless my soul. My baby Drake is gonna be Coachella____ See you guys there weekend 2!  __,,1/6/15 12:14,5.52559e+17,,Hawaii,[],#Coachella2015,,,,,,,,[],#Coachella2015,,,,,,,
positive,yes,LisaPinson,0,Coachella lineup is here!,,1/6/15 12:14,5.52559e+17,Where ever my toothbrush is,Pacific Time (US & Canada),[],#coachella2015,#coachellalineup,,,,,,,[],#coachella2015,#coachellalineup,,,,,,
positive,yes,isabellaissa_,0,Im going to cry tears of happiness. Proud of you baby boy. XO,,1/6/15 12:14,5.52559e+17,,Sydney,[],#Coachella2015,,,,,,,,[],#Coachella2015,,,,,,,
positive,yes,Kittykatcox,0,Now the  lineup has been released its time to spend some time doing a  playlist on,,1/6/15 12:14,5.52559e+17,,,[],#Coachella2015,,,,,,,,[],#Coachella2015,,,,,,,
positive,yes,UltraKelsey,0,FINALLY GONNA SEE DRAKE ___,"[34.41299906, -119.85225607]",1/6/15 12:13,5.52559e+17,nsfw,Mountain Time (US & Canada),[],#Coachella2015,,,,,,,,[],#Coachella2015,,,,,,,
positive,yes,saalmaaa_,0,line up is sick af for the second and third day.,,1/6/15 12:13,5.52559e+17,cali,Pacific Time (US & Canada),[],#Coachella2015,,,,,,,,[],#Coachella2015,,,,,,,
positive,yes,BiggBossBrii,0,ACDC!!!? Is this real life?! Is my dream going to come true!?,,1/6/15 12:13,5.52559e+17,,Pacific Time (US & Canada),[],#Coachella2015,,,,,,,,[],#Coachella2015,,,,,,,
positive,yes,cristinitis,0,I will get to see  once more! yay!!!!!!,,1/6/15 12:13,5.52559e+17,,Mountain Time (US & Canada),[],#neverenough,#Coachella2015,,,,,,,[],#neverenough,#Coachella2015,,,,,,
positive,yes,Jodie_Broadley,0,Coachella line up is out _,,1/6/15 12:13,5.52559e+17,"Nottinghamshire, England",London,[],#Coachella2015,,,,,,,,[],#Coachella2015,,,,,,,
positive,yes,OdetteDelacroix,1,The  lineup is posted. I read it. I felt a slight tingle. But I checked my panties. They are not wet.,,1/6/15 12:12,5.52558e+17,"Los Angeles, CA",Arizona,[],#Coachella2015,,,,,,,,[],#Coachella2015,,,,,,,
positive,yes,natasha_rod98,0,: The lineup is here!   I need to go __,,1/6/15 12:12,5.52558e+17,ludlow,,[],#Coachella2015,,,,,,,,[],#Coachella2015,,,,,,,
positive,yes,DMNDR_DACH,1,Excited to see  on the  list. New album or mix of Les Sins stuff? Listen 2 him in,,1/6/15 12:12,5.52558e+17,"New York, NY",,[],#Coachella2015,#JanuaryJams,,,,,,,[],#Coachella2015,#JanuaryJams,,,,,,
positive,yes,kaitlyyyynnnn_,0,: What we've all been waiting for. _    if i could go&gt;&gt; ___,,1/6/15 12:12,5.52558e+17,,,[],#Coachella2015,,,,,,,,[],#Coachella2015,,,,,,,
positive,yes,mletran,0,"Happy to see  on the  line up! If you like Dr. Dog, check them out!",,1/6/15 12:12,5.52558e+17,SF by way of the OC,Pacific Time (US & Canada),[],#Coachella2015,,,,,,,,[],#Coachella2015,,,,,,,
positive,yes,andalo_edward,0,yo so many good bands,,1/6/15 12:11,5.52558e+17,Santa Ana,,[],#Coachella2015,,,,,,,,[],#Coachella2015,,,,,,,
positive,yes,NatalieCanWrite,0,"Well, look who's gonna starve for the next month.",,1/6/15 12:11,5.52558e+17,"Los Angeles, CA",Arizona,[],#Coachella2015,,,,,,,,[],#Coachella2015,,,,,,,
positive,yes,ChRiStInEiE,0,And my BDay Month countdown begins!!!        _____,"[34.06151904, -118.29354186]",1/6/15 12:11,5.52558e+17,California,Pacific Time (US & Canada),[],#Coachella2015,#ACDC,#TheWeeknd,#Drake,#Weekend1,#shopclosed,#Kaskade,,[],#Coachella2015,#ACDC,#TheWeeknd,#Drake,#Weekend1,#shopclosed,#Kaskade,
positive,yes,all_about_edm,1,This will be HUGE!,,1/6/15 12:10,5.52558e+17,under the electric sky,,[],#Coachella2015,,,,,,,,[],#Coachella2015,,,,,,,
positive,yes,TomElliottUK,0,is looking pretty good. Not about the headliners but the lower down we get the more impressive the line up,,1/6/15 12:10,5.52558e+17,England,London,[],#Coachella2015,,,,,,,,[],#Coachella2015,,,,,,,
positive,yes,TerrrrBear,0,AND Lights will be performing the same day as Andrew McMahon!? What is life right now,,1/6/15 12:10,5.52558e+17,Arizona,Arizona,[],#Coachella2015,#myfaves,,,,,,,[],#Coachella2015,#myfaves,,,,,,
positive,yes,simmonstobias,0,All Drake Everything at this,,1/6/15 12:10,5.52558e+17,San Francisco,Pacific Time (US & Canada),[],#Coachella2015,#drakedrakedrake,,,,,,,[],#Coachella2015,#drakedrakedrake,,,,,,
positive,yes,katiiieeadams,0,H E L L O there  lineup. You look GOOD.,,1/6/15 12:09,5.52558e+17,"Orange County, CA",Pacific Time (US & Canada),[],#Coachella2015,,,,,,,,[],#Coachella2015,,,,,,,
positive,yes,KaitMoffatt,1,"Is it acceptable behavior for me to go to  just to see Jack White, then leave?",,1/6/15 12:09,5.52558e+17,YYZ - YVR - YYC,Atlantic Time (Canada),[],#Coachella2015,,,,,,,,[],#Coachella2015,,,,,,,
positive,yes,killedthehype,0,Coachella tickets go on sale tomorrow. Someone.. Anyone.. Do this with me?!,,1/6/15 12:08,5.52557e+17,Bath / London,,[],#Coachella2015,,,,,,,,[],#Coachella2015,,,,,,,
positive,yes,clarryhazel,0,Just hold on we're going to Coachella,,1/6/15 12:08,5.52557e+17,,,[],#Coachella2015,,,,,,,,[],#Coachella2015,,,,,,,
positive,yes,bowdawgg,0,Aaaah yes!!!! ____,,1/6/15 12:08,5.52557e+17,,Alaska,[],#Coachella2015,,,,,,,,[],#Coachella2015,,,,,,,
positive,yes,jmitchcarroll,0,Damn Coachella did it again. Lineup looks awesome!,,1/6/15 12:08,5.52557e+17,,Mountain Time (US & Canada),[],#Coachella2015,,,,,,,,[],#Coachella2015,,,,,,,
positive,yes,sarah_biggs,0,Really liking the  lineup. Now how do I get a ticket and a fine way to go... _,,1/6/15 12:07,5.52557e+17,"Seattle, Washington",Pacific Time (US & Canada),[],#Coachella2015,,,,,,,,[],#Coachella2015,,,,,,,
positive,yes,Mila_JLo,1,RT : Waking up to the line up is such a good way to start __  now it's a MUST!,,1/6/15 12:07,5.52557e+17,Brazil,Brasilia,[],#Coachella2015,,,,,,,,[],#Coachella2015,,,,,,,
positive,yes,ms_garcia17,0,Very pleased with the  line up!,,1/6/15 12:07,5.52557e+17,Pepperdine,Pacific Time (US & Canada),[],#Coachella2015,,,,,,,,[],#Coachella2015,,,,,,,
positive,yes,nichols_s,0,Just once I'd love to know what it would be like to go to  !!!,,1/6/15 12:06,5.52557e+17,,Central Time (US & Canada),[],#Coachella,#Coachella2015,#whoswithme,,,,,,[],#Coachella,#Coachella2015,#whoswithme,,,,,
positive,yes,CelinaSofie,1,RT : See you  in April,,1/6/15 12:06,5.52557e+17,"Paris, London, Oslo",,[],#Coachella2015,,,,,,,,[],#Coachella2015,,,,,,,
positive,yes,KyleModerow303,0,What a blessed day this is!!!  Coachella goons where you at?!?!?!,,1/6/15 12:06,5.52557e+17,La Verne,Pacific Time (US & Canada),[],#Coachella2015,,,,,,,,[],#Coachella2015,,,,,,,
positive,yes,btherr18,0,"My heart hurts for Built to Spill, a great band with serious history, being billed as a nobody at . __",,1/6/15 12:06,5.52557e+17,"Pittsburgh, PA",,[],#Coachella2015,,,,,,,,[],#Coachella2015,,,,,,,
positive,yes,Heather_Kozan,0,"Sunday sounds good to me. Gessefalstein, Florence &amp; the Machine, Marina &amp; the Diamonds, Fitz &amp; The Tantrums",,1/6/15 12:06,5.52557e+17,Arizona,Arizona,[],#Coachella2015,,,,,,,,[],#Coachella2015,,,,,,,
positive,yes,JamieMichellexx,1,That  line up though _ I would loooove to see ACDC!!,,1/6/15 12:06,5.52557e+17,"your bitch, utahhhh",Arizona,[],#Coachella2015,,,,,,,,[],#Coachella2015,,,,,,,
positive,yes,kate_diprimaaa,0,This lineup ___,,1/6/15 12:06,5.52557e+17,the ville,Eastern Time (US & Canada),[],#Coachella2015,,,,,,,,[],#Coachella2015,,,,,,,
positive,yes,peachydeluxe,0,"AC/DC, Vance joy, milky chance, Chet faker are just a few that I absolutely must see. HOLY SMOKES I'm so excited",,1/6/15 12:05,5.52557e+17,tempe,Pacific Time (US & Canada),[],#Coachella2015,,,,,,,,[],#Coachella2015,,,,,,,
positive,yes,naughtyamerica,6,Who's going to Coachella this year? Smoking hot  sure is!,,1/6/15 12:05,5.52557e+17,"San Diego, CA",Pacific Time (US & Canada),[],#Coachella2015,,,,,,,,[],#Coachella2015,,,,,,,
positive,yes,ComicMikey,0,Cant wait for  ... unless there's like a good Lifetime movie or a Domino's special that night...,,1/6/15 12:05,5.52557e+17,Hollywood,,[],#Coachella2015,,,,,,,,[],#Coachella2015,,,,,,,
positive,yes,GinaCrespy,0,Can't wait!!,,1/6/15 12:05,5.52557e+17,Philadelphia ,Eastern Time (US & Canada),[],#Coachella2015,,,,,,,,[],#Coachella2015,,,,,,,
positive,yes,xo_paulinap,0,Coachella tickets go on sale again tomorrow! _,,1/6/15 12:05,5.52557e+17,Las Vegas,Pacific Time (US & Canada),[],#Coachella2015,,,,,,,,[],#Coachella2015,,,,,,,
positive,yes,vinimack,0,I just woke up and i saw this on my Facebook feed! Oh I'm excited! _,,1/6/15 12:05,5.52556e+17,,Pacific Time (US & Canada),[],#coachella2015,#weekend1,,,,,,,[],#coachella2015,#weekend1,,,,,,
positive,yes,shellokitty78,0,"I'm finally gonna see  !!! Thanks,",,1/6/15 12:04,5.52556e+17,,,[],#Coachella2015,#isitaprilyet,,,,,,,[],#Coachella2015,#isitaprilyet,,,,,,
positive,yes,Neidra,1,RT :   ARE YOU READY!!!,,1/6/15 12:03,5.52556e+17,Chicago  ,Eastern Time (US & Canada),[],#Coachella2015,#coachellalineup,,,,,,,[],#Coachella2015,#coachellalineup,,,,,,
positive,yes,no_doughty,0,Fuck yeas   will destroy everything!!,,1/6/15 12:03,5.52556e+17,,Arizona,[],#Coachella2015,#jackwhite,,,,,,,[],#Coachella2015,#jackwhite,,,,,,
positive,yes,rafalafaa,0,": Most excited for Father John Misty on Saturday at 

Goddamn motherfucking right.","[34.02383615, -117.57490944]",1/6/15 12:03,5.52556e+17,Cali4nyeaye,Pacific Time (US & Canada),[],#coachella2015,,,,,,,,[],#coachella2015,,,,,,,
positive,yes,OrangeBungalow,0,"Grab those flower crowns! The  lineup is here &amp; yes, we're freaking a little...",,1/6/15 12:03,5.52556e+17,"Orange, CA",,[],#Coachella2015,,,,,,,,[],#Coachella2015,,,,,,,
positive,yes,Sam_Muz,0,"Jamie xx oddly gets a spot at Coachella , would be a dream to go to it _",,1/6/15 12:02,5.52556e+17,Ireland,Amsterdam,[],#Coachella2015,,,,,,,,[],#Coachella2015,,,,,,,
positive,yes,shaaayal,0,Omfgggg  headlining __ glad I decided to go again this year!,,1/6/15 12:02,5.52556e+17,Los Angeles ,Pacific Time (US & Canada),[],#coachella2015,,,,,,,,[],#coachella2015,,,,,,,
positive,yes,vFerreira_XO,0,who wants to go?!? _____,,1/6/15 12:02,5.52556e+17,Milwaukee,Eastern Time (US & Canada),[],#Coachella2015,,,,,,,,[],#Coachella2015,,,,,,,
positive,yes,wsuprat,0,""":  lineup is here. This finally may be there year I go. Tix on sale tomorrow.  I'm crying",,1/6/15 12:02,5.52556e+17,ESLV,Pacific Time (US & Canada),[],#Coachella2015,,,,,,,,[],#Coachella2015,,,,,,,
positive,yes,CherryBombBrit,0,Def going to see  at  entirely covered in leather,,1/6/15 12:02,5.52556e+17,,Mountain Time (US & Canada),[],#Coachella2015,,,,,,,,[],#Coachella2015,,,,,,,
positive,yes,thomas13james,0,"Coachella ticket $650, Plane ticket $450, Hotel $300. A weekend at the Valley to see The Weeknd .",,1/6/15 12:02,5.52556e+17,I write poetry,Eastern Time (US & Canada),[],#Priceless,#Coachella2015,,,,,,,[],#Priceless,#Coachella2015,,,,,,
positive,yes,YammiinYMN,1,ARE YOU READY!!!,,1/6/15 12:02,5.52556e+17,,Central Time (US & Canada),[],#Coachella2015,#coachellalineup,,,,,,,[],#Coachella2015,#coachellalineup,,,,,,
positive,yes,Fay_Bay_,0,Can't wait until I'm old enough to go to Coachella.   __,,1/6/15 12:02,5.52556e+17,"Davenport, Iowa ",Central Time (US & Canada),[],#Coachella2015,#CoachellaProbs,,,,,,,[],#Coachella2015,#CoachellaProbs,,,,,,
positive,yes,MollyMakesUMove,1,RT : Oh man the best part about  is seeing names like  and knowing a new album is on the horizon _,,1/6/15 12:02,5.52556e+17,Essex Girl & Proud! ,Edinburgh,[],#festivalseason,#Coac,,,,,,,[],#festivalseason,#Coac,,,,,,
positive,yes,AORelyy,0,Fasho!! First weekend we at that,,1/6/15 12:02,5.52556e+17,. ely .,Pacific Time (US & Canada),[],#coachella2015,,,,,,,,[],#coachella2015,,,,,,,
positive,yes,rafaj_xD,0,""": : The lineup is here!   Cue the flower headband display front + center!"" Goals _",,1/6/15 12:01,5.52556e+17,,Arizona,[],#Coachella2015,,,,,,,,[],#Coachella2015,,,,,,,
positive,yes,CrystalNayNay,0,Angus and Julia stone is good. Omg Florence and the machine is just MAGIC! Interpol I can't even begin to describe my love,,1/6/15 12:01,5.52556e+17,"Wonderlust, Texas",Central Time (US & Canada),[],#Coachella2015,,,,,,,,[],#Coachella2015,,,,,,,
positive,yes,bethany_joyyy,0,I want to go to see  at  but the way my pockets set up ima have to be there in spirit __,,1/6/15 12:01,5.52556e+17,Tennessee ,Central Time (US & Canada),[],#Coachella2015,,,,,,,,[],#Coachella2015,,,,,,,
positive,yes,ItsJustMarco,0,"All I wanted for Coachella was The Strokes, Arctic Monkeys or Interpol __ thank you!",,1/6/15 12:01,5.52556e+17,760,Pacific Time (US & Canada),[],#Coachella2015,,,,,,,,[],#Coachella2015,,,,,,,
positive,yes,DMNDR_DACH,1,Oh man the best part about  is seeing names like  and knowing a new album is on the horizon,,1/6/15 12:01,5.52556e+17,"New York, NY",,[],#festivalseason,#Coachella2015,,,,,,,[],#festivalseason,#Coachella2015,,,,,,
positive,yes,iccdesign,0,Going to   highly recommend staying at  a boutique style motel. Say hi to Kim and Frank,,1/6/15 12:01,5.52556e+17,"Victoria, BC",Pacific Time (US & Canada),[],#Coachella2015,#Coachella,#PalmSprings,,,,,,[],#Coachella2015,#Coachella,#PalmSprings,,,,,
positive,yes,DaleGago,0,"AC/DC, Jack White, and Drake headlining  this year. Pretty good lineup.",,1/6/15 12:01,5.52555e+17,"Toronto, ON, Canada",Atlantic Time (Canada),[],#Coachella2015,,,,,,,,[],#Coachella2015,,,,,,,
positive,yes,ms_shreya,2,RT : Drizzy leading the way,,1/6/15 12:01,5.52555e+17,san diego,,[],#Coachella2015,,,,,,,,[],#Coachella2015,,,,,,,
positive,yes,leesahbeexo,1,Take me to  i mean Coachella-ella-ella!!,,1/6/15 12:00,5.52555e+17,Leaf Nation _ Toronto,Eastern Time (US & Canada),[],#coachella2015,#week2,#festivalseason,,,,,,[],#coachella2015,#week2,#festivalseason,,,,,
positive,yes,muchmoremiche,0,"just what I needed! Thanks,",,1/6/15 12:00,5.52555e+17,"Vancouver, Canada",,[],#Coachella2015,#CoachellaorBust,,,,,,,[],#Coachella2015,#CoachellaorBust,,,,,,
positive,yes,d_franzoni,4,RT : Can't wait to be chillin at chella,,1/6/15 12:00,5.52555e+17,"Las Vegas, NV",Pacific Time (US & Canada),[],#Coachella2015,#week2,#yuma,,,,,,[],#Coachella2015,#week2,#yuma,,,,,
positive,yes,thehumbletribe,0,"lineup released- can't say I'm super stoked about the headliners, but there are some awesome others!",,1/6/15 12:00,5.52555e+17,"Los Angeles, CA ",Pacific Time (US & Canada),[],#Coachella2015,,,,,,,,[],#Coachella2015,,,,,,,
positive,yes,nickrobinsonnn,0,I want  tickets !!!!!!,,1/6/15 11:59,5.52555e+17,austin,Central Time (US & Canada),[],#Coachella2015,,,,,,,,[],#Coachella2015,,,,,,,
positive,yes,YWJW4,0,lineup is out....looking alright from here,"[45.4378322, -75.8079657]",1/6/15 11:59,5.52555e+17,Aylmer,Quito,[],#Coachella2015,,,,,,,,[],#Coachella2015,,,,,,,
positive,yes,Lys_Medina,0,Why am I not rich?,,1/6/15 11:59,5.52555e+17,,,[],#Coachella2015,,,,,,,,[],#Coachella2015,,,,,,,
positive,yes,chelseashew_,0,Would give my selfie stick and probably my soul to be at,"[51.03305887, -114.17673443]",1/6/15 11:59,5.52555e+17,"London, UK",Eastern Time (US & Canada),[],#Coachella2015,,,,,,,,[],#Coachella2015,,,,,,,
positive,yes,namelikethesong,0,Looks like I'll be making my way out to the desert once again.,,1/6/15 11:59,5.52555e+17,"San Diego, CA",Pacific Time (US & Canada),[],#Coachella2015,,,,,,,,[],#Coachella2015,,,,,,,
positive,yes,CrystalNayNay,0,line up out and besides ACDC I could do without everyone else.,,1/6/15 11:59,5.52555e+17,"Wonderlust, Texas",Central Time (US & Canada),[],#coachella2015,,,,,,,,[],#coachella2015,,,,,,,
positive,yes,ayeitsjbear,0,Who finna hit coachella this year doe ?!! Y'all ain't ready !!!,,1/6/15 11:59,5.52555e+17,,Arizona,[],#Coachella2015,,,,,,,,[],#Coachella2015,,,,,,,
positive,yes,chaconanthony_,0,": : The lineup is here!   Cue the flower headband display front + center!
LMAO!!",,1/6/15 11:59,5.52555e+17,,Pacific Time (US & Canada),[],#Coachella2015,,,,,,,,[],#Coachella2015,,,,,,,
positive,yes,RoshaSafarmehdi,0,I'm coming for you ! _,,1/6/15 11:58,5.52555e+17,,Pacific Time (US & Canada),[],#Coachella2015,,,,,,,,[],#Coachella2015,,,,,,,
positive,yes,cheihockey16,0,Fucking unreal lineup! Let's gooo!!,,1/6/15 11:57,5.52555e+17,"Boom, Belgium",,[],#coachella,#coachella2015,,,,,,,[],#coachella,#coachella2015,,,,,,
positive,yes,CelisaJackson,0,So ready to see Flosstradamus for the 3rd time! Let's get turnt!,,1/6/15 11:57,5.52555e+17,21|ASU 15'|AZ,,[],#Coachella2015,,,,,,,,[],#Coachella2015,,,,,,,
positive,yes,RuvalcabaFelipe,3,"COACHELLA PLANS:
 TURN THE FUCK UP!!!!!!!!",,1/6/15 11:57,5.52555e+17,,,[],#Coachella2015,,,,,,,,[],#Coachella2015,,,,,,,
positive,yes,L_Horn1142,0,The 2015 coachella lineup!!! I can't wait !!!!,,1/6/15 11:57,5.52555e+17,No longer in Indiana,Eastern Time (US & Canada),[],#coachella2015,#coachella,,,,,,,[],#coachella2015,#coachella,,,,,,
positive,yes,ClubLeftyAries,0,I NEED to go to  this year!!!,,1/6/15 11:57,5.52555e+17,,Tijuana,[],#Coachella2015,,,,,,,,[],#Coachella2015,,,,,,,
positive,yes,F0nze,0,Fuck yes!! Got our tickets &amp; camping for weekend 1! Now the waiting game..,,1/6/15 11:56,5.52554e+17,Los Angeles,,[],#coachella2015,,,,,,,,[],#coachella2015,,,,,,,
positive,yes,Markey_42,2,RT : I'm so fucking excited!,,1/6/15 11:56,5.52554e+17,"Ventura, California ",Arizona,[],#Coachella2015,,,,,,,,[],#Coachella2015,,,,,,,
positive,yes,ariannaassad,1,RT : I'm so excited _,,1/6/15 11:56,5.52554e+17,,,[],#coachella2015,,,,,,,,[],#coachella2015,,,,,,,
positive,yes,skersl,0,Now I'm officially stoked!,,1/6/15 11:56,5.52554e+17,"Toronto, ON",Pacific Time (US & Canada),[],#Coachella2015,,,,,,,,[],#Coachella2015,,,,,,,
positive,yes,MycahyaAlexis,1,RT : I Wanna Go To  Sooo Baddd.,,1/6/15 11:55,5.52554e+17,Maryland,,[],#Coachella2015,,,,,,,,[],#Coachella2015,,,,,,,
positive,yes,mattyd_123,0,If someone/anyone wants to take me to  then I won't say no,,1/6/15 11:55,5.52554e+17,Sheffield,London,[],#Coachella2015,,,,,,,,[],#Coachella2015,,,,,,,
positive,yes,nazmraz,0,PLZ RT : It's here! Official  lineup.    and so many more,,1/6/15 11:54,5.52554e+17, - Kuwait -,Kuwait,[],#Coachella2015,,,,,,,,[],#Coachella2015,,,,,,,
positive,yes,ReneeMurad,0,Can't wait _,,1/6/15 11:54,5.52554e+17,What up doe ,Eastern Time (US & Canada),[],#Coachella2015,,,,,,,,[],#Coachella2015,,,,,,,
positive,yes,JoshuaDRod,0,SO FUCKING STOKED __!,,1/6/15 11:54,5.52554e+17,flagstaff,Arizona,[],#COACHELLA2015,,,,,,,,[],#COACHELLA2015,,,,,,,
positive,yes,McKillTRILLNava,0,In love with this!!!:)  ahhh! Can't wait!______,,1/6/15 11:54,5.52554e+17,,,[],#Coachella2015,,,,,,,,[],#Coachella2015,,,,,,,
positive,yes,Ankaman616,1,The  line up looks a madness though. All of these acts are better than The Beatles...,,1/6/15 11:54,5.52554e+17,Sat in the pocket.,Amsterdam,[],#Coachella2015,,,,,,,,[],#Coachella2015,,,,,,,
positive,yes,LosRakas,1,RT :  WOW congratulations!!!!!God bless _    Super happy for you guys !,,1/6/15 11:54,5.52554e+17,||| PANABAY |||,Pacific Time (US & Canada),[],#RakaNation,#SoyRaka,#coachella2015,,,,,,[],#RakaNation,#SoyRaka,#coachella2015,,,,,
positive,yes,TiramiSue84,0,ANYONE UP TO BE MY SPONSOR BECAUSE,,1/6/15 11:53,5.52554e+17,Germany,Berlin,[],#COACHELLA2015,,,,,,,,[],#COACHELLA2015,,,,,,,
positive,yes,LosRakas,1,RT : Awe sookie!  set to perform at this year's ...Congrats chicos! __,,1/6/15 11:53,5.52554e+17,||| PANABAY |||,Pacific Time (US & Canada),[],#Coachella2015,,,,,,,,[],#Coachella2015,,,,,,,
positive,yes,fujiwark,0,Music festy lineup announcements!,,1/6/15 11:53,5.52554e+17,esss efff,Pacific Time (US & Canada),[],#LikeXmasInJanuary,#Coachella2015,,,,,,,[],#LikeXmasInJanuary,#Coachella2015,,,,,,
positive,yes,NckWlknsn,1,I repeat... Unreal,,1/6/15 11:53,5.52553e+17,3rd rock from the Sun,Eastern Time (US & Canada),[],#Coachella2015,,,,,,,,[],#Coachella2015,,,,,,,
positive,yes,somevelvetblog,2,Woo-hoo! Were going to  to see AC/DC!!!!,,1/6/15 11:52,5.52553e+17,Philadelphia,Central Time (US & Canada),[],#Coachella2015,,,,,,,,[],#Coachella2015,,,,,,,
positive,yes,collegelmao,0,coachella 2015 line up!!,,1/6/15 11:52,5.52553e+17,,,[],#Coachella,#Coachella2015,#usa,#music,#festival,,,,[],#Coachella,#Coachella2015,#usa,#music,#festival,,,
positive,yes,chascas11,1,RT : In case you are into music and stuff like that.,,1/6/15 11:52,5.52553e+17,Santiago,Santiago,[],#Coachella2015,,,,,,,,[],#Coachella2015,,,,,,,
positive,yes,breebby_345,1,RT : : In case you missed it:      _,,1/6/15 11:52,5.52553e+17,,,[],#coachella,#lineup,#coachella2015,#desert,,,,,[],#coachella,#lineup,#coachella2015,#desert,,,,
positive,yes,iamjustine,0,jk I'm hyped on some others too,"[35.7148672, 139.73305421]",1/6/15 11:52,5.52553e+17,tokyo.A. airplanes.,Pacific Time (US & Canada),[],#coachella2015,,,,,,,,[],#coachella2015,,,,,,,
positive,yes,jaclynsalem,0,"IT'S TOO GOOD. SANTA, COME BACK.",,1/6/15 11:52,5.52553e+17,"Brooklyn, New York",Central Time (US & Canada),[],#Coachella2015,,,,,,,,[],#Coachella2015,,,,,,,
positive,yes,MollyJQuirk,0,Congrats  _,"[33.68271302, -117.87545247]",1/6/15 11:51,5.52553e+17,"Orange County, CA",,[],#coachella,#Coachella2015,,,,,,,[],#coachella,#Coachella2015,,,,,,
positive,yes,laurengalippo,0,Celebrating my 24th birthday weekend late just for this (weekend) of music,,1/6/15 11:51,5.52553e+17,"New York, New York",Mountain Time (US & Canada),[],#coachella2015,#coachellalineup,,,,,,,[],#coachella2015,#coachellalineup,,,,,,
positive,yes,KatyRogers,0,To go or not to go...FOMO reaching critical high!!,,1/6/15 11:51,5.52553e+17,"San Francisco, California",Hawaii,[],#Coachella2015,,,,,,,,[],#Coachella2015,,,,,,,
positive,yes,abbiehollebone,1,"If there's one thing to brighten up a bleak Tuesday in January, it's this...countdown to  is ON.",,1/6/15 11:49,5.52553e+17,Essex / London ,London,[],#Coachella2015,,,,,,,,[],#Coachella2015,,,,,,,
positive,yes,RobertRuggiero,0,I am extreamly excited about the Drive Like Jehu reunion!!!,,1/6/15 11:49,5.52553e+17,Chicago,Eastern Time (US & Canada),[],#Coachella2015,,,,,,,,[],#Coachella2015,,,,,,,
positive,yes,Coronation_93,0,"The MAN Drake will walk in that b*tch like ""N*GGA WE MADE IT!""",,1/6/15 11:49,5.52553e+17,"Middletown, PA; Penn State ",Central Time (US & Canada),[],#LRT,#Coachella2015,,,,,,,[],#LRT,#Coachella2015,,,,,,
positive,yes,NOSIRE,0,"WAIT. RIDE, LIKE  SHOEGAZE ""RIDE"" GON' BE AT   ??",,1/6/15 11:49,5.52553e+17,Philadelphia/Delaware,Eastern Time (US & Canada),[],#Coachella,#Coachella2015,,,,,,,[],#Coachella,#Coachella2015,,,,,,
positive,yes,GabrielitoDon,0,go to  bring the GLO boyzz doe,,1/6/15 11:49,5.52552e+17,Soccer field ,Pacific Time (US & Canada),[],#Coachella2015,,,,,,,,[],#Coachella2015,,,,,,,
positive,yes,jennramiirezz,0,So pumped for __,,1/6/15 11:49,5.52552e+17,SoCal,,[],#Coachella2015_,,,,,,,,[],#Coachella2015_,,,,,,,
positive,yes,HayleyBains,0,COACHELLA line up is amazing! So excited _,,1/6/15 11:48,5.52552e+17,London,Amsterdam,[],#Coachella2015,,,,,,,,[],#Coachella2015,,,,,,,
positive,yes,mimi3000,0,STEELY DAN YO!   YEARS,,1/6/15 11:48,5.52552e+17,Where u should be... HNL ,Hawaii,[],#PEG,#REELINGINTHE,#FM,#HEYNINETEEN,#Coachella2015,,,,[],#PEG,#REELINGINTHE,#FM,#HEYNINETEEN,#Coachella2015,,,
positive,yes,dankaholic_1,0,I'm to excited!! Already got my campground weekend pass!!  who's going?!,,1/6/15 11:48,5.52552e+17,North Long Beach,,[],#Coachella2015,,,,,,,,[],#Coachella2015,,,,,,,
positive,yes,ana_ees,0,Already saw drake in concert but like im TOOOOO excited.....again.. _,"[31.8856589, -106.4200008]",1/6/15 11:48,5.52552e+17,Texas,America/Boise,[],#Coachella2015,,,,,,,,[],#Coachella2015,,,,,,,
positive,yes,k_phammm,0,"is on my priority list for coachella! don't care how fucked up I am, I'm going to see you!! _____",,1/6/15 11:48,5.52552e+17,,,[],#coachella,#coachella2015,,,,,,,[],#coachella,#coachella2015,,,,,,
positive,yes,ThatGirlK45,0,I wanna go Coachella ________,,1/6/15 11:47,5.52552e+17,,Amsterdam,[],#Coachella2015,,,,,,,,[],#Coachella2015,,,,,,,
positive,yes,ame_less,0,The song I am most excited to see live  is this:,,1/6/15 11:47,5.52552e+17,"Los Angeles, CA ",Pacific Time (US & Canada),[],#inspectornorse,#coachella2015,,,,,,,[],#inspectornorse,#coachella2015,,,,,,
positive,yes,ViajantesTuit,0,is back bitches! See you there! Let's go! via,,1/6/15 11:47,5.52552e+17,,Amsterdam,[],#Coachella2015,,,,,,,,[],#Coachella2015,,,,,,,
positive,yes,F3raz,0,One day i will attend Coachella!  ,,1/6/15 11:47,5.52552e+17,,Atlantic Time (Canada),[],#Coachella2015,#thatlineup_,,,,,,,[],#Coachella2015,#thatlineup_,,,,,,
positive,yes,Lucerofeaa,1,WOW congratulations!!!!!God bless _    Super happy for you guys !,,1/6/15 11:47,5.52552e+17,,,[],#RakaNation,#SoyRaka,#coachella2015,,,,,,[],#RakaNation,#SoyRaka,#coachella2015,,,,,
positive,yes,CamilleGabbi,0,Yeah!!,,1/6/15 11:47,5.52552e+17,,,[],#Coachella2015,#coachellalineup,#ACDC,,,,,,[],#Coachella2015,#coachellalineup,#ACDC,,,,,
positive,yes,ailereve,0,Take us to,,1/6/15 11:46,5.52552e+17,Maktub _,Eastern Time (US & Canada),[],#Coachella2015,,,,,,,,[],#Coachella2015,,,,,,,
positive,yes,ndrrrr,0,My body is ready,,1/6/15 11:46,5.52552e+17,"Moscow, Planet Telex",Moscow,[],#Coachella2015,,,,,,,,[],#Coachella2015,,,,,,,
positive,yes,taraanalisee,1,: In case you missed it:,,1/6/15 11:46,5.52552e+17,,,[],#coachella,#lineup,#coachella2015,#desert,,,,,[],#coachella,#lineup,#coachella2015,#desert,,,,
positive,yes,shannonattackk,0,Kinda freaking out about   like its amazing,,1/6/15 11:46,5.52552e+17,"Long Island, New York",Central Time (US & Canada),[],#Coachella,#Coachella2015,#festivals,,,,,,[],#Coachella,#Coachella2015,#festivals,,,,,
positive,yes,cfoxx_90,0,Steely Dan at  ??? Cool!,,1/6/15 11:45,5.52552e+17,,,[],#Coachella2015,,,,,,,,[],#Coachella2015,,,,,,,
positive,yes,AnnaSanz1,1,RT : Omg someone take me to,,1/6/15 11:45,5.52552e+17,               AG Dance Crew,Atlantic Time (Canada),[],#Coachella2015,,,,,,,,[],#Coachella2015,,,,,,,
positive,yes,gosam,0,"ICYMI...
Coachella lineup is ___.
Tickets on sale tomorrow 3pm EST.
__________",,1/6/15 11:45,5.52551e+17,"Sam Francisco, CA",Eastern Time (US & Canada),[],#Coachella2015,,,,,,,,[],#Coachella2015,,,,,,,
positive,yes,helenazelaya,0,"Angus &amp; Julia Stone, Florence &amp; The Machine, Vance Joy!!! ___",,1/6/15 11:45,5.52551e+17,"Tegucigalpa, Honduras",Central America,[],#Coachella2015,,,,,,,,[],#Coachella2015,,,,,,,
positive,yes,RememberDaTitus,0,"Coachella 2015 lineup, can't wait!! 3 months 3 days 21 hours...     _",,1/6/15 11:45,5.52551e+17,The Minne,,[],#Coachella,#Coachella2015,#Indio,#CA,,,,,[],#Coachella,#Coachella2015,#Indio,#CA,,,,
positive,yes,Mackietweets,0,Sweet,,1/6/15 11:45,5.52551e+17,Canada,Atlantic Time (Canada),[],#Coachella2015,,,,,,,,[],#Coachella2015,,,,,,,
positive,yes,joelledixson,2,RT : May have to make my way out to Cali in April,,1/6/15 11:45,5.52551e+17,,Quito,[],#Coachella2015,,,,,,,,[],#Coachella2015,,,,,,,
positive,yes,Emmzhigh,0,Eyyyyyy I need a coachella ticket!!! Anyone with an extra lemme know _,"[34.04494263, -118.26274901]",1/6/15 11:45,5.52551e+17,,Arizona,[],#Coachella2015,,,,,,,,[],#Coachella2015,,,,,,,
positive,yes,JesssBeDope,0,", ,  , St. Vincent,  , Kieza,  .... I CANT DEAL WITH this rn _____",,1/6/15 11:44,5.52551e+17,"Oxnard, CA",Pacific Time (US & Canada),[],#Coachella2015,,,,,,,,[],#Coachella2015,,,,,,,
positive,yes,timmyran,0,Say whaaaa _?!?!,,1/6/15 11:44,5.52551e+17,,,[],#Coachella2015,,,,,,,,[],#Coachella2015,,,,,,,
positive,yes,DarlingNixxx,1,is an insane lineup. I NEED to go __,,1/6/15 11:44,5.52551e+17,,,[],#Coachella2015,,,,,,,,[],#Coachella2015,,,,,,,
positive,yes,Leylaxotillweod,0,:  Huh? ___ This will be  ______ See you there! ______,,1/6/15 11:44,5.52551e+17,,Amsterdam,[],#Coachella2015,#Epic,,,,,,,[],#Coachella2015,#Epic,,,,,,
positive,yes,saraksells,0,like its AC fucking DC...... legendary,,1/6/15 11:44,5.52551e+17,931,,[],#Coachella2015,,,,,,,,[],#Coachella2015,,,,,,,
positive,yes,cperez_05,1,"Kygo, Oliver Heldens, Porter Robinson, floss, all the edm acts are good",,1/6/15 11:44,5.52551e+17,cumming ga ,,[],#Coachella2015,,,,,,,,[],#Coachella2015,,,,,,,
positive,yes,soopersized,0,The  lineup was released today and my boyfriend is pumped for Brand New. _,,1/6/15 11:43,5.52551e+17,,Pacific Time (US & Canada),[],#Coachella2015,,,,,,,,[],#Coachella2015,,,,,,,
positive,yes,JocelynBartum,0,2015? I think yes.,,1/6/15 11:43,5.52551e+17, Wreck Em _,,[],#HereWeGo,#Coachella2015,,,,,,,[],#HereWeGo,#Coachella2015,,,,,,
positive,yes,pgunn24,0,"Bixel Boys, SBTRKT, Clean Bandit, Alt J, Ingrosso, Deorro, Kygo, RAC, Vic Mensa, DJ Snake, Alesso, Porter...._",,1/6/15 11:43,5.52551e+17,University of Arizona,Central Time (US & Canada),[],#Coachella2015,,,,,,,,[],#Coachella2015,,,,,,,
positive,yes,AdrienneBaugher,0,Steely Dan is playing  this is great,,1/6/15 11:43,5.52551e+17,Philadelphia,Atlantic Time (Canada),[],#Coachella2015,,,,,,,,[],#Coachella2015,,,,,,,
positive,yes,octobersown189,0,weeknd x drake.. might have to make this trip,,1/6/15 11:43,5.52551e+17,New Jersey,Eastern Time (US & Canada),[],#Coachella2015,#TheWeeknd,#xo,#Drake,,,,,[],#Coachella2015,#TheWeeknd,#xo,#Drake,,,,
positive,yes,andipetty,0,WHO IS COMING WITH US??,,1/6/15 11:43,5.52551e+17,Las Vegas,Pacific Time (US & Canada),[],#Coachella2015,,,,,,,,[],#Coachella2015,,,,,,,
positive,yes,noellen12,0,Caught one glimpse of the  lineup and got so excited and sad at once,,1/6/15 11:43,5.52551e+17,,Atlantic Time (Canada),[],#Coachella2015,,,,,,,,[],#Coachella2015,,,,,,,
positive,yes,itati_alcantar,0,I want to goo sooooo bad,,1/6/15 11:42,5.52551e+17,,,[],#coachella,#Coachella2015,,,,,,,[],#coachella,#Coachella2015,,,,,,
positive,yes,Taylor_DjSwitch,0,Every year when I see the  line up and realise I'm not going I get emotional.,,1/6/15 11:42,5.52551e+17,Dublin,Amsterdam,[],#Coachella,#bucketlist,#Coachella2015,,,,,,[],#Coachella,#bucketlist,#Coachella2015,,,,,
positive,yes,aliyahlanae_,1,I knew my girls would be with it! ____,,1/6/15 11:42,5.52551e+17, JAM IG: aliyahlanae ,Mountain Time (US & Canada),[],#Coachella2015,,,,,,,,[],#Coachella2015,,,,,,,
positive,yes,AKA_Alejo,0,Can I afford it? Not really. Do I want to go? Hell yeah!,,1/6/15 11:41,5.52551e+17," Los Angeles, California ",Pacific Time (US & Canada),[],#Coachella2015,,,,,,,,[],#Coachella2015,,,,,,,
positive,yes,gleaaamin,0,_ Can't wait!!!,,1/6/15 11:41,5.52551e+17,"San Diego, CA",Pacific Time (US & Canada),[],#Coachella2015,,,,,,,,[],#Coachella2015,,,,,,,
positive,yes,brasstab,0,I think I'm going to  I may not have a choice,,1/6/15 11:41,5.52551e+17,,,[],#Coachella2015,,,,,,,,[],#Coachella2015,,,,,,,
positive,yes,SimplySteph_23,0,line up is making me cry! Coachella 2016 is happening for sure!! _______,,1/6/15 11:41,5.52551e+17,,Amsterdam,[],#Coachella2015,,,,,,,,[],#Coachella2015,,,,,,,
positive,yes,VanessaNez,0,is going to be at Coachella...I MUST GO!,,1/6/15 11:40,5.5255e+17,"Topeka, KS",Central Time (US & Canada),[],#Coachella2015,,,,,,,,[],#Coachella2015,,,,,,,
positive,yes,RayOnTheHits,0,"What a lineup! The Dan returns!! : /DC, ,  among headliners",,1/6/15 11:40,5.5255e+17,"Washington, D.C.",Eastern Time (US & Canada),[],#Coachella2015,#AC,#SteelyDan,#Drake,,,,,[],#Coachella2015,#AC,#SteelyDan,#Drake,,,,
positive,yes,TatianaVonMeow,0,Yeahhh Gurl,,1/6/15 11:40,5.5255e+17,California is the place to be,Pacific Time (US & Canada),[],#Coachella2015,,,,,,,,[],#Coachella2015,,,,,,,
positive,yes,luceroo_e,0,Drake is headlining on Sunday!,,1/6/15 11:40,5.5255e+17,,,[],#Coachella2015,,,,,,,,[],#Coachella2015,,,,,,,
positive,yes,thegabriellegr,0,"Can someone pay for me a plane ticket to California  then a ticket to    ,I rly wanna go ________ (I know I'm so dreamer)",,1/6/15 11:39,5.5255e+17,,Central Time (US & Canada),[],#Coachella2015,#festival,,,,,,,[],#Coachella2015,#festival,,,,,,
positive,yes,JayUrbanLA,1,RT : __ RT : Who's responsible... ___,,1/6/15 11:39,5.5255e+17,Los Angeles,Quito,[],#Coachella2015,,,,,,,,[],#Coachella2015,,,,,,,
positive,yes,R_bltg,1,: The  lineup was just revealed! Who are you most excited about?  Wesh,,1/6/15 11:39,5.5255e+17,,Amsterdam,[],#Coachella2015,,,,,,,,[],#Coachella2015,,,,,,,
positive,yes,Bleachmyheart,0,Everytime Coachella comes around... And every time I don't possess the means to get there. It really is quite disheartening.,,1/6/15 11:39,5.5255e+17,Trapped Inside My Skull,Eastern Time (US & Canada),[],#Coachella2015,,,,,,,,[],#Coachella2015,,,,,,,
positive,yes,hoowitt,0,"What I'd give to go to  _ A kidney, take a kidney, I have two!",,1/6/15 11:39,5.5255e+17,#Thatswhatshesaid,London,[],#Coachella2015,,,,,,,,[],#Coachella2015,,,,,,,
positive,yes,BecauseImAndrew,0,Can't wait to see  at  ....fucking BAE! Take it back for us!!,,1/6/15 11:39,5.5255e+17,909/So. Cal,,[],#Coachella2015,,,,,,,,[],#Coachella2015,,,,,,,
positive,yes,fonsi_nieto,0,wow wow wow ______,,1/6/15 11:39,5.5255e+17,madrid,Madrid,[],#coachella2015,,,,,,,,[],#coachella2015,,,,,,,
positive,yes,jennaarmstrongg,0,Turn all the way up we in derrrrr,,1/6/15 11:38,5.5255e+17,,Quito,[],#coachella2015,,,,,,,,[],#coachella2015,,,,,,,
positive,yes,BlackGuyCarter,0,I WILL BE THERE,,1/6/15 11:38,5.5255e+17,,Tijuana,[],#Coachella2015,,,,,,,,[],#Coachella2015,,,,,,,
positive,yes,navsingh12,1,Last time I got excited about AC/DC was when their song was almost over and a better one was about to start.,,1/6/15 11:38,5.5255e+17,LA / Chicago / Sactown,Pacific Time (US & Canada),[],#Coachella2015,#nochella,,,,,,,[],#Coachella2015,#nochella,,,,,,
positive,yes,Cienna_Jadee,0,HERE I COME ___,,1/6/15 11:38,5.5255e+17,"Bay Area, California ",,[],#Coachella2015,,,,,,,,[],#Coachella2015,,,,,,,
positive,yes,Laura_Jessop_x,0,and  - wish I was going to,,1/6/15 11:38,5.5255e+17,London ,London,[],#jackwhite,#alabamashakes,#Coachella2015,,,,,,[],#jackwhite,#alabamashakes,#Coachella2015,,,,,
positive,yes,RozB33,1,Awe sookie!  set to perform at this year's ...Congrats chicos! __,,1/6/15 11:38,5.5255e+17,Lost in Manhattan,Eastern Time (US & Canada),[],#Coachella2015,,,,,,,,[],#Coachella2015,,,,,,,
positive,yes,juliiiastyle,0,Ah! Someone send me!,,1/6/15 11:38,5.5255e+17,,Central Time (US & Canada),[],#Coachella,#Coachella2015,,,,,,,[],#Coachella,#Coachella2015,,,,,,
positive,yes,DannySaeteurn,0,line up had me shedding tears. I'd get my EDM &amp; Rap fix so good. Ab Soul &amp; The Weeknd tho!!! __,,1/6/15 11:37,5.5255e+17,,,[],#Coachella2015,,,,,,,,[],#Coachella2015,,,,,,,
positive,yes,TDubbz_step,0,Looking at the  lineup like,,1/6/15 11:37,5.5255e+17,K C M O,,[],#Coachella2015,,,,,,,,[],#Coachella2015,,,,,,,
positive,yes,PastTenseOfHold,0,"Physically in a meeting at work, but mentally I'm at the fields in Indio",,1/6/15 11:37,5.5255e+17,,Pacific Time (US & Canada),[],#Coachella2015,,,,,,,,[],#Coachella2015,,,,,,,
positive,yes,shannonattackk,0,"Ok so I need to go to this I just dont know what day, the line ups are amazing!",,1/6/15 11:37,5.5255e+17,"Long Island, New York",Central Time (US & Canada),[],#Coachella,#Coachella2015,,,,,,,[],#Coachella,#Coachella2015,,,,,,
positive,yes,lginn,0,"Coachella 2015 line up, at first glance",,1/6/15 11:37,5.52549e+17,,Pacific Time (US & Canada),[],#coachella,#Coachella2015,,,,,,,[],#coachella,#Coachella2015,,,,,,
positive,yes,yogirllmarissa,1,RT : Flippin out cuz  will be at  ____,,1/6/15 11:37,5.52549e+17,"Corona, CA ",,[],#Coachella2015,,,,,,,,[],#Coachella2015,,,,,,,
positive,yes,kristenann_h,0,Let the   discovery begin...,,1/6/15 11:37,5.52549e+17,"los angeles, ca",Pacific Time (US & Canada),[],#Coachella2015,#music,,,,,,,[],#Coachella2015,#music,,,,,,
positive,yes,QueenBee______,1,RT : I'd go. RT : Who's responsible... ___,,1/6/15 11:37,5.52549e+17,Chasing my degree.,Alaska,[],#Coachella2015,,,,,,,,[],#Coachella2015,,,,,,,
positive,yes,vinnielopez,0,AC/DC head lining  damn I may need to go!!!,,1/6/15 11:36,5.52549e+17,Orange County,Pacific Time (US & Canada),[],#Coachella2015,#backinblack,,,,,,,[],#Coachella2015,#backinblack,,,,,,
positive,yes,Paige_LA,0,Gonna dance my ass off to  at  this year with my biffle !!!!!!,,1/6/15 11:36,5.52549e+17,Los Angeles via New Jersey,Pacific Time (US & Canada),[],#Coachella,#Coachella2015,,,,,,,[],#Coachella,#Coachella2015,,,,,,
positive,yes,NewRockHammer,0,"Literally, something for everyone and anyone this year    @ New_","[36.80887177, -119.7703958]",1/6/15 11:36,5.52549e+17,"iPhone: 35.332920,-119.076851",Pacific Time (US & Canada),[],#coachella2015,#backinblack,#lazaretto,,,,,,[],#coachella2015,#backinblack,#lazaretto,,,,,
positive,yes,kaloseid0s,0,""": Thoughts on the  line-up?  :') now I'm excited",,1/6/15 11:36,5.52549e+17,,Pacific Time (US & Canada),[],#Coachella2015,,,,,,,,[],#Coachella2015,,,,,,,
positive,yes,RihannaTaylor_,0,Really hope  is on the cards this year _,,1/6/15 11:36,5.52549e+17,,,[],#Coachella2015,,,,,,,,[],#Coachella2015,,,,,,,
positive,yes,elimapple,0,That  line-up doe _,,1/6/15 11:36,5.52549e+17,,,[],#Coachella2015,,,,,,,,[],#Coachella2015,,,,,,,
positive,yes,landeroserika,0,The lineup for  is up! OMG! I wish that I could go! __,,1/6/15 11:36,5.52549e+17,,Eastern Time (US & Canada),[],#Coachella2015,,,,,,,,[],#Coachella2015,,,,,,,
positive,yes,__monroe,1,I'd go. RT : Who's responsible... ___,,1/6/15 11:36,5.52549e+17,,Eastern Time (US & Canada),[],#Coachella2015,,,,,,,,[],#Coachella2015,,,,,,,
positive,yes,CraigRossRock95,2,"AC/DC at , Watch their career blow up, much like McCartney thanks to Kanye.",,1/6/15 11:35,5.52549e+17,"Barrie, Ont",Quito,[],#Coachella2015,,,,,,,,[],#Coachella2015,,,,,,,
positive,yes,robertosmind,0,"headlining  is just silly. The wrong environment for them, and they don't match the flow of artists at .",,1/6/15 11:34,5.52549e+17,Indianapolis,Central Time (US & Canada),[],#Coachella2015,,,,,,,,[],#Coachella2015,,,,,,,
positive,yes,Blamemarco,0,Flight booked! __,,1/6/15 11:34,5.52549e+17,The Showroom Gallery,Quito,[],#Coachella2015,,,,,,,,[],#Coachella2015,,,,,,,
positive,yes,mycatplurrs,0,Who wants to take me to  _,,1/6/15 11:34,5.52549e+17,Washington DC,,[],#Coachella2015,,,,,,,,[],#Coachella2015,,,,,,,
positive,yes,madregusss,1,RT : :   I need to go!!,,1/6/15 11:34,5.52549e+17,DMV,,[],#Coachella2015,,,,,,,,[],#Coachella2015,,,,,,,
positive,yes,Raekwon,175,You see it,,1/6/15 11:34,5.52549e+17,,Central Time (US & Canada),[],#Coachella2015,,,,,,,,[],#Coachella2015,,,,,,,
positive,yes,meganleewerner,1,: Who's responsible... ___,,1/6/15 11:33,5.52549e+17,The Ohio State University,Eastern Time (US & Canada),[],#Coachella2015,,,,,,,,[],#Coachella2015,,,,,,,
positive,yes,adotphotography,0,I'm Hyped. Whatever. Chet Faker would be worth it alone for me.,,1/6/15 11:33,5.52549e+17,"Long Beach, CA",,[],#coachella2015,,,,,,,,[],#coachella2015,,,,,,,
positive,yes,Raulislife,0,ayyy so we going to   or,,1/6/15 11:33,5.52549e+17,,,[],#Coachella2015,,,,,,,,[],#Coachella2015,,,,,,,
positive,yes,cashcamtv,0,can't wait for,,1/6/15 11:33,5.52549e+17,San Francisco,Tijuana,[],#Coachella2015,,,,,,,,[],#Coachella2015,,,,,,,
positive,yes,jessicalevay,0,Also can't believe how high up on the line up  is! So proud.,,1/6/15 11:33,5.52548e+17,"Berkeley, CA. Eugene, OR.",Pacific Time (US & Canada),[],#Coachella2015,,,,,,,,[],#Coachella2015,,,,,,,
positive,yes,ailsamcneil,0,The Coachella lineup _ oh my goddd...just everyone SOMEONE TAKE ME PLS,,1/6/15 11:33,5.52548e+17,Manchester/London,London,[],#Coachella2015,,,,,,,,[],#Coachella2015,,,,,,,
positive,yes,McKillTRILLNava,0,IMA see  at  like wtf!!!!!!!,,1/6/15 11:33,5.52548e+17,,,[],#Coachella2015,,,,,,,,[],#Coachella2015,,,,,,,
positive,yes,Push_e,1,Btw el line up esta __   _,,1/6/15 11:32,5.52548e+17,"In The Sky, Above the Clouds",Caracas,[],#Coachella2015,,,,,,,,[],#Coachella2015,,,,,,,
positive,yes,jjaassiiee,5,RT : GOING EVEN IF I HAVE TO SELL MY GRANDMA,,1/6/15 11:32,5.52548e+17,,Pacific Time (US & Canada),[],#Coachella2015,,,,,,,,[],#Coachella2015,,,,,,,
positive,yes,RappersRActors,0,I knew it. This year was definitely going to be Aubrey's year in headlining and it's gonna rule.,,1/6/15 11:32,5.52548e+17,"Not DC or ATL, but close. ",Eastern Time (US & Canada),[],#Coachella2015,,,,,,,,[],#Coachella2015,,,,,,,
positive,yes,justibaer,0,Last day is the best day,,1/6/15 11:32,5.52548e+17,,,[],#Coachella2015,,,,,,,,[],#Coachella2015,,,,,,,
positive,yes,CamilleCannon,0,at . That is all.,,1/6/15 11:31,5.52548e+17,,Pacific Time (US & Canada),[],#Drake,#Coachella2015,,,,,,,[],#Drake,#Coachella2015,,,,,,
positive,yes,sexxystephy,0,lineup is giving me life right now!!!!! ____,"[33.49433361, -111.98680122]",1/6/15 11:31,5.52548e+17,Scottsdale,Pacific Time (US & Canada),[],#coachella2015,,,,,,,,[],#coachella2015,,,,,,,
positive,yes,jjaassiiee,0,Artists for  ___ saving up now,,1/6/15 11:30,5.52548e+17,,Pacific Time (US & Canada),[],#Coachella2015,,,,,,,,[],#Coachella2015,,,,,,,
positive,yes,CHamilton_08,1,Flippin out cuz  will be at  ____,,1/6/15 11:30,5.52548e+17,,Central Time (US & Canada),[],#Coachella2015,,,,,,,,[],#Coachella2015,,,,,,,
positive,yes,brendenfroom,1,RT : how da fuck are people saying last years line up was better this  is the best line up since 2012  __ ,,1/6/15 11:30,5.52548e+17,,Arizona,[],#Coachella2015,,,,,,,,[],#Coachella2015,,,,,,,
positive,yes,tiffme_,0,Now to book our house/condo for the weekend.  ____,,1/6/15 11:30,5.52548e+17,,Alaska,[],#Coachella2015,,,,,,,,[],#Coachella2015,,,,,,,
positive,yes,baconface_,0,The Weeknd at Coachella on the Saturday... and Drake headlining the Sunday....... WHY DO I LIVE IN SCOTLAND! :(,,1/6/15 11:29,5.52548e+17,Coldstream,Amsterdam,[],#Coachella2015,#SoUnfair,,,,,,,[],#Coachella2015,#SoUnfair,,,,,,
positive,yes,dcfcdunk,0,Hoping for a     this year,,1/6/15 11:29,5.52547e+17,San Francisco,,[],#fauxchella,#Coachella2015,#sanfrancisco,#livemusic,,,,,[],#fauxchella,#Coachella2015,#sanfrancisco,#livemusic,,,,
positive,yes,MarkNav1,0,Florence and the Machine is the best live act on the Coachella lineup. Trust me.,,1/6/15 11:28,5.52547e+17,"London, UK",London,[],#Coachella2015,,,,,,,,[],#Coachella2015,,,,,,,
positive,yes,Dreenn,0,Raekwon and Ghostface Killah perform on the first day of . Thank you festival Gods.,,1/6/15 11:28,5.52547e+17, ___ _p_,Pacific Time (US & Canada),[],#Coachella2015,,,,,,,,[],#Coachella2015,,,,,,,
positive,yes,zizi_dash,0,I hope I get to go to  this yurrrrrrrrrr!! Lol Really though...would like to go :),,1/6/15 11:28,5.52547e+17,London,London,[],#coachella,#ForRul,#Coachella2015,,,,,,[],#coachella,#ForRul,#Coachella2015,,,,,
positive,yes,lexxoctopii,1,"So are we finally all over talking about daft punk playing ? Ok cool, thank you.",,1/6/15 11:27,5.52547e+17,Los Angeles,Pacific Time (US & Canada),[],#finally,#coachella2015,,,,,,,[],#finally,#coachella2015,,,,,,
positive,yes,lilmayito,0,Can't Breathe right now!!! ____      _,,1/6/15 11:27,5.52547e+17,"Santa Monica, California ",,[],#Coachella2015,#DRAKE,#DavidGuetta,#TheWeeknd,#soready,#hype,,,[],#Coachella2015,#DRAKE,#DavidGuetta,#TheWeeknd,#soready,#hype,,
positive,yes,OCSELECTHOME,2,"RT : The  lineup has been announced &amp; yes, we're currently freaking out (in a good way).",,1/6/15 11:27,5.52547e+17,Southern California,Pacific Time (US & Canada),[],#Coachella2015,,,,,,,,[],#Coachella2015,,,,,,,
positive,yes,erinmccane,2,I want to go to  _,,1/6/15 11:27,5.52547e+17,"Queensbury, New York",Eastern Time (US & Canada),[],#Coachella2015,,,,,,,,[],#Coachella2015,,,,,,,
positive,yes,miggwell,0,Everyone is going bat-shit crazy over the  lineup as if any of us can read past the first line.,"[40.81508083, -73.80766151]",1/6/15 11:27,5.52547e+17,lost in the thrill of it all,,[],#Coachella2015,#FontSizeGameTooWeak,,,,,,,[],#Coachella2015,#FontSizeGameTooWeak,,,,,,
positive,yes,heiresstoatlas,0,lineup looks crazy!! SO many bands &amp; artists we love,,1/6/15 11:27,5.52547e+17,"Los Angeles, CA",,[],#Coachella2015,,,,,,,,[],#Coachella2015,,,,,,,
positive,yes,Raulislife,0,""": What we've all been waiting for. _    Whos Going? _ To See Drake",,1/6/15 11:26,5.52547e+17,,,[],#Coachella2015,,,,,,,,[],#Coachella2015,,,,,,,
positive,yes,B_Dubb20,0,Well the wait begins week made,,1/6/15 11:26,5.52547e+17,Cali breed,Pacific Time (US & Canada),[],#Coachella2015,,,,,,,,[],#Coachella2015,,,,,,,
positive,yes,Cortez_Frias14,1,RT : super psyched for  its unbelieveable,,1/6/15 11:26,5.52547e+17,"Cathedral City,California",Arizona,[],#coachella2015,,,,,,,,[],#coachella2015,,,,,,,
positive,yes,suzykzr,0,I was wishing and hoping and thinking and GRANTED! See you at,,1/6/15 11:26,5.52547e+17,"Seattle, WA",Pacific Time (US & Canada),[],#Coachella2015,,,,,,,,[],#Coachella2015,,,,,,,
positive,yes,SexyByChoyce,0,___ FKA Twigs! So happy to be going on this trip again.   haha. ______,,1/6/15 11:25,5.52547e+17,"Lake Arrowhead, Ca",Eastern Time (US & Canada),[],#Coachella2015,#Coachella,,,,,,,[],#Coachella2015,#Coachella,,,,,,
positive,yes,WJBS_94,0,Coachella was fun last year no doubt. I won't be able to attend this year's Coachella. The lineup looks great.,,1/6/15 11:25,5.52547e+17,,Central Time (US & Canada),[],#Coachella2015,,,,,,,,[],#Coachella2015,,,,,,,
positive,yes,mackynacky,0,Got to love my  ppl.  and  headline,,1/6/15 11:25,5.52547e+17,Toronto,Central Time (US & Canada),[],#Toronto,#coachella,#Coachella2015,,,,,,[],#Toronto,#coachella,#Coachella2015,,,,,
positive,yes,HTC_Speaker,4,"... but seriously, this is just ri-dic-cu-lous",,1/6/15 11:25,5.52547e+17,"Houston, TX",,[],#Coachella2015,#Wow,,,,,,,[],#Coachella2015,#Wow,,,,,,
positive,yes,ZofiatheWitch,0,Take me to  pleaseeee!,,1/6/15 11:25,5.52546e+17,Hobbiton,Baghdad,[],#Coachella2015,,,,,,,,[],#Coachella2015,,,,,,,
positive,yes,AaronMuyChingon,1,super psyched for  its unbelieveable,,1/6/15 11:25,5.52546e+17, Cathedral City CA,Pacific Time (US & Canada),[],#coachella2015,,,,,,,,[],#coachella2015,,,,,,,
positive,yes,chelseadayanna,0,: That  lineup tho   FKA FKA!!!!!!!,,1/6/15 11:25,5.52546e+17,"Naples, Fl",Eastern Time (US & Canada),[],#Coachella2015,,,,,,,,[],#Coachella2015,,,,,,,
positive,yes,MissKubo,0,Thank the Coachella gods I have a job in which I work from a computer with Internet access,,1/6/15 11:24,5.52546e+17,,Pacific Time (US & Canada),[],#thisishappening,#Coachella2015,,,,,,,[],#thisishappening,#Coachella2015,,,,,,
positive,yes,krysta_rosee,0,: Thoughts on the  line-up?  Lemme get a ticket!?!? __,,1/6/15 11:24,5.52546e+17,,Atlantic Time (Canada),[],#Coachella2015,,,,,,,,[],#Coachella2015,,,,,,,
positive,yes,l_v_rn,0,Ready to do this shit for another year,,1/6/15 11:24,5.52546e+17,,Pacific Time (US & Canada),[],#Coachella2015,,,,,,,,[],#Coachella2015,,,,,,,
positive,yes,ayejayjay91,1,RT :  set list is out!! _______,,1/6/15 11:24,5.52546e+17,,Kabul,[],#Coachella2015,,,,,,,,[],#Coachella2015,,,,,,,
positive,yes,DjFubz,0,line up released!! I'm excited,,1/6/15 11:24,5.52546e+17,"T: -26.7258764,27.8246446",Greenland,[],#Coachella2015,,,,,,,,[],#Coachella2015,,,,,,,
positive,yes,StyleHaul,20,RT if you're ready to grab those flower crowns. ____  line-up is out!!,,1/6/15 11:23,5.52546e+17,,Eastern Time (US & Canada),[],#coachella,#Coachella2015,,,,,,,[],#coachella,#Coachella2015,,,,,,
positive,yes,ronniemanzini,1,Here's a pic of  with  tearin it up in the background at ! Cant wait for,,1/6/15 11:23,5.52546e+17,,Quito,[],#ULTRA,#Coachella2015,,,,,,,[],#ULTRA,#Coachella2015,,,,,,
positive,yes,keyanahodges,1,RT : All it's missing is a little bit of nectar,,1/6/15 11:23,5.52546e+17,snapchat| keyanahodges,Quito,[],#Coachella2015,,,,,,,,[],#Coachella2015,,,,,,,
positive,yes,_FindingNico,0,AC_DC and Bad Religion... My guitar hero dreams come true,,1/6/15 11:23,5.52546e+17, woodstock  ,Pacific Time (US & Canada),[],#coachella2015,,,,,,,,[],#coachella2015,,,,,,,
positive,yes,marissaaaxoxo_,2,I'm so fucking excited!,,1/6/15 11:22,5.52546e+17,,,[],#Coachella2015,,,,,,,,[],#Coachella2015,,,,,,,
positive,yes,Gemini_Fantasie,0,"Sun nite looks fun w/smaller acts:  (whom I want to see),  (fun  band) &amp;  ()",,1/6/15 11:22,5.52546e+17,Canada,Eastern Time (US & Canada),[],#Coachella2015,#JennyLewis,#Sloan,#Canadian,#MacDeMarco,#Canadian,,,[],#Coachella2015,#JennyLewis,#Sloan,#Canadian,#MacDeMarco,#Canadian,,
positive,yes,RoamingGnome,20,"HOW TO SEE ALL THE BANDS AT :
1. Stop obsessing about lineup
2. Start befriending tall people",,1/6/15 11:21,5.52546e+17,,Central Time (US & Canada),[],#COACHELLA2015,,,,,,,,[],#COACHELLA2015,,,,,,,
positive,yes,kheimy,0,Photo: Woohoo!!  ;)___,,1/6/15 11:21,5.52546e+17,Where I wander figuratively.,Singapore,[],#Coachella2015,,,,,,,,[],#Coachella2015,,,,,,,
positive,yes,saxxxvgd,2,RT : I need to fuck a rich woman so she can pay for me to go,,1/6/15 11:20,5.52545e+17,looking like a trap star ,Athens,[],#Coachella2015,,,,,,,,[],#Coachella2015,,,,,,,
positive,yes,bmd17,0,_ Look at this lineup!!!,,1/6/15 11:20,5.52545e+17,"LA, California/SJ, Puerto Rico",Pacific Time (US & Canada),[],#Coachella2015,,,,,,,,[],#Coachella2015,,,,,,,
positive,yes,CameronJaySmith,0,My mood when I saw the  lineup.,,1/6/15 11:19,5.52545e+17,"Santa Monica, California",Pacific Time (US & Canada),[],#Coachella2015,,,,,,,,[],#Coachella2015,,,,,,,
positive,yes,JulianVandeKamp,0,I'LL BE THERE JUST FOR YOU  _________,,1/6/15 11:19,5.52545e+17,,,[],#COACHELLA2015,,,,,,,,[],#COACHELLA2015,,,,,,,
positive,yes,DavidScho11,0,Wow Southern Californians are in for a treat!,,1/6/15 11:19,5.52545e+17,LA-London-TLV-AA,,[],#Coachella2015,,,,,,,,[],#Coachella2015,,,,,,,
positive,yes,luke_ruiz,0,"If you wanna see one of the best live shows ever, DO NOT miss  for anything.",,1/6/15 11:19,5.52545e+17,,,[],#Coachella2015,#amazing,,,,,,,[],#Coachella2015,#amazing,,,,,,
positive,yes,oliviamaria416,0,line up is beautiful __,"[29.93710797, -89.95288496]",1/6/15 11:19,5.52545e+17, i am second ,,[],#Coachella2015,,,,,,,,[],#Coachella2015,,,,,,,
positive,yes,StevenBrab,0,You had me @ Steely Dan &amp; Caribou,,1/6/15 11:19,5.52545e+17,"Dublin, Ireland",,[],#Coachella2015,,,,,,,,[],#Coachella2015,,,,,,,
positive,yes,iansuniverse,1,RT : Kinda wanna go to .,,1/6/15 11:19,5.52545e+17,where ian is,,[],#Coachella2015,,,,,,,,[],#Coachella2015,,,,,,,
positive,yes,anacanunot,2,I'm ready,,1/6/15 11:18,5.52545e+17,Cachella,Alaska,[],#Coachella2015,,,,,,,,[],#Coachella2015,,,,,,,
positive,yes,JeremyHalfbreed,2,I need to fuck a rich woman so she can pay for me to go,,1/6/15 11:18,5.52545e+17,Trinidad W.I. Marseille France,Caracas,[],#Coachella2015,,,,,,,,[],#Coachella2015,,,,,,,
positive,yes,DeevoTHEman,1,BRAND NEW!,,1/6/15 11:18,5.52545e+17,Glass case of emotion,Pacific Time (US & Canada),[],#Coachella2015,,,,,,,,[],#Coachella2015,,,,,,,
positive,yes,valvarez11,0,at ... now thats something to think about,,1/6/15 11:18,5.52545e+17,"Dallas, TX",Alaska,[],#Coachella2015,#mymaindreezy,,,,,,,[],#Coachella2015,#mymaindreezy,,,,,,
positive,yes,ohmyjrisa,1,Kinda wanna go to .,,1/6/15 11:18,5.52545e+17,The Netherlands ,Amsterdam,[],#Coachella2015,,,,,,,,[],#Coachella2015,,,,,,,
positive,yes,NickDevLV,4,Can't wait to be chillin at chella,,1/6/15 11:18,5.52545e+17,,Pacific Time (US & Canada),[],#Coachella2015,#week2,#yuma,,,,,,[],#Coachella2015,#week2,#yuma,,,,,
positive,yes,Gemini_Fantasie,0,"lineup released. Overall, I'm not excited but Sat lineup looks great! And I saw  at the  secret show!",,1/6/15 11:18,5.52545e+17,Canada,Eastern Time (US & Canada),[],#Coachella2015,#MacDeMarco,#NXNE2014,,,,,,[],#Coachella2015,#MacDeMarco,#NXNE2014,,,,,
positive,yes,deborahhxo,0,Lineup will never top last year but I'm still soooo excited to go ahhhhhhh,,1/6/15 11:18,5.52545e+17,sfc,,[],#Coachella2015,,,,,,,,[],#Coachella2015,,,,,,,
positive,yes,joshdelslay,1,RT : who's down for  ___,,1/6/15 11:17,5.52545e+17,,Arizona,[],#Coachella2015,,,,,,,,[],#Coachella2015,,,,,,,
positive,yes,krystlmlgz,2,that  line up tho,,1/6/15 11:17,5.52544e+17,wonderland.,Arizona,[],#Coachella2015,,,,,,,,[],#Coachella2015,,,,,,,
positive,yes,tiffanycanfly,0,Who else is super stoked for  ?,,1/6/15 11:17,5.52544e+17,,Pacific Time (US & Canada),[],#Coachella2015,,,,,,,,[],#Coachella2015,,,,,,,
positive,yes,alfieniall,0,: Day 3 looks the best BUT I've already seen all the good acts  1st world problems,,1/6/15 11:17,5.52544e+17,dublin 18,,[],#coachella2015,#dissapointed,,,,,,,[],#coachella2015,#dissapointed,,,,,,
positive,yes,COLEEEW0RLD,0,lineup looking ___,,1/6/15 11:16,5.52544e+17,"Allentown, PA",Quito,[],#Coachella2015,,,,,,,,[],#Coachella2015,,,,,,,
positive,yes,LexiFunk4,0,: The lineup is here!    WE HAVE TO GO,,1/6/15 11:16,5.52544e+17,,Pacific Time (US & Canada),[],#Coachella2015,,,,,,,,[],#Coachella2015,,,,,,,
positive,yes,HanzG_SF,0,here I come! Weekend 1 to be exact! Who's going? I'm excited about the line up! _,"[37.67350058, -122.48067965]",1/6/15 11:16,5.52544e+17,Where the Giants & 49ers Play,Pacific Time (US & Canada),[],#Coachella2015,,,,,,,,[],#Coachella2015,,,,,,,
positive,yes,jay_deez07,0,house music fanatics are going crazy over this coachella lineup right now.,,1/6/15 11:16,5.52544e+17,"burbank, ca ",,[],#Coachella2015,,,,,,,,[],#Coachella2015,,,,,,,
positive,yes,AlexBinczyk,0,The  line up is out of this world,"[42.27902789, -72.58869158]",1/6/15 11:16,5.52544e+17,Boston | South Hadley,Quito,[],#Coachella2015,,,,,,,,[],#Coachella2015,,,,,,,
positive,yes,anacgarcia90,0,lineup!!!! _ Can't wait!        _,,1/6/15 11:15,5.52544e+17,,,[],#Coachella2015,,,,,,,,[],#Coachella2015,,,,,,,
positive,yes,iergemrc,0,Wow Stromae a  bravo,,1/6/15 11:15,5.52544e+17,,,[],#Coachella2015,,,,,,,,[],#Coachella2015,,,,,,,
positive,yes,ImTylerYo,4,RT : The hipster in me is pleased with this lineup.,,1/6/15 11:14,5.52544e+17,Canada,Eastern Time (US & Canada),[],#Coachella2015,,,,,,,,[],#Coachella2015,,,,,,,
positive,yes,DjDoubleDs,0,For sure I'm buying myself a Sunday ticket,,1/6/15 11:14,5.52544e+17,"Los Angeles, CA",Pacific Time (US & Canada),[],#Coachella2015,,,,,,,,[],#Coachella2015,,,,,,,
positive,yes,fionxx,0,"After looking at the lineup, I can't wait until it's April",,1/6/15 11:14,5.52544e+17,,Eastern Time (US & Canada),[],#Coachella2015,,,,,,,,[],#Coachella2015,,,,,,,
positive,yes,Miguel0_0,0,I seriously need to save up for,,1/6/15 11:14,5.52544e+17,"Sturgis, Michigan",Eastern Time (US & Canada),[],#Coachella2015,,,,,,,,[],#Coachella2015,,,,,,,
positive,yes,YungConundrum,0,All my favorites are gonna be at Coachella and I ain't gonna miss that shit,,1/6/15 11:14,5.52544e+17,Los Angeles ,Pacific Time (US & Canada),[],#Coachella2015,,,,,,,,[],#Coachella2015,,,,,,,
positive,yes,Visionz03,6,I need to be there!!,,1/6/15 11:14,5.52544e+17,New York/New Jersey,Eastern Time (US & Canada),[],#Coachella2015,,,,,,,,[],#Coachella2015,,,,,,,
positive,yes,NickHam,0,I was not planning to go to  this year and was fine with it...until this lineup!!,"[37.77682885, -122.41593464]",1/6/15 11:13,5.52544e+17,the Bay,Pacific Time (US & Canada),[],#Coachella2015,,,,,,,,[],#Coachella2015,,,,,,,
positive,yes,dicegamebaby,1,Line is...alright,,1/6/15 11:13,5.52544e+17,,Pacific Time (US & Canada),[],#Coachella2015,,,,,,,,[],#Coachella2015,,,,,,,
positive,yes,AnyaChubakova,0,OMG OMGGGGG ACDC DRAKE JACK WHITE TYLER THE CREATOR LIL B OMGGGGGGGGGG  IS ON FIRE FUCK THAT I LOVE THIS FEST FOREVER,,1/6/15 11:13,5.52544e+17,why limit yourself?,Moscow,[],#Coachella2015,,,,,,,,[],#Coachella2015,,,,,,,
positive,yes,autumnday_,0,: What we've all been waiting for. _    I wanna go so bad!!!! _____,,1/6/15 11:13,5.52544e+17,Indiana State University,,[],#Coachella2015,,,,,,,,[],#Coachella2015,,,,,,,
positive,yes,ThomasJC11,0,This line up! ______________________,"[42.7246697, -83.34674904]",1/6/15 11:13,5.52543e+17,Acworth / Statesboro,Atlantic Time (Canada),[],#Coachella2015,#MustSee,,,,,,,[],#Coachella2015,#MustSee,,,,,,
positive,yes,the_GoldenOreo,0,But I'm not doing acid and selling my soul for a ticket_.,,1/6/15 11:12,5.52543e+17,"Angeles Los, Ca",Pacific Time (US & Canada),[],#Coachella2015,,,,,,,,[],#Coachella2015,,,,,,,
positive,yes,MichaelMcSport,0,"Congrats to Randy Johnson, John Smoltz, Pedro Martinez, and Craig Biggio, who will be the headliners at Coachella this year.",,1/6/15 11:12,5.52543e+17,NYC,Eastern Time (US & Canada),[],#Coachella2015,,,,,,,,[],#Coachella2015,,,,,,,
positive,yes,TrollMeProperly,0,"at Coachella? Alongside my favorite rock band ever, AC/DC? Alongside Porter Robinson and many more? YES PLEASE!",,1/6/15 11:12,5.52543e+17,,,[],#Coachella2015,,,,,,,,[],#Coachella2015,,,,,,,
positive,yes,IamKeithMajor,0,I must see  and Drake __,,1/6/15 11:12,5.52543e+17,LOS ANGELES,Atlantic Time (Canada),[],#Coachella2015,,,,,,,,[],#Coachella2015,,,,,,,
positive,yes,steph_olmanni,0,Yayyyy!! Our first snow day! Booooo  lineup is amazing.,"[0.0, 0.0]",1/6/15 11:12,5.52543e+17,"Los Angeles, CA",Pacific Time (US & Canada),[],#Coachella2015,,,,,,,,[],#Coachella2015,,,,,,,
positive,yes,claud_lizett,1,Yeah I'm going!,,1/6/15 11:11,5.52543e+17,California ,,[],#coachella2015,#coachella,,,,,,,[],#coachella2015,#coachella,,,,,,
positive,yes,weirdoharmony,5,i just wanna see the queen on coachella VANESSA HUDGENS BABY V,,1/6/15 11:11,5.52543e+17,Brazil,Buenos Aires,[],#Coachella2015,,,,,,,,[],#Coachella2015,,,,,,,
positive,yes,KamKasteIIano,0,When tickets go on sale?  : See y'all there!,,1/6/15 11:11,5.52543e+17,Views from the 7,Eastern Time (US & Canada),[],#Coachella2015,,,,,,,,[],#Coachella2015,,,,,,,
positive,yes,Mexiistache,0,: What we've all been waiting for. _    lets go,,1/6/15 11:11,5.52543e+17,"Medford, Oregon",Pacific Time (US & Canada),[],#Coachella2015,,,,,,,,[],#Coachella2015,,,,,,,
positive,yes,LosRakas,1,RT : Good look,,1/6/15 11:11,5.52543e+17,||| PANABAY |||,Pacific Time (US & Canada),[],#Coachella2015,#TeamPanama,,,,,,,[],#Coachella2015,#TeamPanama,,,,,,
positive,yes,Pradajames,0,"Watching kids trip balls watching Steely Dan is gonna be something, I'll tell ya what.",,1/6/15 11:11,5.52543e+17,Los Angeles,Pacific Time (US & Canada),[],#coachella2015,,,,,,,,[],#coachella2015,,,,,,,
positive,yes,Annabanana0160,1,It's so close I can taste it! ___,"[36.13551608, -115.24233243]",1/6/15 11:10,5.52543e+17,,Alaska,[],#Coachella2015,,,,,,,,[],#Coachella2015,,,,,,,
positive,yes,Mike_PiFF03,0,And then there's that  lineup...,,1/6/15 11:10,5.52543e+17,"Lake Zurich, IL",Central Time (US & Canada),[],#Coachella2015,,,,,,,,[],#Coachella2015,,,,,,,
positive,yes,daisygurrr,0,"TAME IMPALA, FLYLO, CASHMERE CAT, FLOSS, ODESZA, BRAND NEW, CARIBOU !!!!!! So ready",,1/6/15 11:10,5.52543e+17,,Arizona,[],#Coachella2015,,,,,,,,[],#Coachella2015,,,,,,,
positive,yes,_FindingNico,0,SO EXCITED TO GET SHITTY AND SEE DRAKE BUT NOT REMEMBER AGAIN WITH,,1/6/15 11:10,5.52543e+17, woodstock  ,Pacific Time (US & Canada),[],#Coachella2015,,,,,,,,[],#Coachella2015,,,,,,,
positive,yes,Catlovesugly,0,Well if I get to see   and  I'll be the happiest girl  _,,1/6/15 11:10,5.52543e+17,,,[],#Coachella2015,,,,,,,,[],#Coachella2015,,,,,,,
positive,yes,fmouthedfelines,0,I didn't get Coachella tickets and everyone is going but me. Fuuuuuuuuuuuuuuuuuuuuun.,,1/6/15 11:10,5.52543e+17,,,[],#Coachella2015,,,,,,,,[],#Coachella2015,,,,,,,
positive,yes,DanielleMireya,0,and I kinda freakin out,,1/6/15 11:09,5.52543e+17,,Arizona,[],#Coachella2015,,,,,,,,[],#Coachella2015,,,,,,,
positive,yes,khoaa,1,AC_DC is literally my childhood dream come true.,,1/6/15 11:09,5.52543e+17,Las Vegas,Pacific Time (US & Canada),[],#Coachella2015,,,,,,,,[],#Coachella2015,,,,,,,
positive,yes,GarSkelly,0,"Wow.

Serious lineup",,1/6/15 11:09,5.52542e+17,Dublin | Ireland,Dublin,[],#Coachella2015,,,,,,,,[],#Coachella2015,,,,,,,
positive,yes,kenjaminho,0,IT'S OUT!  coachella TOO STOKED,,1/6/15 11:09,5.52542e+17,Inviscus | ARC Records,Pacific Time (US & Canada),[],#coachella2015,,,,,,,,[],#coachella2015,,,,,,,
positive,yes,misterdisco,0,"""Hell is live performances by  and  on the same day, a couple of hours apart."" - Jean-Paul Sartre",,1/6/15 11:09,5.52542e+17,"Bushwick, Brooklyn, NY",Eastern Time (US & Canada),[],#Coachella2015,,,,,,,,[],#Coachella2015,,,,,,,
positive,yes,JayWoodley3,1,RT : So I'm dying right now. I need to go to  and see  ,,1/6/15 11:08,5.52542e+17,insta - jasonrwoodley,Casablanca,[],#Coachella2015,,,,,,,,[],#Coachella2015,,,,,,,
positive,yes,andrewjamesp_,1,RT : So happy I got my ticket presale bc that lineup.... _,,1/6/15 11:08,5.52542e+17,,Pacific Time (US & Canada),[],#coachella2015,,,,,,,,[],#coachella2015,,,,,,,
positive,yes,epick_erick,0,APRIL COME FASTER___,,1/6/15 11:08,5.52542e+17,"Los Angeles,CAEl Paso,TX",Central Time (US & Canada),[],#Coachella2015,,,,,,,,[],#Coachella2015,,,,,,,
positive,yes,AshleyNarayan,0,"The lineup is out, let the countdown begin!!!",,1/6/15 11:08,5.52542e+17,,,[],#Coachella2015,,,,,,,,[],#Coachella2015,,,,,,,
positive,yes,LaTaeviaBerry,0,"Ooh me too! Take me with you!  _"": I have to get to   this year!!!!",,1/6/15 11:08,5.52542e+17,Chicago-Nashville-Atlanta,Central Time (US & Canada),[],#Coachella2015,,,,,,,,[],#Coachella2015,,,,,,,
positive,yes,kyleemarie27,0,"Flipping my freaking sh*t over the  lineup !! _ Wondering if it was specifically curated for me, Kylee Lessard _",,1/6/15 11:07,5.52542e+17,"Los Angeles, CA",Pacific Time (US & Canada),[],#Coachella2015,,,,,,,,[],#Coachella2015,,,,,,,
positive,yes,saintsantiago,0,line up announced. Day 1 looks like fire to me!,,1/6/15 11:07,5.52542e+17,"Tree of Life, Sagittarius A* ",Pacific Time (US & Canada),[],#Coachella2015,,,,,,,,[],#Coachella2015,,,,,,,
positive,yes,Mousejunkies,0,It doesn't matter if Johnny Karate and his Magical Guitar Stick aren't playing.,,1/6/15 11:07,5.52542e+17,New Hampshire,Quito,[],#Coachella2015,#Dontforgetyourjauntyhat,#Parksandrecreation,,,,,,[],#Coachella2015,#Dontforgetyourjauntyhat,#Parksandrecreation,,,,,
positive,yes,OhFatima,1,:   I need to go!!,,1/6/15 11:07,5.52542e+17,maryland. ,Quito,[],#Coachella2015,,,,,,,,[],#Coachella2015,,,,,,,
positive,yes,chelsi96,0,Literally someone for everyone at,,1/6/15 11:06,5.52542e+17,,London,[],#Coachella2015,,,,,,,,[],#Coachella2015,,,,,,,
positive,yes,MagdaYaknowYOO,0,I just can't wait,"[52.50724756, 13.38512951]",1/6/15 11:06,5.52542e+17,BERL Air/ Kreuzberg Hills ,Greenland,[],#Coachella2015,,,,,,,,[],#Coachella2015,,,,,,,
positive,yes,DJMightyb,0,OMG!  looks NUTS for next year!! ahhhhh!,,1/6/15 11:05,5.52542e+17,,Pacific Time (US & Canada),[],#California,#coachella,#Coachella2015,#thatlineup,,,,,[],#California,#coachella,#Coachella2015,#thatlineup,,,,
positive,yes,TracyRepsMusic,0,I wanna see Steely Dan,,1/6/15 11:05,5.52541e+17,Los Angeles,Pacific Time (US & Canada),[],#Coachella2015,,,,,,,,[],#Coachella2015,,,,,,,
positive,yes,Misty_525,0,Ready for a new adventure and g00d music! Thx    (Still have 2nd weekend_,,1/6/15 11:05,5.52541e+17,The B^Y,Pacific Time (US & Canada),[],#Coachella2015,#Indio,,,,,,,[],#Coachella2015,#Indio,,,,,,
positive,yes,C2TheIsco,0,I told y'all Drake was headlining that shit,,1/6/15 11:05,5.52541e+17,California,Pacific Time (US & Canada),[],#Coachella2015,,,,,,,,[],#Coachella2015,,,,,,,
positive,yes,JVR24_,0,Time to listen to some of these up comers so I can see them live.,,1/6/15 11:05,5.52541e+17,90011,Alaska,[],#Coachella2015,,,,,,,,[],#Coachella2015,,,,,,,
positive,yes,1kandieg77,0,Finally fucken about time!       _,,1/6/15 11:04,5.52541e+17,,,[],#Coachella2015,#CoachellaLineUp,#OMFG,#CantWait,#Rage,#PLUR,#Coachella,,[],#Coachella2015,#CoachellaLineUp,#OMFG,#CantWait,#Rage,#PLUR,#Coachella,
positive,yes,RowMids,0,Fuck me the  lineup looks INSANE!! Somebody come with me!!,,1/6/15 11:04,5.52541e+17,"Souh Wes, UK",London,[],#Coachella2015,,,,,,,,[],#Coachella2015,,,,,,,
positive,yes,Kittykvshh_,1,RT : The weeknd &amp; drake? I THINK SOOOO___,,1/6/15 11:04,5.52541e+17,,,[],#Coachella2015,,,,,,,,[],#Coachella2015,,,,,,,
positive,yes,losershawtty,1,RT : : The lineup is here!   pls Allah send me,,1/6/15 11:04,5.52541e+17,SoCal,Eastern Time (US & Canada),[],#Coachella2015,,,,,,,,[],#Coachella2015,,,,,,,
positive,yes,B3steban,0,"While the rest of you are tweeting about social media stuff, I'm like OMG COACHELLA LINE-UP. ,",,1/6/15 11:04,5.52541e+17,"San Francisco, CA",Pacific Time (US & Canada),[],#Coachella2015,#coachellalineup,,,,,,,[],#Coachella2015,#coachellalineup,,,,,,
positive,yes,SirHenrythe2nd,1,: Who's responsible... ___   __,"[33.5381852, -117.16039994]",1/6/15 11:04,5.52541e+17,,Arizona,[],#Coachella2015,,,,,,,,[],#Coachella2015,,,,,,,
positive,yes,twayward,0,"At least 20 artists luv 2 C ==&gt; "": For those about to RT",,1/6/15 11:04,5.52541e+17,jersey city,Quito,[],#Coachella2015,#coachella,,,,,,,[],#Coachella2015,#coachella,,,,,,
positive,yes,mattdolloff,0,It's great to see a group of rising stars like AC/DC finally get their chance to headline a major festival! Good job,"[0.0, 0.0]",1/6/15 11:03,5.52541e+17,"Boston, MA",Eastern Time (US & Canada),[],#Coachella2015,,,,,,,,[],#Coachella2015,,,,,,,
positive,yes,allthewaymaymay,0,Someone was minding the store when they booked this lineup.,,1/6/15 11:03,5.52541e+17,"aspen, colorado",,[],#tempting,#Coachella2015,,,,,,,[],#tempting,#Coachella2015,,,,,,
positive,yes,justsophrosyne,1,THE  LINE UP ...... OH MY GOD,,1/6/15 11:03,5.52541e+17,montreal,Eastern Time (US & Canada),[],#Coachella2015,,,,,,,,[],#Coachella2015,,,,,,,
positive,yes,SINSince86,0,"Ooooh yessss! !! "": See you soon... _",,1/6/15 11:03,5.52541e+17,"Los Angeles, CA",,[],#coachella2015,,,,,,,,[],#coachella2015,,,,,,,
positive,yes,nalaknip,0,"""I enjoyed Florence and her Machine so much, I'm seeing her again next week""",,1/6/15 11:03,5.52541e+17,Middlesbrough UK ,London,[],#Coachella2015,,,,,,,,[],#Coachella2015,,,,,,,
positive,yes,vasquezerickk,1,""": It's gonna be the third time we see Drake !!  "" we turning the fuck up ___ aha",,1/6/15 11:03,5.52541e+17,,,[],#Coachella2015,,,,,,,,[],#Coachella2015,,,,,,,
positive,yes,BreezyF_babyy,0,I'm considering going into severe debt after this  lineup announcement.,"[40.75070857, -73.9818655]",1/6/15 11:02,5.52541e+17,,Quito,[],#Coachella2015,,,,,,,,[],#Coachella2015,,,,,,,
positive,yes,WhiteeGirl11,0,Omg. Day fucking made _,,1/6/15 11:02,5.52541e+17,California ,Pacific Time (US & Canada),[],#coachella2015,,,,,,,,[],#coachella2015,,,,,,,
positive,yes,AlexKaitlin,2,The Coachella lineup __,,1/6/15 11:02,5.52541e+17,,Pacific Time (US & Canada),[],#Coachella2015,,,,,,,,[],#Coachella2015,,,,,,,
positive,yes,beta_belle,0,The lineup is here and the best part is the small letters,,1/6/15 11:02,5.52541e+17,Mexico,,[],#coachella2015,#coachellalineup,#festivaljunkies,,,,,,[],#coachella2015,#coachellalineup,#festivaljunkies,,,,,
positive,yes,SayWORDJah,3,I'll go RT : Who's responsible... ___,,1/6/15 11:02,5.52541e+17,,Quito,[],#Coachella2015,,,,,,,,[],#Coachella2015,,,,,,,
positive,yes,lexza85,0,See you soon... _,,1/6/15 11:02,5.52541e+17,Beverly Hills,Pacific Time (US & Canada),[],#coachella2015,,,,,,,,[],#coachella2015,,,,,,,
positive,yes,gabitron,0,SUNDAY I'M COMING FOR YOU,,1/6/15 11:02,5.52541e+17,"Los Angeles, CA",Eastern Time (US & Canada),[],#Coachella2015,,,,,,,,[],#Coachella2015,,,,,,,
positive,yes,mersula_,0,Woke up to theeee best text message,,1/6/15 11:02,5.52541e+17,,,[],#Coachella2015,#lineup,,,,,,,[],#Coachella2015,#lineup,,,,,,
positive,yes,itisjonwilson,1,So I'm dying right now. I need to go to  and see  ,,1/6/15 11:02,5.52541e+17,South Africa,Pretoria,[],#Coachella2015,,,,,,,,[],#Coachella2015,,,,,,,
positive,yes,breenunez_,1,RT : The WEEKND is coming back______  !!!!!!!!!!,,1/6/15 11:02,5.52541e+17,Ig: _msbrianaa,Pacific Time (US & Canada),[],#Coachella2015,,,,,,,,[],#Coachella2015,,,,,,,
positive,yes,KyleJ39,0,Can't wait!    @ Coachella Palm Springs,"[34.09403659, -118.37244768]",1/6/15 11:02,5.52541e+17,"Hermosa Beach, California",Pacific Time (US & Canada),[],#Coachella,#Coachella2015,,,,,,,[],#Coachella,#Coachella2015,,,,,,
positive,yes,lovelexiy,0,: Trading a weekend 1 pass for a weekend 2 pass    _,,1/6/15 11:02,5.52541e+17,florida,Atlantic Time (Canada),[],#RT,#Coachella2015,,,,,,,[],#RT,#Coachella2015,,,,,,
positive,yes,her_names_Kat,0,somebody buy me tickets to coachella pleaseeeeeeeeeeeee,,1/6/15 11:01,5.52541e+17,Rhode Island,Central Time (US & Canada),[],#Coachella2015,,,,,,,,[],#Coachella2015,,,,,,,
positive,yes,SamerAbuT,1,-of the best times of my life. Can't wait to gather the gang &amp; do it again!,,1/6/15 11:01,5.52541e+17,"Washington, DC",,[],#Coachella2014,#Coachella2015,,,,,,,[],#Coachella2014,#Coachella2015,,,,,,
positive,yes,stylish8453,0,Whos responsible... ___   _,,1/6/15 11:01,5.52541e+17,,,[],#Coachella2015,,,,,,,,[],#Coachella2015,,,,,,,
positive,yes,ActuallyKillian,0,"line up has been released.. 
Here is exactly who I'd go see..",,1/6/15 11:01,5.52541e+17,"Dublin, Ireland",Dublin,[],#Coachella2015,,,,,,,,[],#Coachella2015,,,,,,,
positive,yes,Aphxtwinin,0,"Even if you're not going, the  lineup is a great way to discover new music!",,1/6/15 11:01,5.52541e+17,Denver/Miami,Eastern Time (US & Canada),[],#Coachella2015,#Lineup,#Coachella,,,,,,[],#Coachella2015,#Lineup,#Coachella,,,,,
positive,yes,sicklittlejag,0,"AC DC? Steely Dan? Ok, well your tweets make a lot more sense now .",,1/6/15 11:01,5.5254e+17,Portland,Pacific Time (US & Canada),[],#Coachella2015,,,,,,,,[],#Coachella2015,,,,,,,
positive,yes,diagf,1,I heard  will have hologram 2pac onstage with a lint roller to keep  sweatpants looking fresh.,,1/6/15 11:01,5.5254e+17,,Pacific Time (US & Canada),[],#Coachella2015,,,,,,,,[],#Coachella2015,,,,,,,
positive,yes,jBril3y06,0,"The Weeknd, Tyler the Creator, FKA twigs, alt-J, Steely Dan, Drake and so much more!  can't come soon enough!",,1/6/15 11:01,5.5254e+17,Austin,Mountain Time (US & Canada),[],#Coachella2015,,,,,,,,[],#Coachella2015,,,,,,,
positive,yes,reeque12,0,Anybody wanna go to  ?? I want to go so baaaaad!!!!,,1/6/15 11:01,5.5254e+17,,,[],#Coachella2015,,,,,,,,[],#Coachella2015,,,,,,,
positive,yes,tobardani94,0,It's gonna be the third time we see Drake !!,,1/6/15 11:01,5.5254e+17,,,[],#Coachella2015,,,,,,,,[],#Coachella2015,,,,,,,
positive,yes,HalfHourHits,0,The  lineup   Would be easier if they told us who ISN'T playing!,,1/6/15 11:00,5.5254e+17,Canada,,[],#Coachella2015,#edm,#edmfamily,#Festivals,,,,,[],#Coachella2015,#edm,#edmfamily,#Festivals,,,,
positive,yes,BrianLQ4,4,"New year new me is over 
Here come all the 

""Time to work on my coachella body_____  "" 
Tweets hahaha",,1/6/15 11:00,5.5254e+17,,,[],#coachella2015,,,,,,,,[],#coachella2015,,,,,,,
positive,yes,Thejasminealyce,0,lineup is out...Your move,,1/6/15 11:00,5.5254e+17,Fanbolt.com,Pacific Time (US & Canada),[],#Coachella2015,,,,,,,,[],#Coachella2015,,,,,,,
positive,yes,PetaLuaC,0,I'm so exited to see you at   _ Omg.,"[33.71834595, -116.23795901]",1/6/15 11:00,5.5254e+17,"Indio, California. ",Mountain Time (US & Canada),[],#Coachella2015,,,,,,,,[],#Coachella2015,,,,,,,
positive,yes,_PettyCrocker,1,RT : Lmao RT : We see nothing wrong with this  lineup.,,1/6/15 11:00,5.5254e+17,Jawnsey.,Eastern Time (US & Canada),[],#Coachella2015,,,,,,,,[],#Coachella2015,,,,,,,
positive,yes,Chantelrosee,0,Was having a rough morning until I saw the coachella line up. Praise the lord we've been blessed,,1/6/15 11:00,5.5254e+17,"Portland, OR",Pacific Time (US & Canada),[],#Coachella2015,,,,,,,,[],#Coachella2015,,,,,,,
positive,yes,ProfessorFox,0,WOOOOOOOOO IM GOING THE HARDEST,,1/6/15 11:00,5.5254e+17,Instagram @Fuckinrice,Central Time (US & Canada),[],#coachella,#coachella2015,,,,,,,[],#coachella,#coachella2015,,,,,,
positive,yes,Melliaa23,1,i wish i could go SOOO bad,,1/6/15 10:59,5.5254e+17,"England,Yorkshire (i'm Polish)",Amsterdam,[],#Coachella2015,,,,,,,,[],#Coachella2015,,,,,,,
positive,yes,Chantelrosee,1,"RT : Crying tears of joy, I am so excited",,1/6/15 10:59,5.5254e+17,"Portland, OR",Pacific Time (US & Canada),[],#Coachella2015,,,,,,,,[],#Coachella2015,,,,,,,
positive,yes,Justin_M_Brooks,0,": WOW there's a secret  weekend happening, too!  ____",,1/6/15 10:59,5.5254e+17,C A L I,,[],#Coachella2015,,,,,,,,[],#Coachella2015,,,,,,,
positive,yes,kungfupussy,0,"I wonder if father john misty will play hollywood forever cemetery sings for us, ? Perfect timing.",,1/6/15 10:59,5.5254e+17,Los Angeles / Melbourne,Pacific Time (US & Canada),[],#Coachella2015,,,,,,,,[],#Coachella2015,,,,,,,
positive,yes,jeb_montecillo,0,"line up, so done!!",,1/6/15 10:59,5.5254e+17,,Pacific Time (US & Canada),[],#coachella2015,,,,,,,,[],#coachella2015,,,,,,,
positive,yes,Mozbeforehoes,0,"I know I say this every year, but I love every band on the Coachella lineup!!!! can't wait",,1/6/15 10:59,5.5254e+17,,Alaska,[],#Coachella2015,,,,,,,,[],#Coachella2015,,,,,,,
positive,yes,PoundSignDead,1,Lmao RT : We see nothing wrong with this  lineup.,,1/6/15 10:59,5.5254e+17,"Product of Bronx, NY ",Eastern Time (US & Canada),[],#Coachella2015,,,,,,,,[],#Coachella2015,,,,,,,
positive,yes,mylessowhat,1,RT : The true  lineup,,1/6/15 10:58,5.5254e+17,,Atlantic Time (Canada),[],#coachella2015,,,,,,,,[],#coachella2015,,,,,,,
positive,yes,adampelaez,0,I want to personally thank you for having  play at your festival  !!!!,,1/6/15 10:58,5.5254e+17,,Pacific Time (US & Canada),[],#FitzAndTheTantrums,#coachella2015,,,,,,,[],#FitzAndTheTantrums,#coachella2015,,,,,,
positive,yes,Aleeeeyah_H,0,: Who's responsible... ___   __,,1/6/15 10:58,5.5254e+17,,Pacific Time (US & Canada),[],#Coachella2015,,,,,,,,[],#Coachella2015,,,,,,,
positive,yes,RIZO_619,0,Who's going ?? I'm going weekend 1 !!       _,"[32.79305798, -117.23917114]",1/6/15 10:58,5.5254e+17,San Diego,Pacific Time (US & Canada),[],#Coachella,#weekend1,#2015,#coachella2015,#music,#RIZO,,,[],#Coachella,#weekend1,#2015,#coachella2015,#music,#RIZO,,
positive,yes,Cosmicpowerrr,0,CANT WAIT RT: The lineup is here!,"[34.10556251, -117.64045224]",1/6/15 10:58,5.5254e+17,"crystal tokyo,california",Pacific Time (US & Canada),[],#Coachella2015,,,,,,,,[],#Coachella2015,,,,,,,
positive,yes,cantwell_chris,1,RT : THIS COACHELLA LINEUP IS INSANE!,,1/6/15 10:57,5.5254e+17,,,[],#Coachella2015,#cantwait,#bestyearever,,,,,,[],#Coachella2015,#cantwait,#bestyearever,,,,,
positive,yes,FRO__real,0,The  lineup = the reason you don't need to go to any other concert this year:,,1/6/15 10:57,5.5254e+17,"New York, NY",Eastern Time (US & Canada),[],#Coachella2015,,,,,,,,[],#Coachella2015,,,,,,,
positive,yes,mattrmeyer,0,"Alabama Shakes, alt-J &amp; Hozier are the only reasons to attend",,1/6/15 10:57,5.5254e+17,New York | NY,Eastern Time (US & Canada),[],#Coachella2015,#overrated,,,,,,,[],#Coachella2015,#overrated,,,,,,
positive,yes,TopTrendWW,0,"is now trending WorldWide, ranking",,1/6/15 10:57,5.52539e+17,,Athens,[],#Coachella2015,#5,,,,,,,[],#Coachella2015,#5,,,,,,
positive,yes,RyanStetson,1,Not sure how ACDC can headline anything outside of a frosh week at this point but otherwise a nice .,"[45.4067733, -73.65493267]",1/6/15 10:57,5.52539e+17,"Montreal via Rice Point, PEI. ",Eastern Time (US & Canada),[],#Coachella2015,,,,,,,,[],#Coachella2015,,,,,,,
positive,yes,CrusePhoto,1,"RT : Pee their pants? \,,/*  RT : For those about to RT",,1/6/15 10:56,5.52539e+17,"Vista, California",Pacific Time (US & Canada),[],#Coachella2015,,,,,,,,[],#Coachella2015,,,,,,,
positive,yes,MalibuRumBarbie,1,"Pee their pants? \,,/*  RT : For those about to RT",,1/6/15 10:56,5.52539e+17,"the show, bar, game, beach :)",Arizona,[],#Coachella2015,,,,,,,,[],#Coachella2015,,,,,,,
positive,yes,SarahSaryan,0,Coachella line up has me like ___ Ahh I wanna go!,,1/6/15 10:56,5.52539e+17,"Costa Mesa, CA",Pacific Time (US & Canada),[],#Coachella2015,,,,,,,,[],#Coachella2015,,,,,,,
positive,yes,loganbrowne19,0,: What we've all been waiting for. _      ,,1/6/15 10:56,5.52539e+17,,,[],#Coachella2015,,,,,,,,[],#Coachella2015,,,,,,,
positive,yes,sambmason,0,: What we've all been waiting for. _     _______,,1/6/15 10:55,5.52539e+17,850,,[],#Coachella2015,,,,,,,,[],#Coachella2015,,,,,,,
positive,yes,roxannertorres,1,I get this wild side from mom I see _   wuddup lets go,,1/6/15 10:55,5.52539e+17,houston. ,Central Time (US & Canada),[],#coachella2015,,,,,,,,[],#coachella2015,,,,,,,
positive,yes,_tbrownnn,0,idc how many people think this lineup sucks. IM SO EXCITED _____,,1/6/15 10:55,5.52539e+17,,Pacific Time (US & Canada),[],#coachella2015,,,,,,,,[],#coachella2015,,,,,,,
positive,yes,DONCHEADLLE,0,"I'm gonna go home, relax and look over this line up like a Barbor",,1/6/15 10:55,5.52539e+17,CanadaAlabamaCalifornia,Pacific Time (US & Canada),[],#Coachella2015,,,,,,,,[],#Coachella2015,,,,,,,
positive,yes,MurdaMacRio,1,Good look,,1/6/15 10:55,5.52539e+17,Rosecrans 2 Rio Abajo ,Alaska,[],#Coachella2015,#TeamPanama,,,,,,,[],#Coachella2015,#TeamPanama,,,,,,
positive,yes,Birdieshoots,0,Another gift from the concert gods _,,1/6/15 10:55,5.52539e+17,California Love,Pacific Time (US & Canada),[],#Coachella2015,,,,,,,,[],#Coachella2015,,,,,,,
positive,yes,fridarawr,0,2015 brah,,1/6/15 10:55,5.52539e+17,San Diego,,[],#coachella,#coachellalineup,#lineup,#nofilter,#coachella2015,,,,[],#coachella,#coachellalineup,#lineup,#nofilter,#coachella2015,,,
positive,yes,winghlau,0,Best day of the new year: Coachella lineup announcement!,,1/6/15 10:55,5.52539e+17,"Jersey City, NJ",Quito,[],#Coachella2015,,,,,,,,[],#Coachella2015,,,,,,,
positive,yes,zuellaaa,0,DID EVERYONE ELSE DROP EVERYTHING WHEN THE  LINEUP CAME OUT OR __,,1/6/15 10:55,5.52539e+17,,Arizona,[],#Coachella2015,,,,,,,,[],#Coachella2015,,,,,,,
positive,yes,Franks_in_It,0,I don't have tickets ____________,"[36.70252799, -121.61030798]",1/6/15 10:54,5.52539e+17,,Pacific Time (US & Canada),[],#Coachella2015,,,,,,,,[],#Coachella2015,,,,,,,
positive,yes,Keepfaithxo,0,: BREAKING NEWS ! The lineup for  is OUT !!!!,,1/6/15 10:54,5.52539e+17,,Eastern Time (US & Canada),[],#Coachella2015,,,,,,,,[],#Coachella2015,,,,,,,
positive,yes,celioski,0,":'( I wanna go so badly, the  Lineup is AMAZING",,1/6/15 10:54,5.52539e+17,Caracas - Venezuela,Caracas,[],#Coachella2015,,,,,,,,[],#Coachella2015,,,,,,,
positive,yes,Gett_It_Asiann,0,BRUH!!!,,1/6/15 10:54,5.52539e+17,,,[],#Coachella2015,,,,,,,,[],#Coachella2015,,,,,,,
positive,yes,ikeepsit100,0,IT'S OFFICIAL! coachella,,1/6/15 10:53,5.52539e+17,California Livin'... (-_-),Pacific Time (US & Canada),[],#Coachella2015,#Coachella,#TakeMeBackAlready,,,,,,[],#Coachella2015,#Coachella,#TakeMeBackAlready,,,,,
positive,yes,TatianaToT,0,I still want to see Richboy at Coachella and Gucci...maybe Drake will bring Gucci Mane out:-?,,1/6/15 10:53,5.52539e+17,Earth Astronaut. NY. TN. AZ.,Eastern Time (US & Canada),[],#Coachella2015,,,,,,,,[],#Coachella2015,,,,,,,
positive,yes,Kerrwolski,1,RT : Amazing line up for  I have two tickets for w/end 2 that I bought last year on pre-sale for sale. DM me ,,1/6/15 10:53,5.52539e+17,"Jozi, SA",Harare,[],#coachella2015,,,,,,,,[],#coachella2015,,,,,,,
positive,yes,aashishshah,0,dat line up tho,,1/6/15 10:53,5.52538e+17,"dallas, tx",Central Time (US & Canada),[],#Coachella2015,,,,,,,,[],#Coachella2015,,,,,,,
positive,yes,ProdByKidPrince,1,: Who's responsible... ___   imagine lmfao,,1/6/15 10:53,5.52538e+17,"Middletown, New York",Alaska,[],#Coachella2015,,,,,,,,[],#Coachella2015,,,,,,,
positive,yes,the_graae,1,RT : : The lineup is here!    FOREVER DREAMING,,1/6/15 10:53,5.52538e+17,West Virginia ,Quito,[],#Coachella2015,,,,,,,,[],#Coachella2015,,,,,,,
positive,yes,TessaOcheetos,1,"Crying tears of joy, I am so excited",,1/6/15 10:53,5.52538e+17,,Alaska,[],#Coachella2015,,,,,,,,[],#Coachella2015,,,,,,,
positive,yes,TipsyFoo,0,"Damm that line up for coachella looks like im going to see Sebastian ingrosso!!  !!!! Alesso ,",,1/6/15 10:53,5.52538e+17,,Pacific Time (US & Canada),[],#Coachella2015,,,,,,,,[],#Coachella2015,,,,,,,
positive,yes,meghansavoldy,0,: What we've all been waiting for. _    I want to go so bad __,,1/6/15 10:53,5.52538e+17,,,[],#Coachella2015,,,,,,,,[],#Coachella2015,,,,,,,
positive,yes,iDeliriousDream,0,"Twitter, tumblr &amp; instagram are going crazy about the  line up. It's freaking amazing.",,1/6/15 10:52,5.52538e+17,Disneyland,Amsterdam,[],#Coachella2015,,,,,,,,[],#Coachella2015,,,,,,,
positive,yes,Diana_Horan0987,0,: The lineup is here!   someone take me please omfg,,1/6/15 10:52,5.52538e+17,,,[],#Coachella2015,,,,,,,,[],#Coachella2015,,,,,,,
positive,yes,digitaljami,0,"Ok I take it back. The more I read the tiny print of the , there's some bands there I really love.",,1/6/15 10:52,5.52538e+17,"Los Angeles, CA",Pacific Time (US & Canada),[],#CoachellaLineup,#Coachella2015,,,,,,,[],#CoachellaLineup,#Coachella2015,,,,,,
positive,yes,kylie__clark,0,93 days until dancing in the desert!,,1/6/15 10:52,5.52538e+17,,Pacific Time (US & Canada),[],#Coachella2015,,,,,,,,[],#Coachella2015,,,,,,,
positive,yes,ellascanga,0,I WANNA SEE DRAKE @ COACHELLA,,1/6/15 10:52,5.52538e+17,,,[],#Coachella2015,,,,,,,,[],#Coachella2015,,,,,,,
positive,yes,Gabriel_Noel77,0,: What we've all been waiting for. _    quiero irrr__,,1/6/15 10:52,5.52538e+17,,,[],#Coachella2015,,,,,,,,[],#Coachella2015,,,,,,,
positive,yes,TehhTrack,8,Only person I really care about,,1/6/15 10:52,5.52538e+17,San Diego,Alaska,[],#Coachella2015,,,,,,,,[],#Coachella2015,,,,,,,
positive,yes,CarissaLynnK,0,Coachella line-up is out. It looks amazing!,,1/6/15 10:51,5.52538e+17,"Los Angeles, CA",,[],#Coachella2015,#musicmakesmehappy,,,,,,,[],#Coachella2015,#musicmakesmehappy,,,,,,
positive,yes,PerriKempner,1,Ugh. See you soon Yuma tent.,,1/6/15 10:51,5.52538e+17,"Flavortown, USA",Mountain Time (US & Canada),[],#coachella2015,,,,,,,,[],#coachella2015,,,,,,,
positive,yes,betsyeee,0,: The lineup is here!   YOYO WHO is going w me,,1/6/15 10:51,5.52538e+17,Chicago,Mountain Time (US & Canada),[],#Coachella2015,,,,,,,,[],#Coachella2015,,,,,,,
positive,yes,rochellexoxo,0,Loving the  lineup!,,1/6/15 10:51,5.52538e+17,"Hamilton, Ontario",Eastern Time (US & Canada),[],#coachella2015,#Californiaherewecome,,,,,,,[],#coachella2015,#Californiaherewecome,,,,,,
positive,yes,Mary_Guirguis,0,Coachella line up is up!!!,,1/6/15 10:51,5.52538e+17,'Merica ,,[],#Coachella2015,#LetsRage,,,,,,,[],#Coachella2015,#LetsRage,,,,,,
positive,yes,alyssssia,1,lil b at  im so proud,,1/6/15 10:51,5.52538e+17,,Central Time (US & Canada),[],#Coachella2015,,,,,,,,[],#Coachella2015,,,,,,,
positive,yes,oSoBRANDnew,0,I wish The Weeknd was on Drake's show.,,1/6/15 10:51,5.52538e+17,1970 K Street STE 514 Wash. DC,Indiana (East),[],#Coachella2015,,,,,,,,[],#Coachella2015,,,,,,,
positive,yes,OfficialRobA,0,Drake definitely has more than enough hot records for a  crowd.,,1/6/15 10:51,5.52538e+17,New Jersey/LA/ATL,,[],#Coachella2015,,,,,,,,[],#Coachella2015,,,,,,,
positive,yes,Show_Yer_Tweets,0,Guess I'll be selling my  tickets.  Not a single day I'm remotely excited about. Maybe I'm just getting old?,,1/6/15 10:50,5.52538e+17,"San Francisco, California",Pacific Time (US & Canada),[],#Coachella2015,,,,,,,,[],#Coachella2015,,,,,,,
positive,yes,sadiehelmick,1,: The lineup is here!    FOREVER DREAMING,,1/6/15 10:50,5.52538e+17,,Central Time (US & Canada),[],#Coachella2015,,,,,,,,[],#Coachella2015,,,,,,,
positive,yes,OhHeyImCort,0,"WEEKND, ALT-J, HOZIER, VANCE JOY, MARINA, MILKY CHANCE, DRAKE, FLORENCE, DAVID GUETTA, NERO  I NEED TO GO",,1/6/15 10:50,5.52538e+17,WI,Hawaii,[],#COACHELLA2015,,,,,,,,[],#COACHELLA2015,,,,,,,
positive,yes,barbarachai,1,"Oh snap.  headliners include Jack White, AC/DC, Drake:",,1/6/15 10:50,5.52538e+17,New York,Eastern Time (US & Canada),[],#Coachella2015,,,,,,,,[],#Coachella2015,,,,,,,
positive,yes,AmberGalvin,0,".'s headlining  SAY WHAT?!   
All about Steely Dan",,1/6/15 10:50,5.52538e+17," The Valley  Los Angeles, CA",Pacific Time (US & Canada),[],#MakesNoSense,#Coachella2015,,,,,,,[],#MakesNoSense,#Coachella2015,,,,,,
positive,yes,NateDubbleU,0,is coming up! Here are the artists that'll be performing....,,1/6/15 10:50,5.52538e+17,IN GOD WE TRUST,Central Time (US & Canada),[],#Coachella2015,,,,,,,,[],#Coachella2015,,,,,,,
positive,yes,RALeidner,0,"lineup announced. Commence my basic-ness about how much I can't wait for it, and to be in Cali",,1/6/15 10:50,5.52538e+17,"New York, NY",Eastern Time (US & Canada),[],#Coachella2015,,,,,,,,[],#Coachella2015,,,,,,,
positive,yes,millerforthree,3,RT : I'm weaaakkkk ___ RT : Who's responsible... ___,,1/6/15 10:50,5.52538e+17,CHICAGO,Atlantic Time (Canada),[],#Coachella2015,,,,,,,,[],#Coachella2015,,,,,,,
positive,yes,mimi_mcl0vin,1,RT : : I reallllly just need to go to Coachella  ?,,1/6/15 10:50,5.52538e+17,,Eastern Time (US & Canada),[],#Coachella2015,,,,,,,,[],#Coachella2015,,,,,,,
positive,yes,christybethxo,0,"The Coachella lineup just dropped, and it's amazing.
Holy fuck, I have to go.",,1/6/15 10:50,5.52538e+17,"Grandview, MO",Central Time (US & Canada),[],#Coachella2015,,,,,,,,[],#Coachella2015,,,,,,,
positive,yes,MAHSPACEEE,0,is in 92 days which is also about 3 Months from now!!!! &amp; I AM SO EXCITED!!!  _,,1/6/15 10:50,5.52538e+17,Land of Gods & Monsters,Pacific Time (US & Canada),[],#Coachella2015,#Lineup,,,,,,,[],#Coachella2015,#Lineup,,,,,,
positive,yes,661girlmaria,0,: Lineup is pretty solid. Gonna see my boy  for the third time ,,1/6/15 10:49,5.52538e+17,,Pacific Time (US & Canada),[],#Coachella2015,,,,,,,,[],#Coachella2015,,,,,,,
positive,yes,Sheerstomping,0,Well   would have been fun this year.... via,,1/6/15 10:49,5.52538e+17,"El Paso, TX",,[],#Coachella2015,,,,,,,,[],#Coachella2015,,,,,,,
positive,yes,Eazyyy_Dee,0,Sell y'all there __,,1/6/15 10:49,5.52538e+17,LV,Pacific Time (US & Canada),[],#Coachella2015,,,,,,,,[],#Coachella2015,,,,,,,
positive,yes,czarinas_,1,And the real countdown begins!,,1/6/15 10:49,5.52538e+17,"Honolulu, Hi",Hawaii,[],#Coachella2015,,,,,,,,[],#Coachella2015,,,,,,,
positive,yes,jazzpurist,0,Already got my tickets. Can't wait.,,1/6/15 10:49,5.52537e+17,27,Eastern Time (US & Canada),[],#Coachella2015,,,,,,,,[],#Coachella2015,,,,,,,
positive,yes,jimnastyyy,0,Yesssss my homie  is gonna be at !!!!!!,,1/6/15 10:49,5.52537e+17,,Pacific Time (US & Canada),[],#coachella2015,,,,,,,,[],#coachella2015,,,,,,,
positive,yes,MonsieurLeBlac,0,Read the fine print. Most of the bands are in the fine print.,,1/6/15 10:49,5.52537e+17,,Central Time (US & Canada),[],#Coachella2015,,,,,,,,[],#Coachella2015,,,,,,,
positive,yes,JuanWilsonGomez,0,I guess I'll post the coachella 2015 line up as well!! See y'all on April!!!! __  _,"[33.73005627, -116.35178894]",1/6/15 10:48,5.52537e+17,#EDMfam IG: raraulperez,Arizona,[],#coachella2015,,,,,,,,[],#coachella2015,,,,,,,
positive,yes,motherfvckinfox,0,Coachella lineup looks amazing as always ahhh,,1/6/15 10:48,5.52537e+17,"sleeping, hopefully ",Edinburgh,[],#Coachella2015,,,,,,,,[],#Coachella2015,,,,,,,
positive,yes,izl6,0,"Coachella  2015 Lineup: AC/DC, Drake and Jack White Headline   via",,1/6/15 10:48,5.52537e+17,Los Angeles,,[],#coachella2015,#cantwait,#coachillin,,,,,,[],#coachella2015,#cantwait,#coachillin,,,,,
positive,yes,MelissaaBecerra,0,: The lineup is here!   _____,,1/6/15 10:48,5.52537e+17,,Arizona,[],#Coachella2015,,,,,,,,[],#Coachella2015,,,,,,,
positive,yes,sydneyllaneza,1,I'm so excited _,"[33.21839203, -87.54452649]",1/6/15 10:48,5.52537e+17,University of Alabama ,Quito,[],#coachella2015,,,,,,,,[],#coachella2015,,,,,,,
positive,yes,Kittykatcox,0,Oh &amp;  &amp;  there is no way that I'm missing either of these this time,,1/6/15 10:48,5.52537e+17,,,[],#coachella2015,,,,,,,,[],#coachella2015,,,,,,,
positive,yes,trapth0t,1,Drake headlining tho,,1/6/15 10:48,5.52537e+17,,Pacific Time (US & Canada),[],#Coachella2015,,,,,,,,[],#Coachella2015,,,,,,,
positive,yes,AcauPhu,0,This Coachella lineup in pretty damn good,,1/6/15 10:48,5.52537e+17,Summoner's Rift,Central Time (US & Canada),[],#Coachella2015,,,,,,,,[],#Coachella2015,,,,,,,
positive,yes,_HMBossss,1,: Who's responsible... ___   ___,,1/6/15 10:48,5.52537e+17,810,Quito,[],#Coachella2015,,,,,,,,[],#Coachella2015,,,,,,,
positive,yes,AGood_Day,0,ACDC AT  !!,,1/6/15 10:47,5.52537e+17,Los Angeles,,[],#Coachella2015,#RockBoner,#Legends,,,,,,[],#Coachella2015,#RockBoner,#Legends,,,,,
positive,yes,Moe_Neeky,1,It's out it's out!!,,1/6/15 10:47,5.52537e+17,,,[],#Coachella2015,,,,,,,,[],#Coachella2015,,,,,,,
positive,yes,Mu_Chmr,0,"&amp;  in . I want to be there... I will, one day.   .",,1/6/15 10:47,5.52537e+17,"Toulouse, France",Paris,[],#stromae,#ACDC,#Coachella2015,#USA,#music,#California,,,[],#stromae,#ACDC,#Coachella2015,#USA,#music,#California,,
positive,yes,FranndalayBayy,3,Yeah I'm in there,,1/6/15 10:47,5.52537e+17,Constant drinking n love songs,,[],#Coachella2015,,,,,,,,[],#Coachella2015,,,,,,,
positive,yes,haileyholler,1,When you and  are going to Coachella in April.  never been more happy,,1/6/15 10:47,5.52537e+17,PNW,,[],#Coachella2015,,,,,,,,[],#Coachella2015,,,,,,,
positive,yes,OfficialSako,4,This line upppppp __,,1/6/15 10:46,5.52537e+17,LA  SD ,Pacific Time (US & Canada),[],#Coachella2015,,,,,,,,[],#Coachella2015,,,,,,,
positive,yes,aheywood96,0,:  line up announced! Who are you excited to see?!  nah,,1/6/15 10:46,5.52537e+17,,London,[],#Coachella2015,,,,,,,,[],#Coachella2015,,,,,,,
positive,yes,carternyc891,0,Yoooooo that  lineup ____________________,,1/6/15 10:46,5.52537e+17,New York City,Eastern Time (US & Canada),[],#coachella2015,,,,,,,,[],#coachella2015,,,,,,,
positive,yes,livemusicblog,1,RT : &lt;3  LINEUP:,,1/6/15 10:45,5.52537e+17,Everywhere,Pacific Time (US & Canada),[],#Coachella2015,,,,,,,,[],#Coachella2015,,,,,,,
positive,yes,Dinasamra,0,COACHELLLAAAAAA!!!!,,1/6/15 10:45,5.52536e+17,Boston,Eastern Time (US & Canada),[],#Coachella2015,,,,,,,,[],#Coachella2015,,,,,,,
positive,yes,whitneyisfierce,0,I am feeling hashtag BLESSED bc of the  lineup _____,,1/6/15 10:45,5.52536e+17,Las Vegas,Alaska,[],#Coachella2015,,,,,,,,[],#Coachella2015,,,,,,,
positive,yes,ohmanmorgan,0,Stoked on some of the  lineup; don't know a lot of the artists; but still can't wait for the overall experience!,,1/6/15 10:45,5.52536e+17,"huntington beach, CA",Pacific Time (US & Canada),[],#coachella2015,,,,,,,,[],#coachella2015,,,,,,,
positive,yes,britttsan,1,RT : This surprising day every year is like Christmas,,1/6/15 10:45,5.52536e+17,,Pacific Time (US & Canada),[],#Coachella2015,,,,,,,,[],#Coachella2015,,,,,,,
positive,yes,amorxpuro,1,RT : Sweet lordddd babyyy Jesus!,,1/6/15 10:44,5.52536e+17,AZ's chopping block ,Pacific Time (US & Canada),[],#coachella2015,,,,,,,,[],#coachella2015,,,,,,,
positive,yes,Tony_sarandos,1,all in one festival!,,1/6/15 10:44,5.52536e+17,beverly hills CA,Pacific Time (US & Canada),[],#hype,#coachella2015,,,,,,,[],#hype,#coachella2015,,,,,,
positive,yes,SINSince86,0,Beyond fucken excited! !!!,,1/6/15 10:43,5.52536e+17,"Los Angeles, CA",,[],#Coachella2015,,,,,,,,[],#Coachella2015,,,,,,,
positive,yes,THENlGHTSTALKER,0,Can't wait for  2015.,"[34.00066081, -117.90188824]",1/6/15 10:43,5.52536e+17,ALFONSO M. PHOTOGRAPHY,,[],#coachella2015,,,,,,,,[],#coachella2015,,,,,,,
positive,yes,Kfredddd,1,So happy I got my ticket presale bc that lineup.... _,,1/6/15 10:43,5.52536e+17,,Pacific Time (US & Canada),[],#coachella2015,,,,,,,,[],#coachella2015,,,,,,,
positive,yes,softshoeraps,0,Steely Dan and Lil B  can't wait. Lol,,1/6/15 10:43,5.52536e+17,City Of Angels,Eastern Time (US & Canada),[],#Coachella2015,,,,,,,,[],#Coachella2015,,,,,,,
positive,yes,lalalaellenn,0,Such a great lineup _,,1/6/15 10:43,5.52536e+17,,Pacific Time (US & Canada),[],#Coachella2015,,,,,,,,[],#Coachella2015,,,,,,,
positive,yes,TWilliamson85,3,Just got 10000x more hyped. My lord.,,1/6/15 10:43,5.52536e+17,,Pacific Time (US & Canada),[],#Coachella2015,,,,,,,,[],#Coachella2015,,,,,,,
positive,yes,MNRFlatStanley,0,The Lineup is finally here!   ________________________,,1/6/15 10:43,5.52536e+17,Orange County,Arizona,[],#coachella2015,#musicfestival,,,,,,,[],#coachella2015,#musicfestival,,,,,,
positive,yes,_iammochi,1,Sweet lordddd babyyy Jesus!,,1/6/15 10:42,5.52536e+17,this.lil.mama.is.bi-coastal.,Eastern Time (US & Canada),[],#coachella2015,,,,,,,,[],#coachella2015,,,,,,,
positive,yes,anNOTaGEE,0,"Well, well.",,1/6/15 10:42,5.52536e+17,,Pacific Time (US & Canada),[],#Coachella2015,,,,,,,,[],#Coachella2015,,,,,,,
positive,yes,Elise_Michelle,0,MADEON. ________ finally I get to see you,,1/6/15 10:42,5.52536e+17,,Arizona,[],#Coachella2015,,,,,,,,[],#Coachella2015,,,,,,,
positive,yes,DeolaCola,0,"Steely Dan, Drake, SBTRKT, Toro y Moi, AC/DC, Flying Lotus, Florence + Machine and Alabama Shakes alone got me hype.",,1/6/15 10:41,5.52535e+17,Electric Ladyland  ,Eastern Time (US & Canada),[],#Coachella2015,,,,,,,,[],#Coachella2015,,,,,,,
positive,yes,chowmaine_,1,RT : Can we just fast forward to April in the California desert on a half dozen different drugs at the best festival on earth_,,1/6/15 10:41,5.52535e+17,wessst coast baby.,Tijuana,[],,,,,,,,,[],,,,,,,,
positive,yes,RobBrigade,0,"@/poshstradamus: This line up is hella poppin Azealia Banks, FKA Twigs, Tame Impala, Flosstradamus, Circa Survive etc etc ",,1/6/15 10:41,5.52535e+17,,Eastern Time (US & Canada),[],#Coachella2015,,,,,,,,[],#Coachella2015,,,,,,,
positive,yes,MPDreamTeam,0,Drake and circa on the same day!,,1/6/15 10:40,5.52535e+17,,Pacific Time (US & Canada),[],#Coachella2015,,,,,,,,[],#Coachella2015,,,,,,,
positive,yes,JackieHisaw,0,Yessssssss. Definitely some artists I'm excited about for this year's coachella!,,1/6/15 10:40,5.52535e+17,"Burbank, CA",,[],#Coachella2015,,,,,,,,[],#Coachella2015,,,,,,,
positive,yes,torresl1,0,Line up released!!!,,1/6/15 10:40,5.52535e+17,,,[],#coachella2015,,,,,,,,[],#coachella2015,,,,,,,
positive,yes,Versxce__,2,""":  lineup is here. This finally may be there year I go. Tix on sale tomorrow.  crying",,1/6/15 10:40,5.52535e+17,Nirvana,Hawaii,[],#Coachella2015,,,,,,,,[],#Coachella2015,,,,,,,
positive,yes,ay0oc,0,Its gna be my first time this year and im super excitteeddd___,,1/6/15 10:40,5.52535e+17,"el aye , ca.",Pacific Time (US & Canada),[],#Coachella2015,,,,,,,,[],#Coachella2015,,,,,,,
positive,yes,jFonsecaMiami,0,Not bad.,,1/6/15 10:40,5.52535e+17,click:,Eastern Time (US & Canada),[],#coachella2015,,,,,,,,[],#coachella2015,,,,,,,
positive,yes,ColbyGoodjams,0,Festival season is coming! _____,,1/6/15 10:39,5.52535e+17,"Los Angeles, CA and Delaware",,[],#coachella2015,#lineup,#coachellalineup,#festivalseason,,,,,[],#coachella2015,#lineup,#coachellalineup,#festivalseason,,,,
positive,yes,car0love,1,LETS FUGGIN GO,,1/6/15 10:39,5.52535e+17,// LA // ,Pacific Time (US & Canada),[],#basicpost,#Coachella2015,#Coachellalineup,,,,,,[],#basicpost,#Coachella2015,#Coachellalineup,,,,,
positive,yes,helloitsjanice,0,IM SO READY FOR THIS _,,1/6/15 10:39,5.52535e+17,San Francisco,Pacific Time (US & Canada),[],#Coachella2015,,,,,,,,[],#Coachella2015,,,,,,,
positive,yes,chowmaine_,0,I'm so happy Flosstradmus is coming back to  _,,1/6/15 10:39,5.52535e+17,wessst coast baby.,Tijuana,[],#Coachella2015,,,,,,,,[],#Coachella2015,,,,,,,
positive,yes,kobro,0,Me when the lineup came out,,1/6/15 10:39,5.52535e+17,"Los Angeles, CA",Pacific Time (US & Canada),[],#coachella2015,,,,,,,,[],#coachella2015,,,,,,,
positive,yes,Curner_Bur,0,"I'm not crazy about the line up but I'd still be down to go. Brand new, hoizer, Nero and acdc?",,1/6/15 10:39,5.52535e+17,"Tucson,Arizona",,[],#Coachella2015,,,,,,,,[],#Coachella2015,,,,,,,
positive,yes,immabeahippo,0,THE COACHELLA LINEUP HOLy fuCK SOMEONE TAKE ME,,1/6/15 10:39,5.52535e+17,SOMERSET,London,[],#Coachella2015,,,,,,,,[],#Coachella2015,,,,,,,
positive,yes,CharlotteAukim,0,Florence and the Machine  _   __,,1/6/15 10:38,5.52535e+17,London,,[],#excited,#coachella2015,,,,,,,[],#excited,#coachella2015,,,,,,
positive,yes,sexy4yexy,0,: SHUT UP   stromae is going to be there __,,1/6/15 10:38,5.52535e+17,,Arizona,[],#Coachella2015,,,,,,,,[],#Coachella2015,,,,,,,
positive,yes,Jenn1973,0,Yes! Now I have an awesome 16th Birthday present for my daughter!,,1/6/15 10:37,5.52534e+17,"Pennsylvania, United States",Eastern Time (US & Canada),[],#Coachella2015,,,,,,,,[],#Coachella2015,,,,,,,
positive,yes,GraybieBaybie,0,I knew  would be on line up!,,1/6/15 10:37,5.52534e+17,,,[],#coachella2015,,,,,,,,[],#coachella2015,,,,,,,
positive,yes,jenniphermars,0,Can't believe all the return artists this year _,,1/6/15 10:37,5.52534e+17,,Pacific Time (US & Canada),[],#coachella2015,,,,,,,,[],#coachella2015,,,,,,,
positive,yes,___dennisss,0,"If this is the real lineup for coachella this year, I am beyond excited",,1/6/15 10:37,5.52534e+17,Los Angeles,Pacific Time (US & Canada),[],#Coachella2015,#excited,,,,,,,[],#Coachella2015,#excited,,,,,,
positive,yes,JunoCassandra,0,"Madeon, AC DC, The Weekend &amp; Kiesza  _",,1/6/15 10:36,5.52534e+17,With the boys Downtown.,,[],#Coachella2015,,,,,,,,[],#Coachella2015,,,,,,,
positive,yes,little_belguese,0,And there's so much edm this year too?! Ahhhhh im fuckin stoked,,1/6/15 10:36,5.52534e+17,a Bar out in Mars,Eastern Time (US & Canada),[],#coachella2015,,,,,,,,[],#coachella2015,,,,,,,
positive,yes,KBaumNue,0,AC/DC and Drake..Im hyped!  A curators dream festival.,,1/6/15 10:36,5.52534e+17,"T: 40.740376,-73.990098",Quito,[],#Coachella2015,,,,,,,,[],#Coachella2015,,,,,,,
positive,yes,kevinjn,0,"Better get your on fleek ethnic garb out of the steam trunk, ladies and gents.  is on its way.",,1/6/15 10:36,5.52534e+17,Writertown.,,[],#Coachella2015,,,,,,,,[],#Coachella2015,,,,,,,
positive,yes,Jen_2point_oh,0,"Weekend 2
Camping
Tickets purchased and paid off.
  here we come.",,1/6/15 10:36,5.52534e+17,San Diego,Pacific Time (US & Canada),[],#Coachella2015,,,,,,,,[],#Coachella2015,,,,,,,
positive,yes,frankthetank817,0,I'm coming for you  the lineup is ILL,,1/6/15 10:35,5.52534e+17,Life is for Living,Mountain Time (US & Canada),[],#Coachella2015,,,,,,,,[],#Coachella2015,,,,,,,
positive,yes,DjSikWithIt,0,So the  line up was revelaed.... Im a lil excited and lil unimpressed...,,1/6/15 10:35,5.52534e+17,"Los Angeles, CA",Pacific Time (US & Canada),[],#Coachella2015,,,,,,,,[],#Coachella2015,,,,,,,
positive,yes,hannahmaetion,0,Brand New at  means I am going to have a high school Hannahaissance SO HARD,,1/6/15 10:35,5.52534e+17,,Central Time (US & Canada),[],#Coachella2015,,,,,,,,[],#Coachella2015,,,,,,,
positive,yes,suzykzr,0,"Here we go,",,1/6/15 10:35,5.52534e+17,"Seattle, WA",Pacific Time (US & Canada),[],#Coachella,#Coachella2015,,,,,,,[],#Coachella,#Coachella2015,,,,,,
positive,yes,gee_thirteen,0,lineup brings tears to my eyes!!!,,1/6/15 10:35,5.52534e+17,Chicago,Central Time (US & Canada),[],#coachella2015,,,,,,,,[],#coachella2015,,,,,,,
positive,yes,msmorgsss,1,I'm coming for you champagne papi   ______,"[33.7196794, -116.39030455]",1/6/15 10:35,5.52534e+17,,,[],#Coachella2015,,,,,,,,[],#Coachella2015,,,,,,,
positive,yes,_LoveVirginia,0,Florence and the machine _ I can't wait,,1/6/15 10:35,5.52534e+17,,Pacific Time (US & Canada),[],#coachella2015,,,,,,,,[],#coachella2015,,,,,,,
positive,yes,KRIS10NAKA,0,"lineup- nothing compared to last year, but still good and still going.  starts now",,1/6/15 10:34,5.52534e+17,San Francisco,Pacific Time (US & Canada),[],#Coachella2015,#Countdown,,,,,,,[],#Coachella2015,#Countdown,,,,,,
positive,yes,lauren_michelll,0,Coachella lineup was just released I repeat Coachella lineup just announced!!! FREAKING,,1/6/15 10:34,5.52534e+17,al lae c_y,Mountain Time (US & Canada),[],#coachella2015,,,,,,,,[],#coachella2015,,,,,,,
positive,yes,jimsorock,0,This might be the best  lineup yet.,,1/6/15 10:34,5.52534e+17,"Los Angeles, CA",Pacific Time (US & Canada),[],#Coachella2015,,,,,,,,[],#Coachella2015,,,,,,,
positive,yes,CynthiaOrlando,2,RT : Nice to see our boys  rockin the  lineup! Remembering when they were at :,,1/6/15 10:34,5.52534e+17,,Pacific Time (US & Canada),[],#Coachella2015,#FreeAtNoon,,,,,,,[],#Coachella2015,#FreeAtNoon,,,,,,
positive,yes,michaelpeternel,0,It's official. It's about to go down...,,1/6/15 10:34,5.52534e+17,,Pacific Time (US & Canada),[],#Coachella2015,,,,,,,,[],#Coachella2015,,,,,,,
positive,yes,ClarissaMarieM,0,I. Can't. Wait. ____,"[33.29408804, -111.80650896]",1/6/15 10:34,5.52534e+17,Arizona ,Pacific Time (US & Canada),[],#Coachella2015,,,,,,,,[],#Coachella2015,,,,,,,
positive,yes,krissallegra,1,This surprising day every year is like Christmas,"[34.44748867, -118.49480756]",1/6/15 10:33,5.52534e+17,"Los Angeles, California",Eastern Time (US & Canada),[],#Coachella2015,,,,,,,,[],#Coachella2015,,,,,,,
positive,yes,ZEESSOU,1,Here you go. Another solid lineup courtesy of your friends at .  _,"[34.0624598, -118.35441724]",1/6/15 10:33,5.52533e+17,"iPhone: 33.978592,-117.378487",Pacific Time (US & Canada),[],#coachella2015,#coachella,,,,,,,[],#coachella2015,#coachella,,,,,,
positive,yes,lioneesssssss,2,: GOING EVEN IF I HAVE TO SELL MY GRANDMA   Tyler the creator and fka twigs ___,,1/6/15 10:33,5.52533e+17,,,[],#Coachella2015,,,,,,,,[],#Coachella2015,,,,,,,
positive,yes,MoCasualtiez818,0,Oh you know its coachella   Season ______,,1/6/15 10:33,5.52533e+17,"Newhall, CAli4nia",Pacific Time (US & Canada),[],#coachella,#Coachella2015,,,,,,,[],#coachella,#Coachella2015,,,,,,
positive,yes,HipsterPandaaa,0,Bruh!!,,1/6/15 10:33,5.52533e+17,France,Mountain Time (US & Canada),[],#Coachella2015,,,,,,,,[],#Coachella2015,,,,,,,
positive,yes,RELLISIS,0,Ugh hope I come home on time,,1/6/15 10:33,5.52533e+17,South Korea but CALI for life ,,[],#coachella,#coachella2015,,,,,,,[],#coachella,#coachella2015,,,,,,
positive,yes,SpencerRinkus,0,Interesting...,,1/6/15 10:32,5.52533e+17,"San Francisco, Calif.",Pacific Time (US & Canada),[],#Coachella2015,,,,,,,,[],#Coachella2015,,,,,,,
positive,yes,bradwingood,0,"Got my passes, WHOS COMIN WITH US?!",,1/6/15 10:32,5.52533e+17,"Los Angeles, California",Quito,[],#Coachella2015,,,,,,,,[],#Coachella2015,,,,,,,
positive,yes,TZeeky,0,We couldn't be more excited for this ridiculously amazing  lineup! Everyone get your_,,1/6/15 10:32,5.52533e+17,,Arizona,[],#coachella2015,,,,,,,,[],#coachella2015,,,,,,,
positive,yes,Tou_Shayee,0,"Drake, Tyler the creator, the weekend, lykke li, ab soul ..",,1/6/15 10:32,5.52533e+17,,Central Time (US & Canada),[],#Coachella2015,,,,,,,,[],#Coachella2015,,,,,,,
positive,yes,walkoffhbp,0,"Rae and Ghost on Friday, The Weeknd on Saturday, the rest .",,1/6/15 10:31,5.52533e+17,"Calabasas, CA",Pacific Time (US & Canada),[],#WhoCarez,#Coachella2015,,,,,,,[],#WhoCarez,#Coachella2015,,,,,,
positive,yes,TDUN1,0,Salute   _,,1/6/15 10:31,5.52533e+17,757 VA ,Eastern Time (US & Canada),[],#Coachella2015,,,,,,,,[],#Coachella2015,,,,,,,
positive,yes,JessePopez,1,Drinking and draking? For sure,,1/6/15 10:31,5.52533e+17,,America/Los_Angeles,[],#Coachella2015,,,,,,,,[],#Coachella2015,,,,,,,
positive,yes,hugov89,0,"AC/DC, Jack White, Drake, Tycho, Florence and the Machine !",,1/6/15 10:31,5.52533e+17,,Pacific Time (US & Canada),[],#Coachella2015,,,,,,,,[],#Coachella2015,,,,,,,
positive,yes,lilmayito,0,Fuck Yeah!!!! COACHELLA!!!! _________     _,,1/6/15 10:31,5.52533e+17,"Santa Monica, California ",,[],#soready,#birthdayweekend,#Coachella2015,#April,#goodtimes,,,,[],#soready,#birthdayweekend,#Coachella2015,#April,#goodtimes,,,
positive,yes,brattbrains,1,Can finally see interpol at  this time ill be able to remember it lol,,1/6/15 10:30,5.52533e+17,,Arizona,[],#Coachella2015,,,,,,,,[],#Coachella2015,,,,,,,
positive,yes,ALPHABRAV0,0,I can't wait!!!,"[46.28126632, -119.19442297]",1/6/15 10:30,5.52533e+17,"Walla Walla, WA _ W Pasco, WA",Pacific Time (US & Canada),[],#Coachella2015,,,,,,,,[],#Coachella2015,,,,,,,
positive,yes,Thrive69,0,"what a beautiful year this is going to be, amazing lineup!",,1/6/15 10:30,5.52533e+17,So Cal,Arizona,[],#Coachella2015,,,,,,,,[],#Coachella2015,,,,,,,
positive,yes,Hollywood,0,"BREAKING:
 lineup announced,  to make appearance?",,1/6/15 10:30,5.52533e+17,,Pacific Time (US & Canada),[],#Oneders,#Coachella2015,,,,,,,[],#Oneders,#Coachella2015,,,,,,
positive,yes,viley24,0,Holy Music Batman.  summi_bear summi_bear summi_bear  !!!! _____,,1/6/15 10:30,5.52533e+17,ABQ,Mountain Time (US & Canada),[],#COACHELLA2015,#WERETHERE,,,,,,,[],#COACHELLA2015,#WERETHERE,,,,,,
positive,yes,BlakeAndrue,1,"R3hab, Marina and the Diamonds, and Florence and the Machine on Sunday. I think I might die of happiness.","[33.73377991, -116.36906433]",1/6/15 10:30,5.52533e+17,PD,Pacific Time (US & Canada),[],#Coachella2015,,,,,,,,[],#Coachella2015,,,,,,,
positive,yes,Chelsi_Kunin,0,april can you get here faster?,,1/6/15 10:29,5.52532e+17,"San Diego, CA",Pacific Time (US & Canada),[],#Coachella2015,,,,,,,,[],#Coachella2015,,,,,,,
positive,yes,cv_luna,0,Woohoo!!!!! Coachella line up has been announced!!!,,1/6/15 10:28,5.52532e+17,Los Angeles,Pacific Time (US & Canada),[],#Coachella2015,#Weekend2,,,,,,,[],#Coachella2015,#Weekend2,,,,,,
positive,yes,fuckyouimcamron,0,:   if this is real i'm going,"[29.68814766, -91.26139965]",1/6/15 10:28,5.52532e+17,Louisiana ,Central Time (US & Canada),[],#Coachella2015,,,,,,,,[],#Coachella2015,,,,,,,
positive,yes,MusicMumbler,0,dang it  your lineup makes me want to go to the desert &amp; spend a lot of money I don't have.,,1/6/15 10:28,5.52532e+17,"New York, NY",Eastern Time (US & Canada),[],#Coachella2015,,,,,,,,[],#Coachella2015,,,,,,,
positive,yes,faithrosee,0,I'm probably the only person excited about Drake headlining.,,1/6/15 10:28,5.52532e+17,,,[],#coachella2015,,,,,,,,[],#coachella2015,,,,,,,
positive,yes,thekittensmile,0,Coachella 2015 lineup!!!,,1/6/15 10:28,5.52532e+17,The Orange Curtain,,[],#coachella,#coachella2015,#indio,,,,,,[],#coachella,#coachella2015,#indio,,,,,
positive,yes,Tladyxo,5,GOING EVEN IF I HAVE TO SELL MY GRANDMA,,1/6/15 10:28,5.52532e+17,Slab City,,[],#Coachella2015,,,,,,,,[],#Coachella2015,,,,,,,
positive,yes,giveittothejew,0,Decent lineup for,,1/6/15 10:27,5.52532e+17,worldwide ,Mountain Time (US & Canada),[],#Coachella2015,#coachellalineup,,,,,,,[],#Coachella2015,#coachellalineup,,,,,,
positive,yes,itsvividrew,3,Holy fucking shit. Yes _____,,1/6/15 10:27,5.52532e+17,eptx. ,Arizona,[],#Coachella2015,,,,,,,,[],#Coachella2015,,,,,,,
positive,yes,BiancaMarcus,0,"Errybody likes !!! _: ""Hipsters like AC/DC?",,1/6/15 10:27,5.52532e+17,London ON Canada #LdnOnt,Eastern Time (US & Canada),[],#Coachella2015,,,,,,,,[],#Coachella2015,,,,,,,
positive,yes,Zachgripenstraw,0,Life is good,"[0.0, 0.0]",1/6/15 10:27,5.52532e+17,"San Francisco, CA",Arizona,[],#Coachella,#Coachella2015,,,,,,,[],#Coachella,#Coachella2015,,,,,,
positive,yes,Briana_Vega4,0,"line up has me like 
____","[31.90557131, -102.33682216]",1/6/15 10:27,5.52532e+17,,,[],#Coachella2015,,,,,,,,[],#Coachella2015,,,,,,,
positive,yes,gotmeatball,0,My savings account has been waiting for this moment,,1/6/15 10:26,5.52532e+17,,Pacific Time (US & Canada),[],#Coachella2015,,,,,,,,[],#Coachella2015,,,,,,,
positive,yes,merio,1,RT :  holy shit!!!! _,,1/6/15 10:25,5.52532e+17,,Pacific Time (US & Canada),[],#coachella2015,,,,,,,,[],#coachella2015,,,,,,,
positive,yes,Twelve20Media,2,RT : Here we go!  ingrosso    @ Def Jam Recordings,,1/6/15 10:25,5.52531e+17,NYC - Global,,[],#defjam,#coachella2015,,,,,,,[],#defjam,#coachella2015,,,,,,
positive,yes,OranjPalm,0,Coachella Line up is out! See you then,,1/6/15 10:25,5.52531e+17,"Palm Springs, California",Alaska,[],#Coachella2015,,,,,,,,[],#Coachella2015,,,,,,,
positive,yes,isaiah_casillas,0,MUTHA FUCKING DRAKE!!!!   SO READY FOR MY 6TH YEAR OF COACHELLA!,,1/6/15 10:24,5.52531e+17," Indio, CA",Pacific Time (US & Canada),[],#Coachella2015,,,,,,,,[],#Coachella2015,,,,,,,
positive,yes,itsbrittbritt__,0,how very mainstream of you  !!,,1/6/15 10:23,5.52531e+17,sa,Mountain Time (US & Canada),[],#Coachella2015,,,,,,,,[],#Coachella2015,,,,,,,
positive,yes,shotsofstyle,0,Ahhhhhh the day I've been waiting for!!!! I'm dying! markymark_08  _,,1/6/15 10:23,5.52531e+17,,Eastern Time (US & Canada),[],#coachella2015,#ilovedrake,,,,,,,[],#coachella2015,#ilovedrake,,,,,,
positive,yes,thaniajusell,0,"Drake, the weeknd, kaskade, acdc______",,1/6/15 10:22,5.52531e+17,,,[],#Coachella2015,,,,,,,,[],#Coachella2015,,,,,,,
positive,yes,megan_clined,0,Can April just hurry up!? I've got some awesome people to see,,1/6/15 10:22,5.52531e+17,,Atlantic Time (Canada),[],#coachella,#coachella2015,,,,,,,[],#coachella,#coachella2015,,,,,,
positive,yes,JRtheWriter,0,The headliners are ehhhh but the overall line up is muy bueno,,1/6/15 10:22,5.52531e+17,On Your Screen,Eastern Time (US & Canada),[],#Coachella2015,,,,,,,,[],#Coachella2015,,,,,,,
positive,yes,mandalove12,0,The weeknd  _,,1/6/15 10:21,5.5253e+17,,,[],#coachella2015,,,,,,,,[],#coachella2015,,,,,,,
positive,yes,IamMissMelissa,0,wow  looks like fun! Yes everywhere!,,1/6/15 10:21,5.5253e+17,RADIOACTIVE CANADA,Central Time (US & Canada),[],#Coachella2015,,,,,,,,[],#Coachella2015,,,,,,,
positive,yes,karlihenriquez,1,Can't wait for  !!!,,1/6/15 10:21,5.5253e+17,TV Host / Radio Personality,Alaska,[],#Coachella2015,,,,,,,,[],#Coachella2015,,,,,,,
positive,yes,Jessica0805,0,Can't wait,,1/6/15 10:21,5.5253e+17,Taipei Taiwan,Taipei,[],#Coachella2015,,,,,,,,[],#Coachella2015,,,,,,,
positive,yes,TripleGoddesss,0,at  omg omg Fuck yes,,1/6/15 10:20,5.5253e+17,The Summerland,Arizona,[],#Coachella2015,,,,,,,,[],#Coachella2015,,,,,,,
positive,yes,albertzuniga24,0,ACDC!!!!,,1/6/15 10:20,5.5253e+17,,Arizona,[],#coachella2015,,,,,,,,[],#coachella2015,,,,,,,
positive,yes,suzykzr,0,Can't wait for  at !,,1/6/15 10:20,5.5253e+17,"Seattle, WA",Pacific Time (US & Canada),[],#Coachella2015,,,,,,,,[],#Coachella2015,,,,,,,
positive,yes,TripleGoddesss,0,for the win!!!!,,1/6/15 10:19,5.5253e+17,The Summerland,Arizona,[],#Coachella2015,,,,,,,,[],#Coachella2015,,,,,,,
positive,yes,KpDre_,0,Brand New!!!!!!!!!!!!!,,1/6/15 10:17,5.5253e+17,"Salinas, CA | Phoenix, AZ",Pacific Time (US & Canada),[],#coachella2015,,,,,,,,[],#coachella2015,,,,,,,
positive,yes,hillaryfoss,0,lineup comes out. Productivity in the  office goes doooooooo,,1/6/15 10:16,5.52529e+17,"Santa Barbara, CA",Pacific Time (US & Canada),[],#Coachella2015,,,,,,,,[],#Coachella2015,,,,,,,
positive,yes,djjimbojenkins,0,Drake!!!! Lil B!!!!!,,1/6/15 10:15,5.52529e+17,Los Angeles,Pacific Time (US & Canada),[],#coachella2015,,,,,,,,[],#coachella2015,,,,,,,
positive,yes,billymac_boi,0,"Drake, AC/DC, Alesso, Ab Soul, Raekwon, Ghostface Killa, and so many more! I can't wait!! What a lineup",,1/6/15 10:14,5.52529e+17,West Coast,Pacific Time (US & Canada),[],#Coachella2015,,,,,,,,[],#Coachella2015,,,,,,,
positive,yes,HI_imBrit,0,That moment the drop the line up ______________,,1/6/15 10:14,5.52529e+17,Grand Terrace,Alaska,[],#Coachella2015,,,,,,,,[],#Coachella2015,,,,,,,
positive,yes,Dinasamra,0,YESSSS  LINEUP!!! I KNEW IT WAS HAPPENING TODAY!!,,1/6/15 10:13,5.52529e+17,Boston,Eastern Time (US & Canada),[],#Coachella2015,,,,,,,,[],#Coachella2015,,,,,,,
positive,yes,mchungphoto,2,"Lineup is out!  2015: Jack White, AC/DC to headline  via",,1/6/15 10:12,5.52528e+17,"Palm Springs, CA",Alaska,[],#Coachella2015,,,,,,,,[],#Coachella2015,,,,,,,
positive,yes,TatianaToT,0,The  lineup Yass!! I may finally get to hear Connect live!!,,1/6/15 10:12,5.52528e+17,Earth Astronaut. NY. TN. AZ.,Eastern Time (US & Canada),[],#Coachella2015,,,,,,,,[],#Coachella2015,,,,,,,
positive,yes,mgblue92,0,Im so excited for the  Line up!!!!! Are you?!,,1/6/15 10:07,5.52527e+17,Dodgers Stadium /LA,Pacific Time (US & Canada),[],#Coachella2015,,,,,,,,[],#Coachella2015,,,,,,,
positive,yes,mgblue92,0,In class checking my phone to see if  posted the  line up!,,1/6/15 9:26,5.52517e+17,Dodgers Stadium /LA,Pacific Time (US & Canada),[],#Coachella2015,#hurry,,,,,,,[],#Coachella2015,#hurry,,,,,,
positive,yes,sad_endings,0,"Someone bring me to  pleeease?
Anyone feeling generous?",,1/6/15 6:45,5.52476e+17,nowhere to be found,Abu Dhabi,[],#Coachella2015,,,,,,,,[],#Coachella2015,,,,,,,
positive,yes,bsellick,0,I'll also take some ! this lovely lady knows what it's all about.,"[-34.6632866, 150.84079527]",1/6/15 4:01,5.52435e+17,kiama,Sydney,[],#Coachella2015,,,,,,,,[],#Coachella2015,,,,,,,
positive,yes,Jen_Baz,1,C'monnnnnn lineup!,,1/6/15 3:52,5.52432e+17,,Sydney,[],#coachella2015,#Impatient,,,,,,,[],#coachella2015,#Impatient,,,,,,
positive,yes,Dinasamra,0,So  released their 2015 app... Does that mean there's an announcement coming soon? MAKE MY DAY!,,1/6/15 3:47,5.52431e+17,Boston,Eastern Time (US & Canada),[],#Coachella2015,,,,,,,,[],#Coachella2015,,,,,,,
positive,yes,_moliva94,0,Just have a feeling the Coachella lineup will be released today ___,,1/6/15 1:52,5.52402e+17,San Diego,Arizona,[],#Coachella2015,#Weekend2,,,,,,,[],#Coachella2015,#Weekend2,,,,,,
positive,yes,MAHSPACEEE,0,FUUUCKKK YESSS  _____ the best freaking update there is!!!!!,,1/6/15 0:18,5.52379e+17,Land of Gods & Monsters,Pacific Time (US & Canada),[],#COACHELLA2015,,,,,,,,[],#COACHELLA2015,,,,,,,
positive,yes,Vanetorrees,1,Check ,"[29.1101074, -110.9657824]",1/5/15 23:23,5.52365e+17,"Hermosillo, Sonora",Pacific Time (US & Canada),[],#Coachella,#Coachella2015,,,,,,,[],#Coachella,#Coachella2015,,,,,,
positive,yes,nshutes31,0,". App Update  Countdown is officially on! ""Poster Announcement coming soon!"" Aka The Lineup!",,1/5/15 23:15,5.52363e+17,,Pacific Time (US & Canada),[],#Coachella2015,,,,,,,,[],#Coachella2015,,,,,,,
positive,yes,paulinamercedez,1,RT : Me and Paulina just might be doing  __,,1/5/15 22:48,5.52356e+17,805,,[],#Coachella2015,,,,,,,,[],#Coachella2015,,,,,,,
positive,yes,kennboii1,1,Me and Paulina just might be doing  __,,1/5/15 22:47,5.52356e+17,,,[],#Coachella2015,,,,,,,,[],#Coachella2015,,,,,,,
positive,yes,alexjgist,0,literally best news of the day,,1/5/15 22:03,5.52345e+17,flume_skw_paramore_keysnkrates,,[],#Coachella2015,,,,,,,,[],#Coachella2015,,,,,,,
positive,yes,Rachsib,0,Actually froffing for the Lineup!!,,1/5/15 19:21,5.52304e+17,Hobart,,[],#gimmealineup,#100days,#bringit,#visasontheready,#Coachella2015,,,,[],#gimmealineup,#100days,#bringit,#visasontheready,#Coachella2015,,,
positive,yes,BpositiveBhappy,1,RT : Hope the coachella predicted lineup this year is as accurate as possible ___,,1/5/15 16:44,5.52264e+17,Southwest Missouri,,[],#somanyartistsiloveeee,#Coachella2015,,,,,,,[],#somanyartistsiloveeee,#Coachella2015,,,,,,
neutral,yes,__Gabbyy,0,: The lineup is here!    !!!!!!,,1/7/15 15:00,5.52963e+17,,Quito,[],#Coachella2015,,,,,,,,[],#Coachella2015,,,,,,,
neutral,yes,ScottSchlatter,72,RT : What do you guys think of this years  Lineup? ________________,,1/7/15 14:56,5.52962e+17,"Lake Oswego, Oregon ",Pacific Time (US & Canada),[],#Coachella,#Coachella2015,,,,,,,[],#Coachella,#Coachella2015,,,,,,
neutral,yes,welistenhear,1,RT : so what do you really really think about the lineup for  ?  50/50? worth going?,,1/7/15 14:56,5.52962e+17,TX/NYC/CA/CO/OR/MA,Eastern Time (US & Canada),[],#Coachella2015,,,,,,,,[],#Coachella2015,,,,,,,
neutral,yes,smitharyy,0,  620 Coachella 2015 National Music Editor  Newfoundland CAN Saint John?s,,1/7/15 14:54,5.52961e+17,"Utah, States",Pacific Time (US & Canada),[],#Coachella2015,,,,,,,,[],#Coachella2015,,,,,,,
neutral,yes,EllieCromarxx,0,tickets purchased. Roll on April,,1/7/15 14:52,5.52961e+17,East London,Amsterdam,[],#Coachella2015,,,,,,,,[],#Coachella2015,,,,,,,
neutral,yes,LizbeidyMendez,0,I see you,,1/7/15 14:47,5.5296e+17,shawn & Cam's heart duuh ,,[],#Coachella2015,,,,,,,,[],#Coachella2015,,,,,,,
neutral,yes,Asssh_Nicole,0,: Officially official.   lucky you!,,1/7/15 14:47,5.5296e+17,,Quito,[],#Coachella2015,,,,,,,,[],#Coachella2015,,,,,,,
neutral,yes,brownjenjen,83,  712 Coachella 2015  Coachella 2015 makes space for rockers and ravers this year  Ohio USA Columbus,,1/7/15 14:44,5.52959e+17,"Dallas, TX",Ljubljana,[],#Coachella2015,,,,,,,,[],#Coachella2015,,,,,,,
neutral,yes,Chrissyyfitt,0,": if  made music.

LMAO I haven't laughed so hard at an article. Well done.",,1/7/15 14:43,5.52959e+17,"OC/LA, California",Pacific Time (US & Canada),[],#Coachella2015,,,,,,,,[],#Coachella2015,,,,,,,
neutral,yes,LADYTRISHAXOXO,1,Me searching craigslist and facebook pages for  tickets,,1/7/15 14:36,5.52957e+17,"BAE AREA, HELLAFORNIA",Pacific Time (US & Canada),[],#Coachella2015,,,,,,,,[],#Coachella2015,,,,,,,
neutral,yes,Mark_Attew,0,"Hollywood Forever Cemetery Sings
Father John Misty  Fear Fun on",,1/7/15 14:33,5.52956e+17,"Pasadena, CA",Pacific Time (US & Canada),[],#NowPlaying,#Spotify,#coachella2015,,,,,,[],#NowPlaying,#Spotify,#coachella2015,,,,,
neutral,yes,happiiiiiiiii,1,RT : Will exchange a Coachella Weekend 2 shuttle pass for a Weekend 2 car camping pass,,1/7/15 14:31,5.52956e+17,,,[],#coachella,#coachella2015,,,,,,,[],#coachella,#coachella2015,,,,,,
neutral,yes,thedustysoul,0,Looking for an extra car camping pass for . If anyone's got info hit me up!!,,1/7/15 14:24,5.52954e+17,,Arizona,[],#coachella2015,#Coachellatickets,#Coachella,,,,,,[],#coachella2015,#Coachellatickets,#Coachella,,,,,
neutral,yes,allison_huntley,1,Hahaha saw this too!,,1/7/15 14:18,5.52953e+17,,,[],#davidguetta,#Coachella,#Coachella2015,,,,,,[],#davidguetta,#Coachella,#Coachella2015,,,,,
neutral,yes,NickDevLV,0,Officially official.,,1/7/15 14:11,5.52951e+17,,Pacific Time (US & Canada),[],#Coachella2015,,,,,,,,[],#Coachella2015,,,,,,,
neutral,yes,elle_ferguson,9,RT : Miley will be attending Coachella 2015!__,,1/7/15 14:09,5.5295e+17,ur(anus),Central Time (US & Canada),[],#Coachella2015,,,,,,,,[],#Coachella2015,,,,,,,
neutral,yes,rnelli,0,passes sold out in mins... WTH!  @#$%^&amp;,,1/7/15 14:07,5.5295e+17,San Jose,Pacific Time (US & Canada),[],#Coachella2015,,,,,,,,[],#Coachella2015,,,,,,,
neutral,yes,LBugglin,0,Who is going to,,1/7/15 14:04,5.52949e+17,,Pacific Time (US & Canada),[],#Coachella2015,,,,,,,,[],#Coachella2015,,,,,,,
neutral,yes,Mark_Attew,0,"Decomposing
Andrea Oliva  Decomposing EP on",,1/7/15 14:03,5.52949e+17,"Pasadena, CA",Pacific Time (US & Canada),[],#NowPlaying,#Spotify,#coachella2015,,,,,,[],#NowPlaying,#Spotify,#coachella2015,,,,,
neutral,yes,nicholasrfranco,0,because  and .,,1/7/15 14:01,5.52948e+17,"San Diego, CA, USA",Pacific Time (US & Canada),[],#Coachella2015,,,,,,,,[],#Coachella2015,,,,,,,
neutral,yes,MollyMF,0,"Looking for coachella tickets for under 500, help a girl out! _",,1/7/15 14:00,5.52948e+17,,Pacific Time (US & Canada),[],#Coachella2015,#help,#getcoachellatickets,#willdrive,,,,,[],#Coachella2015,#help,#getcoachellatickets,#willdrive,,,,
neutral,yes,Director_Rob,11,RT : Check out how social media reacted to  tickets selling out in less than 40 minutes,,1/7/15 13:56,5.52947e+17,Palm Springs,,[],#Coachella2015,,,,,,,,[],#Coachella2015,,,,,,,
neutral,yes,MaxG718,1,the LATEST  lineup is too poppin',"[0.0, 0.0]",1/7/15 13:53,5.52946e+17,queens.ny,Eastern Time (US & Canada),[],#Coachella2015,,,,,,,,[],#Coachella2015,,,,,,,
neutral,yes,BenjaminSimons,0,Damn had 4 devices up to try and get  tickets and that shit still failed,,1/7/15 13:52,5.52946e+17,IV,Pacific Time (US & Canada),[],#Coachella2015,,,,,,,,[],#Coachella2015,,,,,,,
neutral,yes,LANGMarMendoza,1,"You've been quoted in my  story "" tickets sold out""",,1/7/15 13:51,5.52946e+17,"Los Angeles, Calif.",Hawaii,[],#Storify,#Coachella2015,,,,,,,[],#Storify,#Coachella2015,,,,,,
neutral,yes,LANGMarMendoza,0,"You've been quoted in my  story "" tickets sold out""",,1/7/15 13:51,5.52946e+17,"Los Angeles, Calif.",Hawaii,[],#Storify,#Coachella2015,,,,,,,[],#Storify,#Coachella2015,,,,,,
neutral,yes,khrossi,0,FOR SALE: Weekend One Travel Pak 4 people at La Quinta,,1/7/15 13:47,5.52945e+17,,Pacific Time (US & Canada),[],#Coachella,#Coachella2015,#CoachellaTravelPackage,,,,,,[],#Coachella,#Coachella2015,#CoachellaTravelPackage,,,,,
neutral,yes,MyDesert,33,"passes may be sold out, but locals will have a 2nd chance to get tickets",,1/7/15 13:45,5.52944e+17,"Palm Springs, California",Pacific Time (US & Canada),[],#Coachella2015,,,,,,,,[],#Coachella2015,,,,,,,
neutral,yes,DesertSun_Music,0,"passes may be sold out, but locals will have a 2nd chance to get tickets",,1/7/15 13:45,5.52944e+17,"Palm Springs, California",Arizona,[],#Coachella2015,,,,,,,,[],#Coachella2015,,,,,,,
neutral,yes,sleazystfn,1,Guess is who is gonna wiggle wiggle at coachella!,,1/7/15 13:43,5.52944e+17,los angelas,Pacific Time (US & Canada),[],#Coachella2015,#Coachella,#kpop,#hellovenus,,,,,[],#Coachella2015,#Coachella,#kpop,#hellovenus,,,,
neutral,yes,amazingcrystall,0,My perfect Coachella line up!,,1/7/15 13:38,5.52942e+17,,,[],#FifthHarmony,#Coachella,#Coachella2015,,,,,,[],#FifthHarmony,#Coachella,#Coachella2015,,,,,
neutral,yes,kristinchan_,0,I guess I'm stepping out of my granny pants and putting flowers in my hair.,,1/7/15 13:37,5.52942e+17,San Francisco,Tijuana,[],#coachella2015,,,,,,,,[],#coachella2015,,,,,,,
neutral,yes,GDavis08,0,ACDC is still going?,,1/7/15 13:37,5.52942e+17,NYC,Eastern Time (US & Canada),[],#Coachella2015,,,,,,,,[],#Coachella2015,,,,,,,
neutral,yes,JiggyCray,0,I'm going to Coachella,,1/7/15 13:37,5.52942e+17,California ,Arizona,[],#Coachella2015,,,,,,,,[],#Coachella2015,,,,,,,
neutral,yes,adlrys,0,It's that time of year again,,1/7/15 13:37,5.52942e+17,MNL,Singapore,[],#Coachella2015,,,,,,,,[],#Coachella2015,,,,,,,
neutral,yes,BBerkenstadt,2,"RT : Did you get your  tickets? If not, here's probably why:    htt_",,1/7/15 13:35,5.52942e+17,,Arizona,[],#Coachella2015,,,,,,,,[],#Coachella2015,,,,,,,
neutral,yes,booyouwhores,4,so yeah Im looking for a weekend 1 coachella ticket! please RT to help me find one thanks,,1/7/15 13:32,5.52941e+17,Djibouti,Eastern Time (US & Canada),[],#Coachella2015,#coachellaforsale,#coachella,,,,,,[],#Coachella2015,#coachellaforsale,#coachella,,,,,
neutral,yes,Anthony9er,0,"have fun for me, okay punk? ___",,1/7/15 13:30,5.5294e+17,"Los Angeles, CA",,[],#Coachella2015,,,,,,,,[],#Coachella2015,,,,,,,
neutral,yes,TheCananTasci,2,Tried &amp; failed at getting  tickets? Want to comment on the festival selling out so quickly? Contact  909-483-8549,,1/7/15 13:26,5.52939e+17,,Pacific Time (US & Canada),[],#Coachella2015,,,,,,,,[],#Coachella2015,,,,,,,
neutral,yes,allison_huntley,1,"Okay, here I fixed it",,1/7/15 13:25,5.52939e+17,,,[],#FifthHarmony,#Coachella,#Coachella2015,,,,,,[],#FifthHarmony,#Coachella,#Coachella2015,,,,,
neutral,yes,Akwasi,0,- And so it begins...,,1/7/15 13:25,5.52939e+17,London,London,[],#COACHELLA2015,,,,,,,,[],#COACHELLA2015,,,,,,,
neutral,yes,maddyquestions,1,RT : We out here,,1/7/15 13:20,5.52938e+17,,Alaska,[],#Coachella2015,,,,,,,,[],#Coachella2015,,,,,,,
neutral,yes,AdrianneViz,0,So  sold out real quick like real quick __,,1/7/15 13:17,5.52937e+17,,,[],#Coachella2015,,,,,,,,[],#Coachella2015,,,,,,,
neutral,yes,_omarcitooo,0,: . festival passes sell out in 38 minutes   kms,,1/7/15 13:16,5.52937e+17,"Los Angeles, CA",Arizona,[],#Coachella2015,,,,,,,,[],#Coachella2015,,,,,,,
neutral,yes,FieldsofCream,0,That's what  is for _     _______,,1/7/15 13:13,5.52936e+17,Southern California  PISCES ,Pacific Time (US & Canada),[],#AXStv,#Coachella2015,#Coachella,,,,,,[],#AXStv,#Coachella2015,#Coachella,,,,,
neutral,yes,sarah_dreier,1,"RT : :   HELP MY BOO! Sell her weekend 1 coachella ticket, she has watermelon_",,1/7/15 13:12,5.52936e+17,,,[],#Coachella2015,#coachellatickets,,,,,,,[],#Coachella2015,#coachellatickets,,,,,,
neutral,yes,1tsmejp,0,salty  status,,1/7/15 13:12,5.52936e+17,North Jersey,Eastern Time (US & Canada),[],#coachella2015,,,,,,,,[],#coachella2015,,,,,,,
neutral,yes,vanessafranko,3,Passes for  sold out in less than 40 minutes.,,1/7/15 13:08,5.52935e+17,"Riverside, CA",Pacific Time (US & Canada),[],#Coachella2015,,,,,,,,[],#Coachella2015,,,,,,,
neutral,yes,rainesallnight,1,So who wants to buy a fucking shuttle pass.,,1/7/15 13:06,5.52934e+17,,Pacific Time (US & Canada),[],#Coachella2015,,,,,,,,[],#Coachella2015,,,,,,,
neutral,yes,SekKayla,175,RT : You see it,,1/7/15 13:05,5.52934e+17,,,[],#Coachella2015,,,,,,,,[],#Coachella2015,,,,,,,
neutral,yes,Its_Aubvious,0,"RIP in peace, little bank account.",,1/7/15 13:05,5.52934e+17,Los Angeles,Central Time (US & Canada),[],#Coachella2015,,,,,,,,[],#Coachella2015,,,,,,,
neutral,yes,KekeMonsterr,1,RT : : . festival passes sell out in 38 minutes   _,,1/7/15 13:05,5.52934e+17,,Quito,[],#Coachella2015,,,,,,,,[],#Coachella2015,,,,,,,
neutral,yes,eleven_eleven91,0,The only good thing about the  lineup that will be worth seeing is Jack White.,,1/7/15 13:04,5.52934e+17,Kansas,,[],#Coachella2015,,,,,,,,[],#Coachella2015,,,,,,,
neutral,yes,OneofThaBoys,1,: . festival passes sell out in 38 minutes   _,,1/7/15 13:03,5.52934e+17,where the wild things are.,Central Time (US & Canada),[],#Coachella2015,,,,,,,,[],#Coachella2015,,,,,,,
neutral,yes,silvitaa__,0,I've been on the searching for tickets page for a whole hour :-/,,1/7/15 13:02,5.52933e+17,,Arizona,[],#Coachella2015,,,,,,,,[],#Coachella2015,,,,,,,
neutral,yes,ChuckGreenman,2,"Did you get your  tickets? If not, here's probably why:",,1/7/15 13:02,5.52933e+17,Los Angeles,,[],#Coachella2015,,,,,,,,[],#Coachella2015,,,,,,,
neutral,yes,Samanthuuh_,0,: . festival passes sell out in 38 minutes   lol,,1/7/15 13:01,5.52933e+17,you're loved,Pacific Time (US & Canada),[],#Coachella2015,,,,,,,,[],#Coachella2015,,,,,,,
neutral,yes,LauRAWRx,0,Obligatory coachella post _ Who's going weekend 1?!,,1/7/15 12:59,5.52933e+17,"Los Angeles, CA",Pacific Time (US & Canada),[],#coachella,#coachella2015,,,,,,,[],#coachella,#coachella2015,,,,,,
neutral,yes,the_sly_virus,0,Was it record time for  to sell out? I don't think so but pretty damn close.,,1/7/15 12:58,5.52932e+17,"Squampton, BC. Canada",Pacific Time (US & Canada),[],#Coachella2015,,,,,,,,[],#Coachella2015,,,,,,,
neutral,yes,mimi3000,0,Damn that was quick.,,1/7/15 12:58,5.52932e+17,Where u should be... HNL ,Hawaii,[],#coachella,#Coachella2015,#Coachellatickets,,,,,,[],#coachella,#Coachella2015,#Coachellatickets,,,,,
neutral,yes,IeshaJenee,1,I'm not going to Vegas on Friday__but I'll be in Cali for,,1/7/15 12:57,5.52932e+17,Bermuda Triangle,Atlantic Time (Canada),[],#Coachella2015,,,,,,,,[],#Coachella2015,,,,,,,
neutral,yes,JaretPrahl,0,Best text to get from my dad see you at,,1/7/15 12:57,5.52932e+17,,,[],#Coachella2015,,,,,,,,[],#Coachella2015,,,,,,,
neutral,yes,TylerMNorton,0,Looking for a W1 Car Camping Spot!,,1/7/15 12:55,5.52932e+17,Dallas,Eastern Time (US & Canada),[],#Coachella,#Coachella2015,,,,,,,[],#Coachella,#Coachella2015,,,,,,
neutral,yes,SUmanzio,0,People! Always go with the Presales!,,1/7/15 12:54,5.52931e+17,,,[],#Coachella2015,,,,,,,,[],#Coachella2015,,,,,,,
neutral,yes,FlasheJordan,0,tryna perform at,,1/7/15 12:52,5.52931e+17,Texas/Los Angeles + VANS Model,,[],#FlasheJordan,#Coachella2015,,,,,,,[],#FlasheJordan,#Coachella2015,,,,,,
neutral,yes,BigPapiEddie,1,RT : When weekend 1 is sold out,,1/7/15 12:52,5.52931e+17,California,Arizona,[],#Coachella2015,,,,,,,,[],#Coachella2015,,,,,,,
neutral,yes,TheCananTasci,2,FYI via  as of 12:40 p.m. both weekends of  passes sold out,,1/7/15 12:50,5.5293e+17,,Pacific Time (US & Canada),[],#Coachella2015,,,,,,,,[],#Coachella2015,,,,,,,
neutral,yes,LilTifff,1,"Soo, who got their Coachella pass??!
_______",,1/7/15 12:50,5.5293e+17,In My Zone _,Alaska,[],#Coachella2015,,,,,,,,[],#Coachella2015,,,,,,,
neutral,yes,iknowleslie,1,"RT :  is ON SALE NOW! Travel Packages, Shuttles, Safari Tents &amp; Platinum Estates are available",,1/7/15 12:46,5.52929e+17,H-Town or A baby ,Pacific Time (US & Canada),[],#Coachella2015,,,,,,,,[],#Coachella2015,,,,,,,
neutral,yes,InfiniteMoni,0,Anybody interested in two  tickets DM! Weekend 2 with a shuttle pass!,,1/7/15 12:45,5.52929e+17,in Wales with Bale,Pacific Time (US & Canada),[],#Coachella2015,#coachella,#Tickets,,,,,,[],#Coachella2015,#coachella,#Tickets,,,,,
neutral,yes,louis_louis20,0,Bout to grind hard to get on the  snapchat story ___,,1/7/15 12:44,5.52929e+17,on the hogwarts express ,Quito,[],#Coachella2015,,,,,,,,[],#Coachella2015,,,,,,,
neutral,yes,blankstare_bear,0,Take a look at the  line up for 2015,,1/7/15 12:44,5.52929e+17,,,[],#Coachella,#coachella2015,,,,,,,[],#Coachella,#coachella2015,,,,,,
neutral,yes,DJSRSLY,0,lineup already stunting on,,1/7/15 12:44,5.52929e+17,Los Angeles,Pacific Time (US & Canada),[],#GovBall2015,#Coachella2015,,,,,,,[],#GovBall2015,#Coachella2015,,,,,,
neutral,yes,KatCorbett,6,Did you buy your  tix? Which bands do you want to see the most?  cc:,,1/7/15 12:43,5.52929e+17,Los Angeles,Pacific Time (US & Canada),[],#Coachella2015,,,,,,,,[],#Coachella2015,,,,,,,
neutral,yes,JournaLiset,3,RT : Here comes Coachella! Relive 2014's Weekend 1 here: Photos:    _,,1/7/15 12:43,5.52929e+17,"Ontario, California",Pacific Time (US & Canada),[],#Coachella2015,,,,,,,,[],#Coachella2015,,,,,,,
neutral,yes,allanaguti,8,RT : The only  article u need : No. No. No. Nope. No. No way. Nochella  ,,1/7/15 12:43,5.52928e+17,phoenix,Arizona,[],#Coachella2015,,,,,,,,[],#Coachella2015,,,,,,,
neutral,yes,ZachStillFresh,1,RT : My totem for when  headlines,,1/7/15 12:39,5.52928e+17,Southern California,Pacific Time (US & Canada),[],#Coachella2015,,,,,,,,[],#Coachella2015,,,,,,,
neutral,yes,brownjenjen,71,California USA Corona    135 Coachella 2015 makes space for rockers and ravers this year Coachella 2015,,1/7/15 12:38,5.52927e+17,"Dallas, TX",Ljubljana,[],#Coachella2015,,,,,,,,[],#Coachella2015,,,,,,,
neutral,yes,livelyluckyliz,0,My heart just sank __,,1/7/15 12:37,5.52927e+17,,Pacific Time (US & Canada),[],#Coachella2015,#soldout,,,,,,,[],#Coachella2015,#soldout,,,,,,
neutral,yes,NickHuddleston,1,RT : You're on the standby page -_-,,1/7/15 12:37,5.52927e+17,LANYC,Eastern Time (US & Canada),[],#Coachella2015,,,,,,,,[],#Coachella2015,,,,,,,
neutral,yes,milllenac,74,"RT : Michigan USA Lansing    513 First impressions of Coachella 2015: Disconnects, surpris_",,1/7/15 12:37,5.52927e+17,"Dallas, TX",Pacific Time (US & Canada),[],#Coachella2015,,,,,,,,[],#Coachella2015,,,,,,,
neutral,yes,AustinP1997,0,IF ANYONE HAS AN EXTRA TICKET TO  AND POSSIBLY A PLANE TICKET TOO HMU THANKS,,1/7/15 12:36,5.52927e+17,North Carolina,Pacific Time (US & Canada),[],#Coachella2015,,,,,,,,[],#Coachella2015,,,,,,,
neutral,yes,NuuElementz,1,RT : 2015  Lineup...,,1/7/15 12:33,5.52926e+17,"Tallahassee, United States",Eastern Time (US & Canada),[],#TheNuu,#nuuelementz,#coachella2015,,,,,,[],#TheNuu,#nuuelementz,#coachella2015,,,,,
neutral,yes,royaltenebaum,1,Will exchange a Coachella Weekend 2 shuttle pass for a Weekend 2 car camping pass,,1/7/15 12:31,5.52926e+17,,Tijuana,[],#coachella,#coachella2015,,,,,,,[],#coachella,#coachella2015,,,,,,
neutral,yes,LadiiMafia,0,haiiiiiii  is giving away tickets! go RT them if you want to  with the cool people!!!!!!!,,1/7/15 12:31,5.52926e+17,,,[],#coachella2015,,,,,,,,[],#coachella2015,,,,,,,
neutral,yes,kenjaminho,0,so... how'd the  ticket rush go for everyone?? lol,,1/7/15 12:31,5.52925e+17,Inviscus | ARC Records,Pacific Time (US & Canada),[],#Coachella,#Coachella2015,#goldenvoice,#festivalseason,,,,,[],#Coachella,#Coachella2015,#goldenvoice,#festivalseason,,,,
neutral,yes,quincianajones,0,"Also on that note, if anyone is looking to trade a weekend 1 pass with weekend 2, HMU","[34.41297734, -119.85105046]",1/7/15 12:30,5.52925e+17,,Pacific Time (US & Canada),[],#Coachella2015,,,,,,,,[],#Coachella2015,,,,,,,
neutral,yes,Alyssaalipp,0,Anyone going to coachella have a car camping I can buy !!? I forgot to purchase one lol,"[32.64016483, -117.07923565]",1/7/15 12:29,5.52925e+17,,,[],#coachella2015,,,,,,,,[],#coachella2015,,,,,,,
neutral,yes,TedPilkington1,0,What is  ?????,,1/7/15 12:29,5.52925e+17,"Adelaide, Australia.",Adelaide,[],#Coachella2015,,,,,,,,[],#Coachella2015,,,,,,,
neutral,yes,brownjenjen,74,"Michigan USA Lansing    513 First impressions of Coachella 2015: Disconnects, surprises and more... Co_",,1/7/15 12:28,5.52925e+17,"Dallas, TX",Ljubljana,[],#Coachella2015,,,,,,,,[],#Coachella2015,,,,,,,
neutral,yes,brianakauffman,0,Can you say ?,,1/7/15 12:27,5.52925e+17,Los Angeles,Eastern Time (US & Canada),[],#Coachella2015,,,,,,,,[],#Coachella2015,,,,,,,
neutral,yes,thetourlife1D,1,"RT : REMINDER! 
I have a VIP Coachella 3Day weekend pass, that I need to get rid of asap. DM me if interested. __ _",,1/7/15 12:27,5.52924e+17,USA,Atlantic Time (Canada),[],#Coachella20,,,,,,,,[],#Coachella20,,,,,,,
neutral,yes,Erinthompson30,0,The moment you get off the standby page_,,1/7/15 12:25,5.52924e+17,"capistrano beach, CA",Pacific Time (US & Canada),[],#Coachella2015,,,,,,,,[],#Coachella2015,,,,,,,
neutral,yes,mackstagram,1,"REMINDER! 
I have a VIP Coachella 3Day weekend pass, that I need to get rid of asap. DM me if interested. __",,1/7/15 12:25,5.52924e+17,USA,Atlantic Time (Canada),[],#Coachella2015,,,,,,,,[],#Coachella2015,,,,,,,
neutral,yes,Xmindbodyspirit,0,"If you're still on stand by for  tickets, your struggle is real.",,1/7/15 12:25,5.52924e+17,Dirty Desert Dweller,Pacific Time (US & Canada),[],#Coachella2015,,,,,,,,[],#Coachella2015,,,,,,,
neutral,yes,casscox123,0,standby for 20 minutes... Shoulda done the pre-sale,,1/7/15 12:24,5.52924e+17,,,[],#Coachella2015,,,,,,,,[],#Coachella2015,,,,,,,
neutral,yes,AN21MERCADO,0,Round 3 here we go!,,1/7/15 12:23,5.52924e+17,TJ,Arizona,[],#Coachella2015,,,,,,,,[],#Coachella2015,,,,,,,
neutral,yes,RuvalcabaFelipe,1,Anyone selling a car camping pass weekend 2,,1/7/15 12:22,5.52923e+17,,,[],#Coachella,#Coachella2015,,,,,,,[],#Coachella,#Coachella2015,,,,,,
neutral,yes,RedCarpetRoxy,0,lineup announced! Who is going?,,1/7/15 12:21,5.52923e+17,LA/NYC/Many Places In Between,Pacific Time (US & Canada),[],#coachella2015,#redcarpetroxy,#musicfestival,,,,,,[],#coachella2015,#redcarpetroxy,#musicfestival,,,,,
neutral,yes,bhaked,0,Standby,,1/7/15 12:21,5.52923e+17,,,[],#Coachella2015,,,,,,,,[],#Coachella2015,,,,,,,
neutral,yes,paigemccall,0,IT'S GROUP TEXT SEASON,,1/7/15 12:20,5.52923e+17,Los Angeles,Pacific Time (US & Canada),[],#coachella2015,,,,,,,,[],#coachella2015,,,,,,,
neutral,yes,Ajweiner3,0,@ Coachella Palm Springs,"[34.09403659, -118.37244768]",1/7/15 12:20,5.52923e+17,"Northridge, California",Pacific Time (US & Canada),[],#Coachella2015,,,,,,,,[],#Coachella2015,,,,,,,
neutral,yes,WhiskeyGRLWastd,2,now I know I'm not going alone and I got my crew with me.,"[33.98229741, -117.33631748]",1/7/15 12:18,5.52922e+17,,Arizona,[],#Coachella2015,,,,,,,,[],#Coachella2015,,,,,,,
neutral,yes,MichaelKTA,0,Meet me in the desert.,,1/7/15 12:18,5.52922e+17,Roseville California,Pacific Time (US & Canada),[],#coachella2015,,,,,,,,[],#coachella2015,,,,,,,
neutral,yes,DevanMoilanen,0,tickets officially purchased,,1/7/15 12:18,5.52922e+17,,Alaska,[],#Coachella2015,,,,,,,,[],#Coachella2015,,,,,,,
neutral,yes,frankdeez11,0,I NEED A CAR CAMPING PASS FOR WKND 2     lol,,1/7/15 12:18,5.52922e+17,"SoCal made me, Texas raised me",,[],#Coachella2015,#Coachella,#weekend2,#Coachella,,,,,[],#Coachella2015,#Coachella,#weekend2,#Coachella,,,,
neutral,yes,itsKunalSheth,19,RT : kanye shows up anyway and has his own tent specifically for rants,,1/7/15 12:16,5.52922e+17,1 AU,Eastern Time (US & Canada),[],#Coachella2015,,,,,,,,[],#Coachella2015,,,,,,,
neutral,yes,AdiViveLeRock,0,holding a smug  smile while I see all the kids refreshing their browsers to buy Coachella tickets,,1/7/15 12:15,5.52922e+17,"iphone, California",Alaska,[],#mature,#Coachella2015,,,,,,,[],#mature,#Coachella2015,,,,,,
neutral,yes,Crazy_DanF,0,Coachella tix just went on sale girls     Who is broke?,,1/7/15 12:14,5.52921e+17,"Sunnyvale, CA",Pacific Time (US & Canada),[],#Coachella2015,,,,,,,,[],#Coachella2015,,,,,,,
neutral,yes,thehdiary,0,The waiting game _,,1/7/15 12:14,5.52921e+17,London,London,[],#Coachella2015,,,,,,,,[],#Coachella2015,,,,,,,
neutral,yes,derprevere,1,RT : it's like all the festivals decided to drop their lineups in one day,,1/7/15 12:13,5.52921e+17,from The Internet,Eastern Time (US & Canada),[],#Ultra2015,#coachella2015,#GovBallNYC,#Bottlerock,,,,,[],#Ultra2015,#coachella2015,#GovBallNYC,#Bottlerock,,,,
neutral,yes,travissaurusrex,0,Gotta be quick on the trigger_,,1/7/15 12:12,5.52921e+17,Long Beach,Pacific Time (US & Canada),[],#Coachella2015,,,,,,,,[],#Coachella2015,,,,,,,
neutral,yes,stuckinthedesrt,0,Struggle is real...,,1/7/15 12:12,5.52921e+17,California Desert,Pacific Time (US & Canada),[],#Coachella2015,,,,,,,,[],#Coachella2015,,,,,,,
neutral,yes,EthanWallick,0,Buying tickets for  is like trying to catch mewtwo with a pokeball,,1/7/15 12:10,5.5292e+17,,,[],#Coachella2015,,,,,,,,[],#Coachella2015,,,,,,,
neutral,yes,jasminalyssa,0,Done and done. _,,1/7/15 12:09,5.5292e+17,,Arizona,[],#Coachella2015,,,,,,,,[],#Coachella2015,,,,,,,
neutral,yes,dpaux,0,Sold outchella,,1/7/15 12:08,5.5292e+17,Echo Park,,[],#Coachella2015,,,,,,,,[],#Coachella2015,,,,,,,
neutral,yes,LANGMarMendoza,11,I'm curious to see how long (or short) it takes for  to sell out. Are you buying?,,1/7/15 12:07,5.52919e+17,"Los Angeles, Calif.",Hawaii,[],#Coachellatickets,#Coachella2015,,,,,,,[],#Coachellatickets,#Coachella2015,,,,,,
neutral,yes,esther_bunnyy,0,For all of you on the standby page... May the odds be ever in your favor.,,1/7/15 12:06,5.52919e+17,Orange County,Alaska,[],#Coachella2015,,,,,,,,[],#Coachella2015,,,,,,,
neutral,yes,hillaryfoss,0,"The  Office: ""Are you in?"" ""So you got it?"" ""Weekend 1 or Weekend 2?"" ""Shuttle Pass?"" ""You got some?"" ""How many?""",,1/7/15 12:06,5.52919e+17,"Santa Barbara, CA",Pacific Time (US & Canada),[],#Coachella2015,,,,,,,,[],#Coachella2015,,,,,,,
neutral,yes,laseanb1,0,so . . . who's going to  ??,,1/7/15 12:05,5.52919e+17,,Eastern Time (US & Canada),[],#Coachella2015,,,,,,,,[],#Coachella2015,,,,,,,
neutral,yes,InsideSoCalENT,10,RT : AND its ON! Are you getting  this year? Tell us why or why not...,,1/7/15 12:04,5.52919e+17,Los Angeles,Arizona,[],#Coachellatickets,#Coachella2015,,,,,,,[],#Coachellatickets,#Coachella2015,,,,,,
neutral,yes,CAlli_SF,0,Who else is on standby for coachella tickets and has time to check twitter?,,1/7/15 12:03,5.52919e+17,,,[],#Coachella2015,,,,,,,,[],#Coachella2015,,,,,,,
neutral,yes,LANGMarMendoza,10,AND its ON! Are you getting  this year? Tell us why or why not...,,1/7/15 12:03,5.52919e+17,"Los Angeles, Calif.",Hawaii,[],#Coachellatickets,#Coachella2015,,,,,,,[],#Coachellatickets,#Coachella2015,,,,,,
neutral,yes,natnatisawesome,0,The struggle!,,1/7/15 12:03,5.52919e+17,,America/Los_Angeles,[],#Coachella2015,#weekend2,,,,,,,[],#Coachella2015,#weekend2,,,,,,
neutral,yes,regiesy,1,it's like all the festivals decided to drop their lineups in one day,,1/7/15 12:02,5.52918e+17,"Bacolod/Pasig, PHilippines",Hong Kong,[],#Ultra2015,#coachella2015,#GovBallNYC,#Bottlerock,,,,,[],#Ultra2015,#coachella2015,#GovBallNYC,#Bottlerock,,,,
neutral,yes,kfreeman0074,0,No one knows stress until they've tried to buy a coachella ticket,,1/7/15 11:59,5.52917e+17,Las Vegas,Pacific Time (US & Canada),[],#Coachella2015,,,,,,,,[],#Coachella2015,,,,,,,
neutral,yes,lifelovelana,1,How I feel about  this year,,1/7/15 11:57,5.52917e+17,"Los Angeles, CA",Pacific Time (US & Canada),[],#Coachella2015,,,,,,,,[],#Coachella2015,,,,,,,
neutral,yes,RedCarpetRoxy,0,2015 lineup has been announced.Who r u most excited to see?:,,1/7/15 11:56,5.52917e+17,LA/NYC/Many Places In Between,Pacific Time (US & Canada),[],#RedCarpetRoxy,#Coachella2015,#VanessaHudgens,,,,,,[],#RedCarpetRoxy,#Coachella2015,#VanessaHudgens,,,,,
neutral,yes,zoegillespie,0,About to combust,,1/7/15 11:56,5.52917e+17,"NY, LA",Eastern Time (US & Canada),[],#coachella2015,#4minutes,,,,,,,[],#coachella2015,#4minutes,,,,,,
neutral,yes,kayleyjaye,1,RT :    (15 minutes).  May the odds be ever in your favor,,1/7/15 11:51,5.52916e+17,,,[],#Coachella2015,,,,,,,,[],#Coachella2015,,,,,,,
neutral,yes,ClaribelR07,1,RT : We could go to  just to listen to,,1/7/15 11:47,5.52914e+17,Los Angeles,Pacific Time (US & Canada),[],#Coachella2015,#JackWhite,,,,,,,[],#Coachella2015,#JackWhite,,,,,,
neutral,yes,thehdiary,0,So the countdown begins,,1/7/15 11:46,5.52914e+17,London,London,[],#Coachella2015,,,,,,,,[],#Coachella2015,,,,,,,
neutral,yes,Mitchell_Curry,0,Good luck to anyone trying to buy  tickets today.,,1/7/15 11:42,5.52913e+17,Orange County,Pacific Time (US & Canada),[],#coachella2015,#MayTheForceBeWithYou,,,,,,,[],#coachella2015,#MayTheForceBeWithYou,,,,,,
neutral,yes,elithekidd,0,I'm not prepared for the hustle,,1/7/15 11:41,5.52913e+17,Los Angeles // Marina Del Rey ,,[],#Coachella2015,,,,,,,,[],#Coachella2015,,,,,,,
neutral,yes,BenesTheMenace,0,Is anyone else curious to why  &amp;  aren't headlining,,1/7/15 11:40,5.52913e+17,Chicago,Eastern Time (US & Canada),[],#Coachella2015,,,,,,,,[],#Coachella2015,,,,,,,
neutral,yes,kryziaaaq,1,weekend one or weekend two?,,1/7/15 11:39,5.52912e+17,instagram: kryziaq,Alaska,[],#Coachella2015,,,,,,,,[],#Coachella2015,,,,,,,
neutral,yes,KimmyGraham_,4,RT : that hour waiting game.,,1/7/15 11:38,5.52912e+17,,Quito,[],#Coachella2015,,,,,,,,[],#Coachella2015,,,,,,,
neutral,yes,MayAllves,0,Tem post  post at blog,,1/7/15 11:31,5.5291e+17,"Rio de Janeiro, Brasil",Brasilia,[],#Coachella2015,,,,,,,,[],#Coachella2015,,,,,,,
neutral,yes,effingalan,0,"I'm not good at math, but roughly 20% of  lineup has been through KC in the past year or will be here relatively soon.",,1/7/15 11:29,5.5291e+17,"Kansas City, MO",Central Time (US & Canada),[],#coachella2015,,,,,,,,[],#coachella2015,,,,,,,
neutral,yes,amyhoffb,0,a girl saying how excited she was for  but that the only act she'd heard of was AC/DC  'lltakeit,,1/7/15 11:26,5.52909e+17,,London,[],#overheard,#Coachella2015,#wastedticket,#I,,,,,[],#overheard,#Coachella2015,#wastedticket,#I,,,,
neutral,yes,neato_itsdennis,0,Confused about how to buy tickets to   ?? Heree ya go ---&gt;&gt;&gt;,,1/7/15 11:04,5.52904e+17,"Brooklyn, NY",Atlantic Time (Canada),[],#Coachella,#coachella2015,,,,,,,[],#Coachella,#coachella2015,,,,,,
neutral,yes,PhoenixAnthems,0,what does everybody think of the   lineup!?,,1/7/15 11:02,5.52903e+17,,,[],#Coachella,#Coachella2015,,,,,,,[],#Coachella,#Coachella2015,,,,,,
neutral,yes,thebluemedia,0,go fuck yourselves snake oil salesmen,,1/7/15 10:56,5.52902e+17,Ontario. Canada,Central Time (US & Canada),[],#Coachella2015,,,,,,,,[],#Coachella2015,,,,,,,
neutral,yes,ePanic_,0,Potholes In My Blog: Coachella 2015_,,1/7/15 10:52,5.52901e+17,Serbia,Belgrade,[],#Coachella2015,#Coultrain,#PotholesInMyBlog,#Tope,,,,,[],#Coachella2015,#Coultrain,#PotholesInMyBlog,#Tope,,,,
neutral,yes,brendmilll,99,RT : Ontario CAN Etobicoke    UPDATE  90 Coachella 2015  National Music Editor,,1/7/15 10:51,5.529e+17,Lausanne,Mountain Time (US & Canada),[],#Coachella2015,,,,,,,,[],#Coachella2015,,,,,,,
neutral,yes,smitharyy,99,Ontario CAN Etobicoke    UPDATE  90 Coachella 2015  National Music Editor,,1/7/15 10:42,5.52898e+17,"Utah, States",Pacific Time (US & Canada),[],#Coachella2015,,,,,,,,[],#Coachella2015,,,,,,,
neutral,yes,WhereIsNextGen,0,That moment when you realize you won't be able to attend,,1/7/15 10:38,5.52897e+17,,Central Time (US & Canada),[],#Coachella2015,,,,,,,,[],#Coachella2015,,,,,,,
neutral,yes,RoyalAleema,0,""": What do you guys think of this years  Lineup? ________________",,1/7/15 10:20,5.52892e+17,With The Stars,Central Time (US & Canada),[],#Coachella,#Coachella2015,,,,,,,[],#Coachella,#Coachella2015,,,,,,
neutral,yes,mmmSAMwich,0,Can someone please explain why Drake is now on the festival circuit headlining this year?,,1/7/15 10:17,5.52892e+17,"Berkeley, CA",Pacific Time (US & Canada),[],#Coachella2015,#governorsball,,,,,,,[],#Coachella2015,#governorsball,,,,,,
neutral,yes,fanniepakz,0,How to get tickets 101,,1/7/15 10:10,5.5289e+17,vegas,Pacific Time (US & Canada),[],#Coachella2015,,,,,,,,[],#Coachella2015,,,,,,,
neutral,yes,popcorn_hunter,0,tix for my bday? (My bday is April 19th) .....,,1/7/15 10:08,5.5289e+17,,Central Time (US & Canada),[],#Coachella2015,,,,,,,,[],#Coachella2015,,,,,,,
neutral,yes,J_Nics11,0,GA tickets for coachella are sold out on their website. Where can I buy weekend 2 tickets and car camping pass??,,1/7/15 10:05,5.52889e+17,"Lost Angels, CA",Pacific Time (US & Canada),[],#Coachella2015,#Coachella,,,,,,,[],#Coachella2015,#Coachella,,,,,,
neutral,yes,JmeSolis,0,Here's what  just might sound like this year --&gt;,,1/7/15 10:04,5.52888e+17,"San Diego, CA",Eastern Time (US & Canada),[],#Coachella2015,,,,,,,,[],#Coachella2015,,,,,,,
neutral,yes,BlahBlahRyan,0,Go to  or go to school? Hmmmmmmmmmmmmm,"[32.83637476, -96.82270791]",1/7/15 9:56,5.52886e+17,LAX,Central Time (US & Canada),[],#Coachella2015,,,,,,,,[],#Coachella2015,,,,,,,
neutral,yes,ChrisHind10,0,So who's going to  ???,,1/7/15 9:53,5.52886e+17,LA / Vegas / Portsmouth,London,[],#Coachella2015,,,,,,,,[],#Coachella2015,,,,,,,
neutral,yes,genevievemelzer,0,5 Tips to see the best lineup for you at COACHELLA,,1/7/15 9:47,5.52884e+17,"Palm Springs, CA",Arizona,[],#Coachella2015,#Coachella,#goldenvoice,,,,,,[],#Coachella2015,#Coachella,#goldenvoice,,,,,
neutral,yes,chadsp32,0,"Somewhere some kid is asking his dad, ""who or what the hell is Steely Dan"".",,1/7/15 9:45,5.52884e+17,,,[],#Coachella2015,,,,,,,,[],#Coachella2015,,,,,,,
neutral,yes,mileysnigger,1,"diz qt weady fo 

wait hold up I wanna know who told her she looks cute and beat their ass",,1/7/15 9:40,5.52882e+17,,Eastern Time (US & Canada),[],#coachella2015,,,,,,,,[],#coachella2015,,,,,,,
neutral,yes,DandelionDollar,0,"Festie Bod Makeover: Day 7
________",,1/7/15 9:30,5.5288e+17,,Pacific Time (US & Canada),[],#Coachella2015,,,,,,,,[],#Coachella2015,,,,,,,
neutral,yes,ElliotSisson9,0,"Good luck to everyone purchasing  tix today at noon, may your multiple browser game be on lock.",,1/7/15 9:19,5.52877e+17,Los Angeles ,Pacific Time (US & Canada),[],#Coachella2015,#Weekend1,,,,,,,[],#Coachella2015,#Weekend1,,,,,,
neutral,yes,Mark_Attew,0,"Divinity - filous Remix
Porter Robinson  Divinity",,1/7/15 9:05,5.52874e+17,"Pasadena, CA",Pacific Time (US & Canada),[],#NowPlaying,#coachella2015,,,,,,,[],#NowPlaying,#coachella2015,,,,,,
neutral,yes,ZahraCyrus,2,RT : Miley getting bleach blonde for :,,1/7/15 9:01,5.52873e+17,ig : milextor // txeria,Baghdad,[],#Coachella2015,,,,,,,,[],#Coachella2015,,,,,,,
neutral,yes,dsp_garcia,0,One small step for mankind...one giant leap backwards for  . I hope ACDC and NERO fans find something in common.,,1/7/15 9:00,5.52872e+17,"Fontana, California",Pacific Time (US & Canada),[],#Coachella2015,#Coachella,,,,,,,[],#Coachella2015,#Coachella,,,,,,
neutral,yes,dinfontay,0,When You Give A Fuccboi a  Lineup...,,1/7/15 8:52,5.5287e+17,brooklyn,,[],#Coachella2015,,,,,,,,[],#Coachella2015,,,,,,,
neutral,yes,BasicBaeSays,0,lineup,,1/7/15 8:49,5.5287e+17,,,[],#Coachella2015,#OnFleek,,,,,,,[],#Coachella2015,#OnFleek,,,,,,
neutral,yes,thugasaurus,0,Got 2 coachella weekend 2 tickets up for trade for weekend one. Looking for an even trade. Hmu.,,1/7/15 8:48,5.52869e+17,,Pacific Time (US & Canada),[],#Coachella2015,,,,,,,,[],#Coachella2015,,,,,,,
neutral,yes,pitaJ,1,RT : Didn't expect to be on the radio this morning discussing the  lineup! Thx,,1/7/15 8:46,5.52869e+17,the USA,Pacific Time (US & Canada),[],#Coachella2015,#KWSS,,,,,,,[],#Coachella2015,#KWSS,,,,,,
neutral,yes,Louluagency,0,general admission sells out hours before presale?,,1/7/15 8:43,5.52868e+17,,Eastern Time (US & Canada),[],#Coachella2015,#music,#musicfestival,,,,,,[],#Coachella2015,#music,#musicfestival,,,,,
neutral,yes,Mark_Attew,0,"I Follow Rivers - The Magician Remix
Lykke Li  I Follow Rivers",,1/7/15 8:41,5.52868e+17,"Pasadena, CA",Pacific Time (US & Canada),[],#NowPlaying,#coachella2015,,,,,,,[],#NowPlaying,#coachella2015,,,,,,
neutral,yes,mannyzinnphx,1,Didn't expect to be on the radio this morning discussing the  lineup! Thx,,1/7/15 8:32,5.52865e+17,Downtown Phoenix,Arizona,[],#Coachella2015,#KWSS,,,,,,,[],#Coachella2015,#KWSS,,,,,,
neutral,yes,fins2thright,1,News flash: Fans of AC/DC can get a special senior citizens discount to,,1/7/15 8:32,5.52865e+17,RVA,,[],#Coachella2015,,,,,,,,[],#Coachella2015,,,,,,,
neutral,yes,lisachinny,0,Selling 1-3  weekend 2 GA tickets we got from pre-sale!  It's gonna be rough getting them from the site later,,1/7/15 8:25,5.52863e+17,,Eastern Time (US & Canada),[],#coachella,#Coachella2015,,,,,,,[],#coachella,#Coachella2015,,,,,,
neutral,yes,brownjenjen,101,  198 Coachella 2015 makes space for rockers and ravers this year  With Tuesday_,,1/7/15 8:12,5.5286e+17,"Dallas, TX",Ljubljana,[],#Coachella2015,,,,,,,,[],#Coachella2015,,,,,,,
neutral,yes,PEcom_iGuide,2,RT : People always ask me about tips for getting  passes. Here's my roundup.,,1/7/15 8:06,5.52859e+17,Inland Southern California,Pacific Time (US & Canada),[],#Coachella2015,,,,,,,,[],#Coachella2015,,,,,,,
neutral,yes,EricBurse,0,tickets on sale today at 3pm EST. Full lineup:,,1/7/15 8:04,5.52858e+17,,Pacific Time (US & Canada),[],#Coachella2015,,,,,,,,[],#Coachella2015,,,,,,,
neutral,yes,TheGoodDealcom,1,"Line-up Announced. To help you get ready for April, we have this  hat -",,1/7/15 8:00,5.52857e+17,USA,Central Time (US & Canada),[],#Coachella2015,,,,,,,,[],#Coachella2015,,,,,,,
neutral,yes,Swoonfashion,0,baby,,1/7/15 7:59,5.52857e+17,London / UK,Casablanca,[],#Coachella2015,,,,,,,,[],#Coachella2015,,,,,,,
neutral,yes,kenka1001,6,RT : Line up,,1/7/15 7:48,5.52854e+17,,Tokyo,[],#Coachella2015,,,,,,,,[],#Coachella2015,,,,,,,
neutral,yes,Bubby88Cash,0,hangn with jeremy rogers n mike matulo n their thrown rox at tha blacks,,1/7/15 7:44,5.52853e+17,El Monte California,Eastern Time (US & Canada),[],#Coachella2015,#MikeBrown,,,,,,,[],#Coachella2015,#MikeBrown,,,,,,
neutral,yes,MCNewsSource,2,Miley getting bleach blonde for :,,1/7/15 7:38,5.52852e+17,Bangerz Tour,Pacific Time (US & Canada),[],#Coachella2015,,,,,,,,[],#Coachella2015,,,,,,,
neutral,yes,yoli_stylista,0,Wait!  for my birthday weekend _,,1/7/15 7:31,5.5285e+17,Fashion Capital of the World ,Eastern Time (US & Canada),[],#Coachella2015,,,,,,,,[],#Coachella2015,,,,,,,
neutral,yes,flasheante,0,"Drive Like Jehu -- ""Luau"" w/ Rob Crow  :",,1/7/15 7:21,5.52848e+17,"Mendoza, Argentina",Buenos Aires,[],#Coachella2015,,,,,,,,[],#Coachella2015,,,,,,,
neutral,yes,BPtotheG,0,"Hey dude, you taking requests now, or do you prefer we shout them at you on stage?",,1/7/15 7:11,5.52845e+17,"Los Angeles, CA",Pacific Time (US & Canada),[],#Coachella2015,,,,,,,,[],#Coachella2015,,,,,,,
neutral,yes,Potrol_ca,0,Coachella tickets on sale today at noon!,,1/7/15 7:00,5.52842e+17,,Eastern Time (US & Canada),[],#Coachella2015,,,,,,,,[],#Coachella2015,,,,,,,
neutral,yes,TessaViscosi,0,Waiting on someone to buy me  tickets. _,,1/7/15 6:59,5.52842e+17,"Macedon, New York",Eastern Time (US & Canada),[],#Coachella2015,,,,,,,,[],#Coachella2015,,,,,,,
neutral,yes,nunorizal1,1,RT :  Miley Cyrus will be in  ?? Tell me pls.,,1/7/15 6:50,5.5284e+17,Surabaya,,[],#Coachella2015,,,,,,,,[],#Coachella2015,,,,,,,
neutral,yes,SplitOpenAndMax,0,Drizzy takin' over yo favorite festival like,,1/7/15 6:49,5.5284e+17,,Eastern Time (US & Canada),[],#Coachella2015,#GovBall2015,,,,,,,[],#Coachella2015,#GovBall2015,,,,,,
neutral,yes,senkyosakki,57,RT : Massachusetts USA Worcester    745 Coachella 2015 full lineup: Big names and bigger s_,,1/7/15 6:45,5.52839e+17,,Pacific Time (US & Canada),[],#Coachella2015,,,,,,,,[],#Coachella2015,,,,,,,
neutral,yes,DeniaFracassi,1,RT :  lineup is here!,,1/7/15 6:43,5.52838e+17,,,[],#Coachella2015,,,,,,,,[],#Coachella2015,,,,,,,
neutral,yes,how2becoolnow,0,I &lt;3  &amp; some lineups just dropped! Which will u be going to?,,1/7/15 6:37,5.52836e+17,USA,Eastern Time (US & Canada),[],#MusicFestivals,#GovBall2015,#Coachella2015,#how2becool,,,,,[],#MusicFestivals,#GovBall2015,#Coachella2015,#how2becool,,,,
neutral,yes,brightshinynews,0,Want to know who's headlining Coachella this year?,"[0.0, 0.0]",1/7/15 6:21,5.52833e+17,London,London,[],#Coachella2015,,,,,,,,[],#Coachella2015,,,,,,,
neutral,yes,joyceecoo,66,RT :   625 Coachella 2015  Coachella 2015 makes space for rockers and ravers this year  Ca_,,1/7/15 6:17,5.52831e+17,Melbourne,,[],#Coachella2015,,,,,,,,[],#Coachella2015,,,,,,,
neutral,yes,yanyaninamac,0,Leggo?,,1/7/15 6:14,5.52831e+17,Winterfell,Hong Kong,[],#Coachella2015,#Coachella,,,,,,,[],#Coachella2015,#Coachella,,,,,,
neutral,yes,brownjenjen,66,  625 Coachella 2015  Coachella 2015 makes space for rockers and ravers this year  California USA San _,,1/7/15 6:12,5.5283e+17,"Dallas, TX",Ljubljana,[],#Coachella2015,,,,,,,,[],#Coachella2015,,,,,,,
neutral,yes,_TeenageWriter_,0,Marina and The Diamonds and Florence and The Machine are both performing at  and I'm not going. Brb crying,,1/7/15 6:08,5.52829e+17,Canada,Eastern Time (US & Canada),[],#Coachella2015,,,,,,,,[],#Coachella2015,,,,,,,
neutral,yes,CheekyMusicLtd,0,Check out the  line-up,,1/7/15 5:34,5.5282e+17,London,,[],#Coachella2015,,,,,,,,[],#Coachella2015,,,,,,,
neutral,yes,withoutayard,0,"If you weren't left feeling with maximum snark after reviewing  lineup &amp; want to buy a ticket + shuttle pass for wknd 1, lmk!",,1/7/15 5:27,5.52819e+17,Toronto,Eastern Time (US & Canada),[],#Coachella2015,,,,,,,,[],#Coachella2015,,,,,,,
neutral,yes,lauzjp,0,"small print more interesting;  Built To Spill, Drive Like Jehu, Reverend Horton Heat, Sloan..",,1/7/15 5:22,5.52818e+17,Luton,London,[],#Coachella2015,,,,,,,,[],#Coachella2015,,,,,,,
neutral,yes,xyelrahx,0,""": For those about to RT
  YAS","[14.5714595, 121.0016991]",1/7/15 5:22,5.52818e+17,VENUS \o/,Hong Kong,[],#Coachella2015,,,,,,,,[],#Coachella2015,,,,,,,
neutral,yes,biggie_paul,1,"RT :   
If it was up to  at",,1/7/15 5:03,5.52813e+17, 210 BABY,,[],#biggie_paul,#Coachella2015,,,,,,,[],#biggie_paul,#Coachella2015,,,,,,
neutral,yes,GeraldA67,1,If it was up to  at,,1/7/15 5:01,5.52812e+17,(806) Lubbock Tx,,[],#biggie_paul,#Coachella2015,,,,,,,[],#biggie_paul,#Coachella2015,,,,,,
neutral,yes,angeloontwitta,1,How can this east coast kid win some tickets to  ?,,1/7/15 4:56,5.52811e+17,,Atlantic Time (Canada),[],#Coachella2015,,,,,,,,[],#Coachella2015,,,,,,,
neutral,yes,YoungTraye,0,Coachella Announces 2015 Lineup,,1/7/15 4:39,5.52807e+17,"Johannesburg, South Africa ",,[],#Coachella2015,#coachellalineup,,,,,,,[],#Coachella2015,#coachellalineup,,,,,,
neutral,yes,leftofstage,0,You've heard of AC/DC right? Maybe you should go back to writing columns about Bieber's next album FFS,,1/7/15 4:28,5.52804e+17,"MEL, PDX, SGP, SFO",Pacific Time (US & Canada),[],#Coachella2015,,,,,,,,[],#Coachella2015,,,,,,,
neutral,yes,Valerioatdrums,0,Coachella from italy? Hmm...,,1/7/15 4:19,5.52802e+17,Catania,Ljubljana,[],#Coachella2015,,,,,,,,[],#Coachella2015,,,,,,,
neutral,yes,ClarkBar963,0,"/DC &amp;   are among the headliners for the first night of  .Or, as they're calling it this year Parents' Night.","[0.0, 0.0]",1/7/15 3:58,5.52796e+17,North Carolina ,Eastern Time (US & Canada),[],#Coachella2015,,,,,,,,[],#Coachella2015,,,,,,,
neutral,yes,Christian_END,0,to headline,,1/7/15 3:47,5.52794e+17,Bogota,Central Time (US & Canada),[],#Coachella2015,,,,,,,,[],#Coachella2015,,,,,,,
neutral,yes,tangoalphatango,0,Here come those Santa Ana winds again...  is at,,1/7/15 3:10,5.52784e+17,"Portland, Oregon",Pacific Time (US & Canada),[],#steelydan,#Coachella2015,,,,,,,[],#steelydan,#Coachella2015,,,,,,
neutral,yes,Nathaly_Juarez,0,yes or no? Who wants to go?,,1/7/15 2:56,5.52781e+17,"Fresno, CA",Pacific Time (US & Canada),[],#Coachella2015,,,,,,,,[],#Coachella2015,,,,,,,
neutral,yes,duuhmaya,0,: The lineup is here!,,1/7/15 2:55,5.52781e+17,beacon hills,Pacific Time (US & Canada),[],#Coachella2015,,,,,,,,[],#Coachella2015,,,,,,,
neutral,yes,MelKane87,0,round 2?,,1/7/15 2:47,5.52779e+17,I'm behind you,Hawaii,[],#coachella2015,,,,,,,,[],#coachella2015,,,,,,,
neutral,yes,StefJason,0,"This  line-up tho. Raekwon, RTJ, Flying Lotus, Vic Mense, Drake, Tyler the Creator, John Talabot.",,1/7/15 2:41,5.52777e+17,Jo'burg,Greenland,[],#Coachella2015,,,,,,,,[],#Coachella2015,,,,,,,
neutral,yes,yamolajoda,1,RT :  lineup for the 2015    _,,1/7/15 2:34,5.52775e+17,"Vancouver, British Columbia",Pacific Time (US & Canada),[],#Theofficial,#CoachellaValleyMusicFestival,#Coachella2015,#lineup,,,,,[],#Theofficial,#CoachellaValleyMusicFestival,#Coachella2015,#lineup,,,,
neutral,yes,jeffraaaay,0,2015 Coachella Lineup,,1/7/15 2:17,5.52771e+17,Los Angeles,Arizona,[],#Coachella2015,,,,,,,,[],#Coachella2015,,,,,,,
neutral,yes,Mikel_Kael,0,"jack white, ACDC &amp; Drake + french artists : David Guetta &amp; Martin Solveig",,1/7/15 2:14,5.5277e+17,,Greenland,[],#Coachella2015,,,,,,,,[],#Coachella2015,,,,,,,
neutral,yes,angxlique,0,: The lineup is here!,,1/7/15 2:12,5.5277e+17,,Beijing,[],#Coachella2015,,,,,,,,[],#Coachella2015,,,,,,,
neutral,yes,jasmineevaladez,0,Should I go to Coachella for my 18th or my 21st? PLEASE HELP! ANYONE!,,1/7/15 1:58,5.52766e+17,,Pacific Time (US & Canada),[],#Coachella2015,#Coachella,,,,,,,[],#Coachella2015,#Coachella,,,,,,
neutral,yes,erkstill,0,Pretty Much.,,1/7/15 1:49,5.52764e+17,,Mountain Time (US & Canada),[],#Coachella2015,,,,,,,,[],#Coachella2015,,,,,,,
neutral,yes,m4rielena,1,RT :  belongs at,,1/7/15 1:49,5.52764e+17,,Eastern Time (US & Canada),[],#Coachella2015,,,,,,,,[],#Coachella2015,,,,,,,
neutral,yes,cheanator,0,That lineup though,,1/7/15 1:30,5.52759e+17,The Bay,,[],#Coachella2015,,,,,,,,[],#Coachella2015,,,,,,,
neutral,yes,dimi1805,0,lineup,,1/7/15 1:16,5.52756e+17,athens,,[],#Coachella2015,,,,,,,,[],#Coachella2015,,,,,,,
neutral,yes,_MartinaMiranda,0,Coachella lineup is out!! ______,,1/7/15 0:35,5.52745e+17,,Beijing,[],#Coachella2015,,,,,,,,[],#Coachella2015,,,,,,,
neutral,yes,brownjenjen,169,"  192 Coachella 2015  Coachella 2015: AC/DC, Steely Dan, Drake among headliners  Kentucky USA Louisvil_",,1/7/15 0:12,5.52739e+17,"Dallas, TX",Ljubljana,[],#Coachella2015,,,,,,,,[],#Coachella2015,,,,,,,
neutral,yes,KeiraGinoble,0,Coachella Anyone????,,1/7/15 0:08,5.52738e+17,,,[],#April2015,#Coachella2015,#coachellalineup,,,,,,[],#April2015,#Coachella2015,#coachellalineup,,,,,
neutral,yes,tomlang0,0,: We're playing at  this year!!!!!! Could not be more excited.  .  I hate you so much,,1/7/15 0:07,5.52738e+17,UK,London,[],#coachella2015,,,,,,,,[],#coachella2015,,,,,,,
neutral,yes,dolphincaniff,0,How's,,1/6/15 23:57,5.52736e+17,fuck me krispy papa ||___/___,Pacific Time (US & Canada),[],#Coachella2015,,,,,,,,[],#Coachella2015,,,,,,,
neutral,yes,Juicycelebgoss,0,Timeline Photos: I _ bleach / idk boutchuuuuu but dizzzzzZzz qttttttttt weady fo .,,1/6/15 23:54,5.52735e+17,,,[],#coachella2015,,,,,,,,[],#coachella2015,,,,,,,
neutral,yes,Bombas4Dayz,1,RT :  got everybody like,,1/6/15 23:52,5.52734e+17,Los Angeles,Pacific Time (US & Canada),[],#Coachella2015,,,,,,,,[],#Coachella2015,,,,,,,
neutral,yes,rudy_ee,0,Reply to,,1/6/15 23:48,5.52734e+17,yo mommas house,,[],#Coachella2015,,,,,,,,[],#Coachella2015,,,,,,,
neutral,yes,ANCHSTAA,0,a tempting thought,,1/6/15 23:31,5.52729e+17,London,,[],#Coachella2015,,,,,,,,[],#Coachella2015,,,,,,,
neutral,yes,brittanydavis04,0,going to,,1/6/15 23:29,5.52729e+17,,Mazatlan,[],#coachella2015,,,,,,,,[],#coachella2015,,,,,,,
neutral,yes,Silas0894,0,Idk if I can buy my aunts  tickets?! I might have to buy my own if they don't let me use her's,,1/6/15 23:29,5.52729e+17,,Mountain Time (US & Canada),[],#Coachella2015,,,,,,,,[],#Coachella2015,,,,,,,
neutral,yes,diego77go,0,"Hahahahah RT : I'm guessing ""Kim Jong Poon"" was unreachable??",,1/6/15 23:27,5.52728e+17,Los Angeles/ Around The World ,Arizona,[],#coachella2015,#coachella,,,,,,,[],#coachella2015,#coachella,,,,,,
neutral,yes,daisybeckner,1,RT :  with  !,,1/6/15 23:18,5.52726e+17,,Alaska,[],#Coachella2015,,,,,,,,[],#Coachella2015,,,,,,,
neutral,yes,kimmmalvarado,0,EDC or coachella?,,1/6/15 23:12,5.52725e+17,,Arizona,[],#help,#EDC,#Coachella2015,,,,,,[],#help,#EDC,#Coachella2015,,,,,
neutral,yes,naoko_gille,0,So my birthday falls on  weekend _,,1/6/15 23:07,5.52723e+17,_,Pacific Time (US & Canada),[],#Coachella2015,#April12th,#Aries,,,,,,[],#Coachella2015,#April12th,#Aries,,,,,
neutral,yes,mitchmarzuola,0,DJ Khaled will be emceeing steely Dan's set,,1/6/15 23:05,5.52723e+17,Texas,Central Time (US & Canada),[],#Coachella2015,,,,,,,,[],#Coachella2015,,,,,,,
neutral,yes,ElectricOso,5,"RT : Wait. No ""Anal Afro??? """,,1/6/15 23:05,5.52723e+17,,Arizona,[],#Coachella2015,,,,,,,,[],#Coachella2015,,,,,,,
neutral,yes,thekevinryder,1,"I'm guessing ""Kim Jong Poon"" was unreachable??",,1/6/15 23:03,5.52722e+17,,Pacific Time (US & Canada),[],#coachella2015,#coachella,,,,,,,[],#coachella2015,#coachella,,,,,,
neutral,yes,theElsewhereman,0,An analysis of the  Friday lineup.,,1/6/15 23:02,5.52722e+17,Southeast Asia,Pacific Time (US & Canada),[],#Coachella2015,#coachella,#day1,,,,,,[],#Coachella2015,#coachella,#day1,,,,,
neutral,yes,JW19x,0,So  informs me Drake is headlining Coachella!! Why else would se tell me unless she planned on going!!,,1/6/15 22:58,5.52721e+17,,Dublin,[],#roadtrip,#Coachella2015,,,,,,,[],#roadtrip,#Coachella2015,,,,,,
neutral,yes,ABetterYouMovie,1,"RT :  peeps, in 48hrs we're announcing our  counter punch, . . _",,1/6/15 22:58,5.52721e+17,,,[],#Coachella2015,#ABetterYouAthon,#ABetterYoupalooza,#Ab,,,,,[],#Coachella2015,#ABetterYouAthon,#ABetterYoupalooza,#Ab,,,,
neutral,yes,_jessaab,33,RT : My  lineup,,1/6/15 22:50,5.52719e+17,"San Francisco Bay Area, CA",Pacific Time (US & Canada),[],#Coachella2015,,,,,,,,[],#Coachella2015,,,,,,,
neutral,yes,YuriyATL404,0,tickets go on sale this Friday?,,1/6/15 22:49,5.52719e+17,Vegas/Atlanta,Quito,[],#Coachella2015,,,,,,,,[],#Coachella2015,,,,,,,
neutral,yes,misslyndah,2,Drake. The Weeknd.,,1/6/15 22:48,5.52718e+17,world wide ,Pacific Time (US & Canada),[],#Coachella2015,,,,,,,,[],#Coachella2015,,,,,,,
neutral,yes,hikristofferson,0,Mighty Morphin Power Rangers for,,1/6/15 22:46,5.52718e+17,"Los Angeles, CA",Pacific Time (US & Canada),[],#Coachella2015,,,,,,,,[],#Coachella2015,,,,,,,
neutral,yes,jeunn97,1,RT : Miley is attending &amp; getting ready for  ___,,1/6/15 22:36,5.52715e+17,"Mlang North Cotabato, Phils.",,[],#Coachella2015,,,,,,,,[],#Coachella2015,,,,,,,
neutral,yes,KirkRoos,1,"peeps, in 48hrs we're announcing our  counter punch, . . .",,1/6/15 22:33,5.52715e+17,Los Angeles,Central Time (US & Canada),[],#Coachella2015,#ABetterYouAthon,#ABetterYoupalooza,#AbetterYouCon,,,,,[],#Coachella2015,#ABetterYouAthon,#ABetterYoupalooza,#AbetterYouCon,,,,
neutral,yes,gamerbabe419,0,Too funny!!!! Lolol every year! __,,1/6/15 22:31,5.52714e+17,,Pacific Time (US & Canada),[],#Coachella2015,,,,,,,,[],#Coachella2015,,,,,,,
neutral,yes,BaileyParker_,0,One has to wonder if the people complaining about the  line and those that call Nickleback quality music are one and the same.,,1/6/15 22:25,5.52713e+17,YEG,Central Time (US & Canada),[],#Coachella2015,,,,,,,,[],#Coachella2015,,,,,,,
neutral,yes,CityFromJxn,0,Where will  be?,,1/6/15 22:21,5.52712e+17,Ducked Off ,,[],#Coachella2015,,,,,,,,[],#Coachella2015,,,,,,,
neutral,yes,Gordonskene,0,War On Drugs  Live At Pustervik 2014  Nights At The...,,1/6/15 22:17,5.52711e+17,Santa Monica of a sort,Pacific Time (US & Canada),[],#christmas,#coachella2015,#coachellafestival,,,,,,[],#christmas,#coachella2015,#coachellafestival,,,,,
neutral,yes,RamirezLayson,0,I Thought  Would Be At,,1/6/15 22:17,5.52711e+17,"Coachella Valley, California",,[],#Coachella2015,,,,,,,,[],#Coachella2015,,,,,,,
neutral,yes,Idania_023,0,13 hours &amp; 46 minutes,,1/6/15 22:14,5.5271e+17,,Arizona,[],#Coachella2015,,,,,,,,[],#Coachella2015,,,,,,,
neutral,yes,EricEstrada69,0,Is Butthole Scissor playing ?,,1/6/15 22:14,5.5271e+17,Canyon Country,,[],#Coachella2015,,,,,,,,[],#Coachella2015,,,,,,,
neutral,yes,cloucoop,0,Who are you most excited to see at  ?,,1/6/15 22:13,5.5271e+17,Los Angeles,Arizona,[],#Coachella2015,,,,,,,,[],#Coachella2015,,,,,,,
neutral,yes,trippyvalerie,0,Coachella next year,,1/6/15 22:13,5.52709e+17,,Central Time (US & Canada),[],#Coachella2015,#coachellalineup,#coachellalineupsucks,,,,,,[],#Coachella2015,#coachellalineup,#coachellalineupsucks,,,,,
neutral,yes,Icegirlch,2,"RT : . has announced its 2015 lineup, and it's huge.",,1/6/15 22:07,5.52708e+17,"Lausanne, Switzerland",Rome,[],#Coachella2015,#Coachella,,,,,,,[],#Coachella2015,#Coachella,,,,,,
neutral,yes,May3yu,0,somebody nice to tell me when  start?,,1/6/15 21:54,5.52705e+17,Where The Wild Things Are ,Central America,[],#Coachella,#Coachella2015,,,,,,,[],#Coachella,#Coachella2015,,,,,,
neutral,yes,vonteeez,0,Idk bout,"[45.56169895, -122.65205543]",1/6/15 21:42,5.52702e+17,310  503  212 ,Pacific Time (US & Canada),[],#Coachella2015,,,,,,,,[],#Coachella2015,,,,,,,
neutral,yes,elijahtheprofet,3,RT : The  Lineup has been announced!     &amp; others play on Sunday!,,1/6/15 21:35,5.527e+17,"SF, CA",Pacific Time (US & Canada),[],#Coachella2015,,,,,,,,[],#Coachella2015,,,,,,,
neutral,yes,pita2040,0,Trying to save up for     or  got me like,,1/6/15 21:34,5.527e+17,,Pacific Time (US & Canada),[],#e3,#comiccon2015,#Coachella2015,#outsidelands,#BottleRock,,,,[],#e3,#comiccon2015,#Coachella2015,#outsidelands,#BottleRock,,,
neutral,yes,lakeshoww,0,"Lil B 
Tyler
Flying Lotus",,1/6/15 21:33,5.52699e+17,A,Pacific Time (US & Canada),[],#Coachella2015,,,,,,,,[],#Coachella2015,,,,,,,
neutral,yes,ExoticTigeress,0,Rumor.,,1/6/15 21:25,5.52698e+17,I keep Austin weird,Hawaii,[],#Coachella2015,,,,,,,,[],#Coachella2015,,,,,,,
neutral,yes,BGDIWblog,0,What do you think?,,1/6/15 21:22,5.52697e+17,,,[],#Coachella,#Coachella2015,#music,,,,,,[],#Coachella,#Coachella2015,#music,,,,,
neutral,yes,Ivettemartinez_,0,Tickets for,,1/6/15 21:11,5.52694e+17,,,[],#Coachella2015,#Coachella,,,,,,,[],#Coachella2015,#Coachella,,,,,,
neutral,yes,nicholas_offcl,0,I didn't even know Steely Dan were a live band haha   I thought they were  a   meme like gorillaz,,1/6/15 21:10,5.52694e+17,SYDNEY,Sydney,[],#Coachella2015,,,,,,,,[],#Coachella2015,,,,,,,
neutral,yes,Eva_Bates,0,"The War on Drugs, Jack White, Drake, alt-J, FKA Twigs, Florence, Ryan Adams and Chat Faker. But mostly The War on Drugs.",,1/6/15 21:10,5.52694e+17,"Perth, Australia",Perth,[],#Coachella2015,,,,,,,,[],#Coachella2015,,,,,,,
neutral,yes,PetaLuaC,0,"I need Coachella Fest tickets for the first weekend, someone who wants to sell them to me?","[33.71835081, -116.23795272]",1/6/15 21:05,5.52692e+17,"Indio, California. ",Mountain Time (US & Canada),[],#Coachella2015,#Coachella,#coachellalineup,,,,,,[],#Coachella2015,#Coachella,#coachellalineup,,,,,
neutral,yes,PlayItBlack,0,Picks and Vids for the Full  Lineup,,1/6/15 21:02,5.52692e+17,"Seattle, Washington",,[],#Coachella2015,#ACDC,#TameImpala,#AlabamaShakes,#JackWhite,#theOrwells,#RyanAdams,,[],#Coachella2015,#ACDC,#TameImpala,#AlabamaShakes,#JackWhite,#theOrwells,#RyanAdams,
neutral,yes,indiasiaa,0,This line up though.....,,1/6/15 21:02,5.52692e+17,,Central Time (US & Canada),[],#Coachella2015,,,,,,,,[],#Coachella2015,,,,,,,
neutral,yes,idknaomi,6,RT : Migos shows up and debuts shmigo gang with a bobby shmurda hologram,,1/6/15 20:57,5.52691e+17,,Atlantic Time (Canada),[],#Coachella2015,,,,,,,,[],#Coachella2015,,,,,,,
neutral,yes,WhitesideCopy,0,The  lineup is out. It's only a matter of time before  tricks some hipsters.,,1/6/15 20:54,5.5269e+17,Dallas,Eastern Time (US & Canada),[],#Coachella2015,,,,,,,,[],#Coachella2015,,,,,,,
neutral,yes,FrictionFunFrog,0,why ain't you performing at ?,,1/6/15 20:52,5.52689e+17,68071,,[],#Coachella2015,,,,,,,,[],#Coachella2015,,,,,,,
neutral,yes,wonLife_nick,10,"RT : that would've been dope.. Travi$ Scott, PND, Jhene Aiko, Disclosure, Sampha, and Wiz.. add them to the line up. _",,1/6/15 20:49,5.52688e+17,,,[],#Coachella20,,,,,,,,[],#Coachella20,,,,,,,
neutral,yes,NickPetok,1,Chocolate bear and vanilla bear take   _x__,,1/6/15 20:47,5.52688e+17,,Pacific Time (US & Canada),[],#Coachella2015,,,,,,,,[],#Coachella2015,,,,,,,
neutral,yes,carlysus,1,RT : Keep fucking with your hair and you wont have any for,,1/6/15 20:45,5.52687e+17,PLUTO,Arizona,[],#coachella2015,,,,,,,,[],#coachella2015,,,,,,,
neutral,yes,jaredtbh,1,Keep fucking with your hair and you wont have any for,,1/6/15 20:43,5.52687e+17,*_*_* *: *,Eastern Time (US & Canada),[],#coachella2015,,,,,,,,[],#coachella2015,,,,,,,
neutral,yes,wonLife_nick,4,"RT : "": Who else would you have added to the  line-up?   , F_",,1/6/15 20:43,5.52687e+17,,,[],#Coachella2015,#TalkBack,,,,,,,[],#Coachella2015,#TalkBack,,,,,,
neutral,yes,jay_severe,0,how would feel if I asked you to take me to   with you as a guest of yours ___,,1/6/15 20:42,5.52687e+17,Freeport Ny ,,[],#Coachella2015,,,,,,,,[],#Coachella2015,,,,,,,
neutral,yes,JoeTurchetta_,0,: My  lineup,"[41.82418944, -71.48966]",1/6/15 20:40,5.52686e+17,"Johnston, RI",Eastern Time (US & Canada),[],#Coachella2015,,,,,,,,[],#Coachella2015,,,,,,,
neutral,yes,1alexcam,0,AC/DC  &amp; Drake headline COACHELLA 2015 music festival,,1/6/15 20:37,5.52686e+17,London (UK) --||--,London,[],#JackWhite,#coachella,#Coachella2015,#coachellalineup,#US,#Cali,,,[],#JackWhite,#coachella,#Coachella2015,#coachellalineup,#US,#Cali,,
neutral,yes,PriscillaRose,0,Kids these days will never understand the virtue of Steely Dan.,,1/6/15 20:37,5.52685e+17,Austin,Mountain Time (US & Canada),[],#Coachella2015,,,,,,,,[],#Coachella2015,,,,,,,
neutral,yes,1RachelMarie3,2,RT : Is Miley gonna perform on,,1/6/15 20:35,5.52685e+17,,,[],#Coachella2015,,,,,,,,[],#Coachella2015,,,,,,,
neutral,yes,UltraKelsey,0,Just calling it now:  will come out during,"[34.41104373, -119.86234275]",1/6/15 20:34,5.52685e+17,nsfw,Mountain Time (US & Canada),[],#Coachella2015,,,,,,,,[],#Coachella2015,,,,,,,
neutral,yes,MileyBoardcast,2,Is Miley gonna perform on,,1/6/15 20:26,5.52683e+17,WorldWide,New Delhi,[],#Coachella2015,,,,,,,,[],#Coachella2015,,,,,,,
neutral,yes,brookebecher,0,"BARRY, YOU HAVE TO TELL ME THESE THINGS.",,1/6/15 20:26,5.52683e+17,"Long Beach, CA",,[],#coachella2015,#turnup,,,,,,,[],#coachella2015,#turnup,,,,,,
neutral,yes,williamle83,0,Tryna see if I can hit up,"[29.93344726, -95.56331606]",1/6/15 20:24,5.52682e+17,,,[],#Coachella2015,,,,,,,,[],#Coachella2015,,,,,,,
neutral,yes,ttylerrx,1,RT : MILEY BLEACHED HER HAIR FOR,,1/6/15 20:23,5.52682e+17,,,[],#Coachella2015,,,,,,,,[],#Coachella2015,,,,,,,
neutral,yes,wamysweet,97,"RT : Texas USA Garland    901 Coachella 2015: AC/DC, Steely Dan, Drake among headliners Co_",,1/6/15 20:21,5.52681e+17,In your phone,Central America,[],#Coachella2015,,,,,,,,[],#Coachella2015,,,,,,,
neutral,yes,cyrusisbomb,1,MILEY BLEACHED HER HAIR FOR,,1/6/15 20:19,5.52681e+17,,Alaska,[],#Coachella2015,,,,,,,,[],#Coachella2015,,,,,,,
neutral,yes,darkstar6,0,no they will all end up at  in ...like all the other middle aged perverts.,,1/6/15 20:14,5.5268e+17,,Alaska,[],#popes,#palmsprings,#Coachella2015,,,,,,[],#popes,#palmsprings,#Coachella2015,,,,,
neutral,yes,brownjenjen,97,"Texas USA Garland    901 Coachella 2015: AC/DC, Steely Dan, Drake among headliners Coachella 2015",,1/6/15 20:12,5.52679e+17,"Dallas, TX",Ljubljana,[],#Coachella2015,,,,,,,,[],#Coachella2015,,,,,,,
neutral,yes,JoshMaher,0,"Scoping out  tickets (which go on sale tomorrow)... weekend , , or skip it altogether?",,1/6/15 20:09,5.52678e+17,Sunny Seattle,Pacific Time (US & Canada),[],#Coachella2015,#1,#2,,,,,,[],#Coachella2015,#1,#2,,,,,
neutral,yes,mgray303,0,"I would go to Coachella, see Squarepusher, then leave.",,1/6/15 20:09,5.52678e+17,"Denver, November, 2019",Mountain Time (US & Canada),[],#Coachella2015,,,,,,,,[],#Coachella2015,,,,,,,
neutral,yes,AlfianDasri,0,"Royal Blood, Kasabian, St. Vincent and Tame Impala at",,1/6/15 20:05,5.52677e+17,"Tampines, Singapore",Alaska,[],#Coachella2015,,,,,,,,[],#Coachella2015,,,,,,,
neutral,yes,mitchmarzuola,0,interpol goes future bass,,1/6/15 19:58,5.52676e+17,Texas,Central Time (US & Canada),[],#Coachella2015,,,,,,,,[],#Coachella2015,,,,,,,
neutral,yes,sryimnotsorry1,0,Lol there is literally a Drake marathon on the radio right now,,1/6/15 19:51,5.52674e+17,Cali,Pacific Time (US & Canada),[],#Coachella2015,,,,,,,,[],#Coachella2015,,,,,,,
neutral,yes,bloodandGauraa,0,".    :  send them your article, get  passes, do expose on Drake",,1/6/15 19:51,5.52674e+17,New York ish,Pacific Time (US & Canada),[],#Coachella2015,,,,,,,,[],#Coachella2015,,,,,,,
neutral,yes,mitchmarzuola,0,axwell ^ ingrosso and oliver heldens have a deep v contest. gesaffelstein ends up winning somehow.,,1/6/15 19:50,5.52674e+17,Texas,Central Time (US & Canada),[],#Coachella2015,,,,,,,,[],#Coachella2015,,,,,,,
neutral,yes,PhanArt,0,"send them your article, get  passes, do expose on Drake",,1/6/15 19:48,5.52673e+17,"Albany, NY",Bogota,[],#Coachella2015,,,,,,,,[],#Coachella2015,,,,,,,
neutral,yes,flemmingerin,2,RT : ATTENTION EVERYONE: go read 's  series immediately,,1/6/15 19:44,5.52672e+17,San Diego,,[],#Coachella2015,,,,,,,,[],#Coachella2015,,,,,,,
neutral,yes,flemmingerin,1,RT : SBTRKT will find his vowels,,1/6/15 19:44,5.52672e+17,San Diego,,[],#Coachella2015,,,,,,,,[],#Coachella2015,,,,,,,
neutral,yes,MsCheeba,0,"I'm calling it  "": Um yeah, no. ","[35.6129512, -121.14177637]",1/6/15 19:44,5.52672e+17,Central Coast of CA,Pacific Time (US & Canada),[],#Oldchella,#Coachella2015,,,,,,,[],#Oldchella,#Coachella2015,,,,,,
neutral,yes,flemmingerin,1,RT : what so not makes the flute drop mainstream,,1/6/15 19:43,5.52672e+17,San Diego,,[],#Coachella2015,,,,,,,,[],#Coachella2015,,,,,,,
neutral,yes,RedEyeFlight5,0,Hope  brings out  for,,1/6/15 19:38,5.52671e+17,P-Town Cali!,Pacific Time (US & Canada),[],#nathan,#Coachella2015,,,,,,,[],#nathan,#Coachella2015,,,,,,
neutral,yes,mitchmarzuola,0,robin thicke shows up and no one notices,,1/6/15 19:34,5.5267e+17,Texas,Central Time (US & Canada),[],#Coachella2015,,,,,,,,[],#Coachella2015,,,,,,,
neutral,yes,cynari86,0,This is what I feel happened this year...may or may not sell our tickets.,,1/6/15 19:33,5.52669e+17,,,[],#coachella2015,#edm,#coachella,,,,,,[],#coachella2015,#edm,#coachella,,,,,
neutral,yes,WildBuffalo,1,12 of the  acts have played on our stage before.,,1/6/15 19:31,5.52669e+17,"Bellingham, WA",Pacific Time (US & Canada),[],#Coachella2015,#RandomFacts,,,,,,,[],#Coachella2015,#RandomFacts,,,,,,
neutral,yes,mykke,0,My  experience,,1/6/15 19:31,5.52669e+17,san francisco,Pacific Time (US & Canada),[],#coachella,#hype,#coachella2015,,,,,,[],#coachella,#hype,#coachella2015,,,,,
neutral,yes,socialandre,0,"fans are like, ""Ooo who is AC/DC?""",,1/6/15 19:29,5.52668e+17,"Los Angeles, CA",Pacific Time (US & Canada),[],#Coachella2015,,,,,,,,[],#Coachella2015,,,,,,,
neutral,yes,meLEAHlongtime,2,RT : BRIKEHA does,,1/6/15 19:21,5.52666e+17,,Central Time (US & Canada),[],#Coachella2015,,,,,,,,[],#Coachella2015,,,,,,,
neutral,yes,mitchmarzuola,0,hozier gets taken to church by raekwon,,1/6/15 19:18,5.52666e+17,Texas,Central Time (US & Canada),[],#Coachella2015,,,,,,,,[],#Coachella2015,,,,,,,
neutral,yes,theband_BEAR,1,What do you all think of the  lineup? I think we should grace their stage *wink*,,1/6/15 19:15,5.52665e+17,"Chicago, IL",Central Time (US & Canada),[],#Coachella,#bear,#newmusiccoming,#Coachella2015,,,,,[],#Coachella,#bear,#newmusiccoming,#Coachella2015,,,,
neutral,yes,emilyy_NWTS,0,Drake head lining.,,1/6/15 19:12,5.52664e+17,Surfing since 95 ,Mountain Time (US & Canada),[],#Coachella2015,,,,,,,,[],#Coachella2015,,,,,,,
neutral,yes,mitchmarzuola,1,what so not makes the flute drop mainstream,,1/6/15 19:12,5.52664e+17,Texas,Central Time (US & Canada),[],#Coachella2015,,,,,,,,[],#Coachella2015,,,,,,,
neutral,yes,FlipDi3sel,0,It's almost that time of year ladies and gents...,,1/6/15 19:11,5.52664e+17,,Pacific Time (US & Canada),[],#Coachella2015,,,,,,,,[],#Coachella2015,,,,,,,
neutral,yes,skullass,0,Downloading the apps so that i can feel the vibe,,1/6/15 19:10,5.52664e+17,,Beijing,[],#Coachella2015,#dontcare,,,,,,,[],#Coachella2015,#dontcare,,,,,,
neutral,yes,meatservo80,0,anyone I know going to  ? considering tickets... maybe....,,1/6/15 19:10,5.52663e+17,San Diego,Pacific Time (US & Canada),[],#Coachella2015,,,,,,,,[],#Coachella2015,,,,,,,
neutral,yes,mitchmarzuola,0,circa survive and flosstradamus combine mosh pits,,1/6/15 19:09,5.52663e+17,Texas,Central Time (US & Canada),[],#Coachella2015,,,,,,,,[],#Coachella2015,,,,,,,
neutral,yes,chrissyyxxx,0,Tomorrow can either be my favorite day or my most hated day,,1/6/15 19:07,5.52663e+17,,,[],#Coachella2015,,,,,,,,[],#Coachella2015,,,,,,,
neutral,yes,alextamby,0,How's about that  lineup?,,1/6/15 19:07,5.52663e+17,your mum's bed,,[],#Coachella2015,,,,,,,,[],#Coachella2015,,,,,,,
neutral,yes,StevenAnthony9,0,No more  shows after  __,,1/6/15 19:06,5.52663e+17,San Diego,Pacific Time (US & Canada),[],#Coachella2015,#itsasadday,,,,,,,[],#Coachella2015,#itsasadday,,,,,,
neutral,yes,joderoyal,0,Maybe,,1/6/15 19:04,5.52662e+17,at my Box norcal,Pacific Time (US & Canada),[],#Coachella2015,,,,,,,,[],#Coachella2015,,,,,,,
neutral,yes,mitchmarzuola,1,RT :  these  tweets are killing me,,1/6/15 19:01,5.52661e+17,Texas,Central Time (US & Canada),[],#Coachella2015,,,,,,,,[],#Coachella2015,,,,,,,
neutral,yes,mitchmarzuola,6,Migos shows up and debuts shmigo gang with a bobby shmurda hologram,,1/6/15 18:57,5.5266e+17,Texas,Central Time (US & Canada),[],#Coachella2015,,,,,,,,[],#Coachella2015,,,,,,,
neutral,yes,KrisJack_son,0,Currently crying laughing...,,1/6/15 18:57,5.5266e+17,,Central Time (US & Canada),[],#Coachella2015,,,,,,,,[],#Coachella2015,,,,,,,
neutral,yes,DavidFurlinSD6,0,The Coachella 2015 lineup is out!,,1/6/15 18:54,5.5266e+17,San Diego,,[],#Coachella2015,,,,,,,,[],#Coachella2015,,,,,,,
neutral,yes,mitchmarzuola,0,ghostface &amp; porter robinson debut their side project,,1/6/15 18:51,5.52659e+17,Texas,Central Time (US & Canada),[],#Coachella2015,,,,,,,,[],#Coachella2015,,,,,,,
neutral,yes,Jake2712,1,RT : brian benzworth fills in for ryan hemsworth,,1/6/15 18:51,5.52659e+17,Illinois,Central Time (US & Canada),[],#Coachella2015,,,,,,,,[],#Coachella2015,,,,,,,
neutral,yes,CallMeEPJ,1,"RT : Big reunion is Ride, but  points out that with  and  both on Sunday, maybe Rilo Kiley reuni_",,1/6/15 18:50,5.52658e+17,"Riverside, CA",,[],,,,,,,,,[],,,,,,,,
neutral,yes,OoberRoadie,0,Tickets to  Music Festival go on sale tomorrow. AC/DC top billing,"[0.0, 0.0]",1/6/15 18:50,5.52658e+17,"San Diego, CA.",Pacific Time (US & Canada),[],#Coachella2015,#SanDiego,,,,,,,[],#Coachella2015,#SanDiego,,,,,,
neutral,yes,mitchmarzuola,0,"Tyler, The Creator &amp; Tycho debut a Beatport Top Ten single.",,1/6/15 18:48,5.52658e+17,Texas,Central Time (US & Canada),[],#Coachella2015,,,,,,,,[],#Coachella2015,,,,,,,
neutral,yes,Xaviersherrera,0,Looking for a group to attend  with,,1/6/15 18:43,5.52657e+17,"New York, NY",Eastern Time (US & Canada),[],#Coachella,#Coachella2015,#NYC,,,,,,[],#Coachella,#Coachella2015,#NYC,,,,,
neutral,yes,mitchmarzuola,0,Azealia Banks &amp; Action Bronson just make fun of each other for 45 minutes,,1/6/15 18:42,5.52656e+17,Texas,Central Time (US & Canada),[],#Coachella2015,,,,,,,,[],#Coachella2015,,,,,,,
neutral,yes,DiannaBltrn,5,RT : Still waiting on the Jenni Rivera hologram,,1/6/15 18:41,5.52656e+17,,Pacific Time (US & Canada),[],#Coachella2015,,,,,,,,[],#Coachella2015,,,,,,,
neutral,yes,mitchmarzuola,0,Death Grips holograms,,1/6/15 18:40,5.52656e+17,Texas,Central Time (US & Canada),[],#Coachella2015,,,,,,,,[],#Coachella2015,,,,,,,
neutral,yes,vanessafranko,0,"And in what shouldn't be a shock, Sly Stone is not back on the lineup for .",,1/6/15 18:40,5.52656e+17,"Riverside, CA",Pacific Time (US & Canada),[],#Coachella2015,,,,,,,,[],#Coachella2015,,,,,,,
neutral,yes,mitchmarzuola,0,ACDC B2B Run The Jewels,,1/6/15 18:39,5.52656e+17,Texas,Central Time (US & Canada),[],#Coachella2015,,,,,,,,[],#Coachella2015,,,,,,,
neutral,yes,riskrated,0,When you hear the lineup for Coachella 2015,,1/6/15 18:39,5.52656e+17,,Arizona,[],#Coachella2015,,,,,,,,[],#Coachella2015,,,,,,,
neutral,yes,Snarkaroni,0,I wonder how much money I can make by renting out my driveway during ?,,1/6/15 18:38,5.52655e+17,  I snark therefore I am.   ,Pacific Time (US & Canada),[],#Coachella2015,,,,,,,,[],#Coachella2015,,,,,,,
neutral,yes,catbonati,0,but I might as well name the best of,,1/6/15 18:35,5.52655e+17,,Santiago,[],#Coachella2015,,,,,,,,[],#Coachella2015,,,,,,,
neutral,yes,vanessafranko,0,My quick takes on : Interesting that the rumor mill was spot on with the three headliners.  is going to have a HUGE year,,1/6/15 18:30,5.52654e+17,"Riverside, CA",Pacific Time (US & Canada),[],#Coachella2015,,,,,,,,[],#Coachella2015,,,,,,,
neutral,yes,DonaldDDiva,0,",  , ,  and  are headlining  this year.",,1/6/15 18:26,5.52652e+17,"207 East 14th Street. Ny, Ny",Eastern Time (US & Canada),[],#Jackwhite,#Coachella2015,#RT,,,,,,[],#Jackwhite,#Coachella2015,#RT,,,,,
neutral,yes,aidenkwon,0,COACHELLA LINEUP,,1/6/15 18:25,5.52652e+17,"cowtown, canadia",Central Time (US & Canada),[],#Coachella2015,,,,,,,,[],#Coachella2015,,,,,,,
neutral,yes,AmyEbersole,0,. Thoughts?,,1/6/15 18:22,5.52651e+17,"Los Angeles, California",Pacific Time (US & Canada),[],#Coachella2015,,,,,,,,[],#Coachella2015,,,,,,,
neutral,yes,SkerdiOfficial,0,It's freezing balls in  tonight. Stay warm,,1/6/15 18:21,5.52651e+17,Milwaukee USA - Woldwide,Eastern Time (US & Canada),[],#milwaukee,#EDM,#nowplaying,#Coachella2015,#Coachella,#coldday,,,[],#milwaukee,#EDM,#nowplaying,#Coachella2015,#Coachella,#coldday,,
neutral,yes,Thx4SharingJerk,1,RT : my friends and colleagues  will be playing   as a hidden headliner. you heard it from y_,,1/6/15 18:19,5.52651e+17,,,[],#daftpunk,#coachella,#Coachella2015,,,,,,[],#daftpunk,#coachella,#Coachella2015,,,,,
neutral,yes,Suzy4PR,0,So the 2015 Coachella lineup was announced today? Thoughts?,,1/6/15 18:16,5.5265e+17,SoCal...by the beach,Pacific Time (US & Canada),[],#Coachella2015,,,,,,,,[],#Coachella2015,,,,,,,
neutral,yes,JillianLeff,0,"lineup revealed and all I'm thinking is: ""When is  touring again???""",,1/6/15 18:13,5.52649e+17,Los Angeles,Eastern Time (US & Canada),[],#Coachella2015,,,,,,,,[],#Coachella2015,,,,,,,
neutral,yes,Georgekourm,17,RT : Thoughts on the  line-up?,,1/6/15 18:12,5.52649e+17,NYC|Greece ,,[],#Coachella2015,,,,,,,,[],#Coachella2015,,,,,,,
neutral,yes,brownjenjen,98," NEWS   152 Coachella 2015  Coachella 2015: AC/DC, Steely Dan, Drake among headliners  Alabama USA Mo_",,1/6/15 18:12,5.52649e+17,"Dallas, TX",Ljubljana,[],#Coachella2015,,,,,,,,[],#Coachella2015,,,,,,,
neutral,yes,ADG6IX10,0,umm.. Miley dissing on Drake. _ with her instagram photo.. don't be hatin. don't be a hater. __ he's the best that's why. _,,1/6/15 18:11,5.52649e+17,_ __ ,Central Time (US & Canada),[],#Coachella2015,,,,,,,,[],#Coachella2015,,,,,,,
neutral,yes,RaverSwag,0,This just happened_,,1/6/15 18:10,5.52649e+17,Las Vegas,Pacific Time (US & Canada),[],#Coachella2015,,,,,,,,[],#Coachella2015,,,,,,,
neutral,yes,hbdub10,0,WHO TF IS GOING TO  WITH MEEEEE,,1/6/15 18:05,5.52647e+17,,Hawaii,[],#Coachella2015,,,,,,,,[],#Coachella2015,,,,,,,
neutral,yes,AaronSteadyHand,0,: ! Who's excited to send us some  this year with their AaronSteadyhand?!,,1/6/15 18:04,5.52647e+17,Marina Del Rey,,[],#NowTrending,#Coachella2015,#CoachellaSelfies,,,,,,[],#NowTrending,#Coachella2015,#CoachellaSelfies,,,,,
neutral,yes,mendestomato,0,Who's going to coachella??,,1/6/15 18:01,5.52646e+17,nyc ,Tijuana,[],#Coachella2015,,,,,,,,[],#Coachella2015,,,,,,,
neutral,yes,DavidDavidta65,0,VIP Coachella tickets are almost 900 bucks I wonder how much my gf payed.!   ________,,1/6/15 18:01,5.52646e+17,,Arizona,[],#Coachella2015,,,,,,,,[],#Coachella2015,,,,,,,
neutral,yes,lisvmvrie,0,w/ ant_mizzle ,,1/6/15 17:55,5.52645e+17,"EAST BAY, CA",Pacific Time (US & Canada),[],#Coachella2015,,,,,,,,[],#Coachella2015,,,,,,,
neutral,yes,Mxnty,0,Flashback to coachella 2014,,1/6/15 17:50,5.52643e+17,fiji,,[],#coachella2015,#jivejoint,#supertallpaul,#spaceman,,,,,[],#coachella2015,#jivejoint,#supertallpaul,#spaceman,,,,
neutral,yes,mikebornstein,0,slated to perform for the ppl she hates so much. The irony.,"[0.0, 0.0]",1/6/15 17:45,5.52642e+17,"New York, NY",Eastern Time (US & Canada),[],#Coachella2015,,,,,,,,[],#Coachella2015,,,,,,,
neutral,yes,musicrowgirl,1,Blog:  ANNOUNCES THEIR 2015 LINEUP [,,1/6/15 17:42,5.52642e+17,themusicrowgirl@gmail.com,,[],#Coachella2015,#Coachella,#musicbloggers,#music,,,,,[],#Coachella2015,#Coachella,#musicbloggers,#music,,,,
neutral,yes,ComiendoenLA,1,. tickets go on sale TOMORROW! Are you ready?,,1/6/15 17:40,5.52641e+17,Los Angeles,Central Time (US & Canada),[],#Coachella,#Coachella2015,,,,,,,[],#Coachella,#Coachella2015,,,,,,
neutral,yes,HerelyHdez,0,But the line up this year.. I'm confused,,1/6/15 17:34,5.52639e+17,Mex / Magic Kingdom / SoCal,Pacific Time (US & Canada),[],#sobad,#coachella2015,,,,,,,[],#sobad,#coachella2015,,,,,,
neutral,yes,jkaks8,0,you going to   ?????,,1/6/15 17:31,5.52639e+17,"Sioux Lookout, ON",Central Time (US & Canada),[],#Coachella2015,,,,,,,,[],#Coachella2015,,,,,,,
neutral,yes,hawktopus,0,"Secret Cheese &amp; The Flavorwaves, Vinyl Christ, , Weaselpocalypse, Rinse Lather Repeat, Dongspiracy, Lukewarm Vacation",,1/6/15 17:30,5.52638e+17,Los Angeles,Pacific Time (US & Canada),[],#Coachella2015,,,,,,,,[],#Coachella2015,,,,,,,
neutral,yes,deana_banana1,0,I'm not too sure how to respond...,,1/6/15 17:30,5.52638e+17,"San Jose, CA",Pacific Time (US & Canada),[],#Coachella2015,#coachellalineup,#weaksauce,,,,,,[],#Coachella2015,#coachellalineup,#weaksauce,,,,,
neutral,yes,stephwest808,0,or Europe! Jk Paris is always a good idea _ __ ,,1/6/15 17:30,5.52638e+17,,Tijuana,[],#Coachella2015,,,,,,,,[],#Coachella2015,,,,,,,
neutral,yes,AngelAintPoppin,0,It's looking like a possibility for me :  who's goin?,,1/6/15 17:26,5.52637e+17,where boujie & hood meet,Tijuana,[],#Coachella2015,,,,,,,,[],#Coachella2015,,,,,,,
neutral,yes,BrittanyRay4,2,BRIKEHA does,,1/6/15 17:25,5.52637e+17,,Eastern Time (US & Canada),[],#Coachella2015,,,,,,,,[],#Coachella2015,,,,,,,
neutral,yes,gabe_c3,0,Lineup,,1/6/15 17:25,5.52637e+17,,Pacific Time (US & Canada),[],#Coachella2015,,,,,,,,[],#Coachella2015,,,,,,,
neutral,yes,OfficerPenidom,0,Cha boy trying to go to,,1/6/15 17:23,5.52637e+17,"Northeastern, Pennsylvania ",Central Time (US & Canada),[],#Coachella2015,,,,,,,,[],#Coachella2015,,,,,,,
neutral,yes,Maddieeearroyoo,1,RT : Weekend 2,,1/6/15 17:22,5.52636e+17,,Alaska,[],#Coachella2015,,,,,,,,[],#Coachella2015,,,,,,,
neutral,yes,ch0ubella,0,line up -- who's going?,,1/6/15 17:18,5.52635e+17,San Francisco Bay Area,Pacific Time (US & Canada),[],#Coachella2015,,,,,,,,[],#Coachella2015,,,,,,,
neutral,yes,DartfordL,0,Coachella anyone?,,1/6/15 17:18,5.52635e+17,Leeds,,[],#Coachella2015,,,,,,,,[],#Coachella2015,,,,,,,
neutral,yes,crackthesky27,0,JayZ -&gt; Kanye -&gt; Snoop+Dr Dre + host of tupac -&gt; outkast -&gt; to drake ? Lmao cmon,,1/6/15 17:15,5.52635e+17,Sunny California,Pacific Time (US & Canada),[],#Coachella2015,,,,,,,,[],#Coachella2015,,,,,,,
neutral,yes,nadiapignataro,1,Weekend 2,,1/6/15 17:10,5.52633e+17,bae area,,[],#Coachella2015,,,,,,,,[],#Coachella2015,,,,,,,
neutral,yes,lissyb92,1,Nor am i wealthy enough to go to,,1/6/15 17:08,5.52633e+17,"Phoenix, AZ",,[],#Coachella2015,,,,,,,,[],#Coachella2015,,,,,,,
neutral,yes,lissyb92,1,I don't look good enough in a flower crown to go to,,1/6/15 17:08,5.52633e+17,"Phoenix, AZ",,[],#Coachella2015,,,,,,,,[],#Coachella2015,,,,,,,
neutral,yes,czarquilantip,0,line up. Stokes. Countdown begins.,,1/6/15 17:07,5.52633e+17,"Pasadena, CA",Pacific Time (US & Canada),[],#Coachella2015,,,,,,,,[],#Coachella2015,,,,,,,
neutral,yes,DoTheBortman,0,burn Coachella music festival to the ground and salt the scorched and raw earth where it stood,,1/6/15 17:04,5.52632e+17,"Inside a Well, Chicago",Central Time (US & Canada),[],#Coachella2015,#Coachella,,,,,,,[],#Coachella2015,#Coachella,,,,,,
neutral,yes,DJ_Scotty_T,0,"SongOfTheDay - ""You Shook Me All Night Long"" by AC/DC.  In honor of  and   
Was that last one 4.0?",,1/6/15 17:04,5.52632e+17,The Great Country of Texas,Central Time (US & Canada),[],#Coachella2015,#DallasEarthquake,,,,,,,[],#Coachella2015,#DallasEarthquake,,,,,,
neutral,yes,ForTomorrow10,1,I know 2.36% of the bands playing .,,1/6/15 17:03,5.52632e+17,,Mountain Time (US & Canada),[],#Coachella2015,,,,,,,,[],#Coachella2015,,,,,,,
neutral,yes,Simoneriella,0,SELLING MY COACHELLA WEEKEND 1 PASS $550 PM ME IF YOU'RE INTERESTED,,1/6/15 17:02,5.52631e+17,Los Angeles 1996,Atlantic Time (Canada),[],#coachella,#coachella2015,#coachellatickets,,,,,,[],#coachella,#coachella2015,#coachellatickets,,,,,
neutral,yes,smarkowi99,0,When ur dad tells u he's taking u to,,1/6/15 16:58,5.5263e+17,,,[],#Coachella2015,,,,,,,,[],#Coachella2015,,,,,,,
neutral,yes,MHQnet,0,by mileycyrus,,1/6/15 16:56,5.5263e+17,Germany,Berlin,[],#coachella2015,,,,,,,,[],#coachella2015,,,,,,,
neutral,yes,irisjauregui,0,line up,,1/6/15 16:54,5.52629e+17,California,Pacific Time (US & Canada),[],#Coachella2015,,,,,,,,[],#Coachella2015,,,,,,,
neutral,yes,mikmilligan,0,I just like that Steely Dan is trending on twitter.,,1/6/15 16:52,5.52629e+17,,Eastern Time (US & Canada),[],#Coachella2015,,,,,,,,[],#Coachella2015,,,,,,,
neutral,yes,uzenoldsoul,0,"glaring omissions, freddie gibbs &amp; madlib, joey bada$$,",,1/6/15 16:52,5.52629e+17,,,[],#Coachella2015,,,,,,,,[],#Coachella2015,,,,,,,
neutral,yes,JayJay_T5,0,Everyone is talking about,,1/6/15 16:51,5.52629e+17,tx ,,[],#Coachella2015,,,,,,,,[],#Coachella2015,,,,,,,
neutral,yes,KristenElysse,0,", what are your thoughts on the  lineup? Is your son old enough to go?",,1/6/15 16:50,5.52628e+17,Toronto,Quito,[],#Hey,#Coachella2015,,,,,,,[],#Hey,#Coachella2015,,,,,,
neutral,yes,tgirardet19,0,Anyone wanna go to coachella with me??,,1/6/15 16:49,5.52628e+17,___,Pacific Time (US & Canada),[],#Coachella2015,,,,,,,,[],#Coachella2015,,,,,,,
neutral,yes,nickrios33,0,lineup,,1/6/15 16:47,5.52628e+17,California,Pacific Time (US & Canada),[],#Coachella2015,,,,,,,,[],#Coachella2015,,,,,,,
neutral,yes,pcostas01,1,RT : I am not appearing at,,1/6/15 16:43,5.52627e+17,Sonoran Desert,Arizona,[],#Coachella2015,,,,,,,,[],#Coachella2015,,,,,,,
neutral,yes,D2Tayono,0,"Well.. ""Trouble""never put on my middle name. I'm just simple  and hoping with simple happenings will be with all with the same",,1/6/15 16:40,5.52626e+17,Los Angeles Historic Place,,[],#Coachella2015,,,,,,,,[],#Coachella2015,,,,,,,
neutral,yes,du_fernandez,0,setlist is already out! Now I can't wait to see  !!!!,,1/6/15 16:38,5.52625e+17,Brazil,Brasilia,[],#Coachella2015,#Glastonbury2015,,,,,,,[],#Coachella2015,#Glastonbury2015,,,,,,
neutral,yes,rizzatweets,0,"Alt-J, Glass Animals, and Cloud Nothings. HUHUHU.",,1/6/15 16:38,5.52625e+17,Loyola Heights,Kuala Lumpur,[],#Coachella2015,,,,,,,,[],#Coachella2015,,,,,,,
neutral,yes,SisterCrayon,0,Our homeboys  will be at,,1/6/15 16:34,5.52624e+17,"OAKLAND, CA",Pacific Time (US & Canada),[],#Coachella2015,,,,,,,,[],#Coachella2015,,,,,,,
neutral,yes,AKOD,0,The Weeknd embodies everything a weekend has to be. They are so lazy they even don't write they're own name complete.,,1/6/15 16:34,5.52624e+17,PSN: Teh_AKOD,Mexico City,[],#Coachella2015,,,,,,,,[],#Coachella2015,,,,,,,
neutral,yes,jes5icakate,0,Hey  special guests  ?   whyyyyyy  _,,1/6/15 16:30,5.52623e+17,"San Diego, CA",Pacific Time (US & Canada),[],#beavisandbutthead,#Coachella2015,#ACDC,#nochella,,,,,[],#beavisandbutthead,#Coachella2015,#ACDC,#nochella,,,,
neutral,yes,venusamormusic,1,"RT : Check out the  line up, music from  &amp; a mash up from  all on

_",,1/6/15 16:29,5.52623e+17,MIA,Central Time (US & Canada),[],#Coachella2015,#luda,#word,,,,,,[],#Coachella2015,#luda,#word,,,,,
neutral,yes,Skirtlin,0,""": The lineup is here!   please",,1/6/15 16:28,5.52623e+17,,Pacific Time (US & Canada),[],#Coachella2015,,,,,,,,[],#Coachella2015,,,,,,,
neutral,yes,AKOD,0,"AC/DC. Proving you don't have to be new to be ""current"" in the music scene.",,1/6/15 16:23,5.52621e+17,PSN: Teh_AKOD,Mexico City,[],#Coachella2015,#EngineersJoke,,,,,,,[],#Coachella2015,#EngineersJoke,,,,,,
neutral,yes,MrNelsonRemo,0,Coachella 2015 Official Line Up. ______,,1/6/15 16:22,5.52621e+17,BCD  PHL   NYC  HK  MACAU,Hong Kong,[],#Coachella2015,,,,,,,,[],#Coachella2015,,,,,,,
neutral,yes,CallMeKikiii,0,"I wonder who's idea it was to put hozier, lykke li, kimbra, and odesza on different nights smh",,1/6/15 16:21,5.52621e+17,VEGAS...,Pacific Time (US & Canada),[],#Coachella2015,,,,,,,,[],#Coachella2015,,,,,,,
neutral,yes,helloveeveeann,0,"Why I need a sugardaddy: edc,coachella,tattoos &amp;clothes/makeup    or",,1/6/15 16:18,5.5262e+17,,Pacific Time (US & Canada),[],#brokelyfe,#sugardaddy,#plz,#gottagrind,#EDCLV2015,#Coachella2015,#tattoos,,[],#brokelyfe,#sugardaddy,#plz,#gottagrind,#EDCLV2015,#Coachella2015,#tattoos,
neutral,yes,PMonje12,0,this year?,,1/6/15 16:18,5.5262e+17,,,[],#Coachella2015,,,,,,,,[],#Coachella2015,,,,,,,
neutral,yes,festrip,0,"AC/DC, Jack White and Drake will headline  2015. Full line up on",,1/6/15 16:15,5.52619e+17,,Amsterdam,[],#Coachella2015,,,,,,,,[],#Coachella2015,,,,,,,
neutral,yes,YoursTrulyPower,0,"said it along time ago ""We already got Spring 2015 popping"".

I should've known that was about",,1/6/15 16:13,5.52619e+17,,,[],#Coachella2015,,,,,,,,[],#Coachella2015,,,,,,,
neutral,yes,ifstars,0,This has to be the earliest festival release...,,1/6/15 16:03,5.52616e+17,Toronteaux.,Eastern Time (US & Canada),[],#Coachella2015,,,,,,,,[],#Coachella2015,,,,,,,
neutral,yes,IooZeeExtra,1,"RT : Looking at the  line up like... ""who are these people!?""",,1/6/15 16:02,5.52616e+17,W O R L D W I D E,Quito,[],#Coachella2015,,,,,,,,[],#Coachella2015,,,,,,,
neutral,yes,J_Credible,1,Check out my  playlist I just made on the  app!,,1/6/15 16:01,5.52616e+17,Power 106 7p -10p Mon-Fri,Pacific Time (US & Canada),[],#Coachella2015,,,,,,,,[],#Coachella2015,,,,,,,
neutral,yes,Nicholas_McCann,0,I don't have a problem with the Coachella lineup. People that say that publicly should get free tickets.,"[32.7611619, -117.14843997]",1/6/15 15:59,5.52615e+17,San Diego,Pacific Time (US & Canada),[],#Coachella2015,,,,,,,,[],#Coachella2015,,,,,,,
neutral,yes,SierraWiede,0,If you would donate money to my bank account so I can attend  that'd be great,,1/6/15 15:58,5.52615e+17,,,[],#Coachella2015,,,,,,,,[],#Coachella2015,,,,,,,
neutral,yes,BrettFoley1,0,"AC/DC, Jack White, Drake headlining .  2nd on Fri &amp;  billed above Kasabian",,1/6/15 15:55,5.52614e+17,Melbourne,,[],#Coachella2015,,,,,,,,[],#Coachella2015,,,,,,,
neutral,yes,Joseph_Avila28,0,Selling 2  tickets,,1/6/15 15:53,5.52614e+17,,,[],#Coachella2015,,,,,,,,[],#Coachella2015,,,,,,,
neutral,yes,darren_levin,0,Wikipedia tells me Bon Scott died in 1980 - so who will AC/DC get to replace him at ? Chris Cornell?,,1/6/15 15:52,5.52614e+17,Melbourne,Melbourne,[],#Coachella2015,,,,,,,,[],#Coachella2015,,,,,,,
neutral,yes,LuthSeth,0,""": too broke to go, too far away.",,1/6/15 15:52,5.52614e+17,,Kuala Lumpur,[],#Coachella2015,,,,,,,,[],#Coachella2015,,,,,,,
neutral,yes,jordancomedy,0,I've only heard of 9 bands on . Please direct me to the nearest old folks home.,,1/6/15 15:51,5.52614e+17,"Denver, CO",Mountain Time (US & Canada),[],#Coachella2015,,,,,,,,[],#Coachella2015,,,,,,,
neutral,yes,_Joselyn72,0,Who's trynna go to Coachella this year though?,,1/6/15 15:51,5.52613e+17,,Atlantic Time (Canada),[],#Coachella2015,,,,,,,,[],#Coachella2015,,,,,,,
neutral,yes,jasontrabue,4,"RT : What 22-year-old doesn't want their mushroom trip to include a grandfather screaming ""Hells Bells?""",,1/6/15 15:49,5.52613e+17,Kansas City,,[],#Coachella2015,,,,,,,,[],#Coachella2015,,,,,,,
neutral,yes,mastermiyakawa,0,moving on up in the world,,1/6/15 15:49,5.52613e+17,B13,Pacific Time (US & Canada),[],#Coachella2015,,,,,,,,[],#Coachella2015,,,,,,,
neutral,yes,justinsloe,0,"Steely Dan is a trap DJ, right?",,1/6/15 15:49,5.52613e+17,Los Angeles,Pacific Time (US & Canada),[],#Coachella2015,,,,,,,,[],#Coachella2015,,,,,,,
neutral,yes,NewsNico,0,go on sale tomorrow at noon PST. Who's going?,,1/6/15 15:47,5.52613e+17,,,[],#Coachella2015,#tickets,,,,,,,[],#Coachella2015,#tickets,,,,,,
neutral,yes,jonfine,2,"RT : Dan Fogelberg, staring at his phone. Waiting for it to ring.",,1/6/15 15:47,5.52612e+17,New York,Eastern Time (US & Canada),[],#Coachella2015,,,,,,,,[],#Coachella2015,,,,,,,
neutral,yes,aqmaraziz,0,"too broke to go, too far away.",,1/6/15 15:45,5.52612e+17,,Kuala Lumpur,[],#Coachella2015,,,,,,,,[],#Coachella2015,,,,,,,
neutral,yes,avalonlurks,1,: Why isn't Young Thug headlining every day of  real talk,"[34.06423339, -118.31119744]",1/6/15 15:45,5.52612e+17,,Pacific Time (US & Canada),[],#Coachella2015,,,,,,,,[],#Coachella2015,,,,,,,
neutral,yes,scottcallan,1,RT : first tweet of 2015.,,1/6/15 15:40,5.52611e+17,Wales,London,[],#Coachella2015,#coachellalineup,,,,,,,[],#Coachella2015,#coachellalineup,,,,,,
neutral,yes,B_Boss__,0,WHOS DOWN TO GO TO,,1/6/15 15:39,5.5261e+17,,Hawaii,[],#COACHELLA2015,,,,,,,,[],#COACHELLA2015,,,,,,,
neutral,yes,GazzLlewellyn,1,first tweet of 2015.,,1/6/15 15:39,5.5261e+17,Cardiff-By-The-Sea,London,[],#Coachella2015,#coachellalineup,,,,,,,[],#Coachella2015,#coachellalineup,,,,,,
neutral,yes,valeriaizquieta,0,REAL women admit they hate football,,1/6/15 15:39,5.5261e+17,,,[],#Coachella2015,,,,,,,,[],#Coachella2015,,,,,,,
neutral,yes,AJTWEETS,3,Why isn't Young Thug headlining every day of,,1/6/15 15:39,5.5261e+17,"Yogurtland, CA",Pacific Time (US & Canada),[],#Coachella2015,,,,,,,,[],#Coachella2015,,,,,,,
neutral,yes,martinez_dee1,0,"AC/DC, hozier, the weekend, drake, flying lotus, raekwon, porter robinson, ghostface killah and many more..",,1/6/15 15:37,5.5261e+17,,Central Time (US & Canada),[],#coachella2015,#dreams,,,,,,,[],#coachella2015,#dreams,,,,,,
neutral,yes,jordansaweirdo,0,Chuck and the Wingtip Bandits playing Saturday,,1/6/15 15:36,5.5261e+17,Vegas,Eastern Time (US & Canada),[],#Coachella2015,,,,,,,,[],#Coachella2015,,,,,,,
neutral,yes,CaliGuyMike22,0,There are over 50 performers at Coachella this year. I've only heard of 3 of them.,"[0.0, 0.0]",1/6/15 15:36,5.5261e+17,"Hollywoodland, CA",Pacific Time (US & Canada),[],#oldmanproblems,#toohiptocare,#Coachella2015,#Coachella,,,,,[],#oldmanproblems,#toohiptocare,#Coachella2015,#Coachella,,,,
neutral,yes,TheLookMachine,0,Lineup,,1/6/15 15:35,5.52609e+17,California,Sydney,[],#Coachella2015,,,,,,,,[],#Coachella2015,,,,,,,
neutral,yes,melton_tara,0,"If anyone wants to help a girl out, I'd love you forever ___",,1/6/15 15:29,5.52608e+17,CLEVELAND ,Atlantic Time (Canada),[],#coachella2015,,,,,,,,[],#coachella2015,,,,,,,
neutral,yes,iB_Coolin,9,RT :  line up has been dropped,,1/6/15 15:29,5.52608e+17,DMV,Eastern Time (US & Canada),[],#coachella2015,,,,,,,,[],#coachella2015,,,,,,,
neutral,yes,AndyAldaba,0,Someone come with me to coachella 2015 i have an extra ticket ,,1/6/15 15:27,5.52607e+17,,,[],#Coachella2015,,,,,,,,[],#Coachella2015,,,,,,,
neutral,yes,daltonhiggins5,0,all headlining  ? That's Back In Black + busy times for a journalistbloggersoothsayerplaya,,1/6/15 15:27,5.52607e+17,Global,Hawaii,[],#JackWhite,#Drake,#ACDC,#Coachella2015,,,,,[],#JackWhite,#Drake,#ACDC,#Coachella2015,,,,
neutral,yes,RachelVanMonk,0,line up announced. Time to watch those chicks pretending they know the bands again. Just brilliant.,,1/6/15 15:27,5.52607e+17,London,London,[],#Coachella2015,,,,,,,,[],#Coachella2015,,,,,,,
neutral,yes,ImColtonBerry,0,I wouldn't see Jack White and Drake if they were playing at the 7/11 down the streets from my house,,1/6/15 15:27,5.52607e+17,"The Valley, Arizona",Arizona,[],#Coachella2015,,,,,,,,[],#Coachella2015,,,,,,,
neutral,yes,tatynator,1,RT : Seeing Coldplay and/or The XX in that line-up would've been nice.,,1/6/15 15:26,5.52607e+17,,,[],#Coachella2015,,,,,,,,[],#Coachella2015,,,,,,,
neutral,yes,vanessafranko,2,People always ask me about tips for getting  passes. Here's my roundup.,,1/6/15 15:24,5.52607e+17,"Riverside, CA",Pacific Time (US & Canada),[],#Coachella2015,,,,,,,,[],#Coachella2015,,,,,,,
neutral,yes,LexiiWarren,0,I have so much anxiety about tomorrow. My dad has set 3 alarms _,,1/6/15 15:23,5.52606e+17,california,Pacific Time (US & Canada),[],#Coachella2015,,,,,,,,[],#Coachella2015,,,,,,,
neutral,yes,daysimaraly,1,RT : I need to check out,,1/6/15 15:22,5.52606e+17,"Seattle, WA",Hawaii,[],#Coachella2015,,,,,,,,[],#Coachella2015,,,,,,,
neutral,yes,networlding,0,-   - getting into,,1/6/15 15:21,5.52606e+17,Chi-Town,Mountain Time (US & Canada),[],#Coachella,#Coachella2015,,,,,,,[],#Coachella,#Coachella2015,,,,,,
neutral,yes,blankstare_bear,0,will  be at  to show us his new dance moves?? check out the ones from last year!,,1/6/15 15:21,5.52606e+17,,,[],#LeonardoDiCaprio,#Coachella2015,,,,,,,[],#LeonardoDiCaprio,#Coachella2015,,,,,,
neutral,yes,mitchmarzuola,0,steely dan &amp; dj snake are announcing their collaborative album the first week,,1/6/15 15:20,5.52606e+17,Texas,Central Time (US & Canada),[],#Coachella2015,,,,,,,,[],#Coachella2015,,,,,,,
neutral,yes,Driiizzzyyy,0,: : The lineup is here!   Cue the flower headband display front + center! ____,,1/6/15 15:18,5.52605e+17,,,[],#Coachella2015,,,,,,,,[],#Coachella2015,,,,,,,
neutral,yes,thisjaygreen,2,"Dan Fogelberg, staring at his phone. Waiting for it to ring.",,1/6/15 15:16,5.52605e+17,"Brooklyn, New York",,[],#Coachella2015,,,,,,,,[],#Coachella2015,,,,,,,
neutral,yes,barrington83,0,Off to Most Loveable Bus Driver Hall of fame Saddle up with me&amp;my coach Ella to save  Only going one way,,1/6/15 15:14,5.52604e+17,,,[],#MLBHallOfFame,#Coachella2015,#1D,,,,,,[],#MLBHallOfFame,#Coachella2015,#1D,,,,,
neutral,yes,JeffRuben1,0,Steely Dan and Drake at ...,,1/6/15 15:13,5.52604e+17,,Eastern Time (US & Canada),[],#Coachella2015,,,,,,,,[],#Coachella2015,,,,,,,
neutral,yes,domalessio,1,"RT :  are you DJing at  under a pseudonym?
 or",,1/6/15 15:13,5.52604e+17,"Sydney, Australia",Sydney,[],#Coachella2015,#steelydan,#reallydom,,,,,,[],#Coachella2015,#steelydan,#reallydom,,,,,
neutral,yes,ryan_brickey,0,Circa Survive is still alive?,,1/6/15 15:08,5.52603e+17,,,[],#Coachella2015,,,,,,,,[],#Coachella2015,,,,,,,
neutral,yes,boxoftrees,2,: Who's responsible... ___   lmaoooooo,,1/6/15 15:07,5.52602e+17,Sinaloa ,Central Time (US & Canada),[],#Coachella2015,,,,,,,,[],#Coachella2015,,,,,,,
neutral,yes,aidanrv,0,FYI tickets go on sale tomorrow!,"[0.0, 0.0]",1/6/15 15:03,5.52601e+17,"St Petersburg, FL",,[],#Coachella2015,,,,,,,,[],#Coachella2015,,,,,,,
neutral,yes,daniicastillo13,0,Who will i be seeing at coachella though?  _____,,1/6/15 15:01,5.52601e+17,#TexasEDMFamily IDFWUUUUU,,[],#Coachella2015,,,,,,,,[],#Coachella2015,,,,,,,
neutral,yes,erinvandermeer,0,"Announced: , ,  and  among Aussies playing   ()",,1/6/15 15:00,5.52601e+17,Sydney,Sydney,[],#Coachella2015,,,,,,,,[],#Coachella2015,,,,,,,
neutral,yes,Glenn__Coco_,0,Drake is performing on my birthday this year at,"[33.57567136, -117.7619484]",1/6/15 14:59,5.526e+17,,Central Time (US & Canada),[],#Coachella2015,,,,,,,,[],#Coachella2015,,,,,,,
neutral,yes,Juany_M,4,RT : Find out who's playing,,1/6/15 14:58,5.526e+17,Earth,Hawaii,[],#musicfestivals,#Coachella2015,,,,,,,[],#musicfestivals,#Coachella2015,,,,,,
neutral,yes,tacubano,0,To go or not to go,,1/6/15 14:57,5.526e+17,"Vancouver, British Columbia",Pacific Time (US & Canada),[],#coachella,#coachella2015,#decisions,,,,,,[],#coachella,#coachella2015,#decisions,,,,,
neutral,yes,SimonCollins74,1,"are you DJing at  under a pseudonym?
 or",,1/6/15 14:56,5.526e+17,"Perth, Australia",Perth,[],#Coachella2015,#steelydan,#reallydom,,,,,,[],#Coachella2015,#steelydan,#reallydom,,,,,
neutral,yes,craigjwilliams,0,"Just got asked if I'm in a indie band. I said yes the ""kimmy gibblers""",,1/6/15 14:55,5.52599e+17,Los Angeles / Sydney,Hawaii,[],#Coachella2015,,,,,,,,[],#Coachella2015,,,,,,,
neutral,yes,everythinglast4,2,RT : Anyone from  plan on attending to  ??,,1/6/15 14:55,5.52599e+17,,Eastern Time (US & Canada),[],#texas,#Coachella2015,#coachella,#texas,#2015,,,,[],#texas,#Coachella2015,#coachella,#texas,#2015,,,
neutral,yes,paulduncanjr,0,"Can somebody please explain to me what Coachella is? 

  

Thanks.","[0.0, 0.0]",1/6/15 14:55,5.52599e+17,"LaS VeGAs, NV ",,[],#Coachella2015,#Coachella,,,,,,,[],#Coachella2015,#Coachella,,,,,,
neutral,yes,RobbySaysWhat,0,Lineup ^__^,,1/6/15 14:55,5.52599e+17,,Central Time (US & Canada),[],#Coachella2015,,,,,,,,[],#Coachella2015,,,,,,,
neutral,yes,thuumperr__,1,RT : When you live in Indio but you cant go to,,1/6/15 14:54,5.52599e+17,,,[],#Coachella2015,,,,,,,,[],#Coachella2015,,,,,,,
neutral,yes,whyteJen,0,SORRY BUT HOW TEMPTING IS THIS?,,1/6/15 14:53,5.52599e+17,Naul,Amsterdam,[],#Coachella2015,,,,,,,,[],#Coachella2015,,,,,,,
neutral,yes,EpicPropTour,0,Girls before and after the  lineup is released. __,,1/6/15 14:51,5.52598e+17,"Phoenix, AZ",Eastern Time (US & Canada),[],#Coachella2015,#TransformationTuesday,,,,,,,[],#Coachella2015,#TransformationTuesday,,,,,,
neutral,yes,PaulEscolar,0,I really just wanted TAYLOR SWIFT and a SMITHS reunion.,,1/6/15 14:50,5.52598e+17,,Pacific Time (US & Canada),[],#coachella2015,,,,,,,,[],#coachella2015,,,,,,,
neutral,yes,Atuakoi,0,always somebody I know that is going to .,,1/6/15 14:49,5.52598e+17,,Pacific Time (US & Canada),[],#Coachella2015,,,,,,,,[],#Coachella2015,,,,,,,
neutral,yes,WizzyJump,0,brill!,,1/6/15 14:49,5.52598e+17,everywhere,London,[],#drake,#Coachella2015,,,,,,,[],#drake,#Coachella2015,,,,,,
neutral,yes,TIP_Might69Her,0,Anyone tryna go down to L.A. For,,1/6/15 14:49,5.52598e+17,West Phoenix,Pacific Time (US & Canada),[],#Coachella2015,,,,,,,,[],#Coachella2015,,,,,,,
neutral,yes,knockoutxo,0,Not as amped about the line up as I was this year though,,1/6/15 14:46,5.52597e+17,Long Island NY,Arizona,[],#Coachella2015,,,,,,,,[],#Coachella2015,,,,,,,
neutral,yes,MicheleSherstan,1,RT :  are booked for  ! And a lot of people of a certain age are asking: What's Coachella?,,1/6/15 14:44,5.52597e+17,"North Vancouver, BC, Canada",Pacific Time (US & Canada),[],#SteelyDan,#Coachella2015,,,,,,,[],#SteelyDan,#Coachella2015,,,,,,
neutral,yes,LaidbackPatrick,0,Should I go?,,1/6/15 14:44,5.52597e+17,"San Francisco, CA",Pacific Time (US & Canada),[],#coachella2015,,,,,,,,[],#coachella2015,,,,,,,
neutral,yes,amymgonzalez,0,Steely Dan????? Did I read that right?????????????,,1/6/15 14:44,5.52597e+17,Narnia i think ,Pacific Time (US & Canada),[],#Coachella2015,,,,,,,,[],#Coachella2015,,,,,,,
neutral,yes,NixMix89,1,RT : What's your thoughts on the  lineup? Thought  could be with the  group.,,1/6/15 14:44,5.52596e+17,"Artesia, CA",Pacific Time (US & Canada),[],#Coachella2015,#BadReligion,#ACDC,#Music,#TTOT,,,,[],#Coachella2015,#BadReligion,#ACDC,#Music,#TTOT,,,
neutral,yes,JimmyRuggiero,0,I'm guessing about 90% of people posting about Coachella googled AC/DC thinking they were EDM,"[34.07871993, -118.36285452]",1/6/15 14:43,5.52596e+17,Los Angeles/Boston,,[],#Coachella2015,,,,,,,,[],#Coachella2015,,,,,,,
neutral,yes,TishShernique,1,RT : Who's going to  ?!,,1/6/15 14:42,5.52596e+17,London,Casablanca,[],#Coachella2015,,,,,,,,[],#Coachella2015,,,,,,,
neutral,yes,campfirewood,0,"I heard a rumor that, when Steely Dan plays ""Black Cow,"" Drake is going to come out and cover ""Uptown Baby.""",,1/6/15 14:41,5.52596e+17,Fairgrounds Resident,Central Time (US & Canada),[],#Coachella2015,,,,,,,,[],#Coachella2015,,,,,,,
neutral,yes,ChrisTVaughan,0,Is it just me or are all the biggest music festivals going back in time with their headliners?,,1/6/15 14:40,5.52596e+17,Crawley,,[],#Coachella2015,#Glastonbury2015,#old,#music,,,,,[],#Coachella2015,#Glastonbury2015,#old,#music,,,,
neutral,yes,NBAmes,0,"And  ,  and",,1/6/15 14:39,5.52595e+17,canada ,Eastern Time (US & Canada),[],#Coachella2015,,,,,,,,[],#Coachella2015,,,,,,,
neutral,yes,LANGMarMendoza,3,Fans and haters react to     What do you think about the lineup?,,1/6/15 14:38,5.52595e+17,"Los Angeles, Calif.",Hawaii,[],#Coachella2015,#jackwhite,,,,,,,[],#Coachella2015,#jackwhite,,,,,,
neutral,yes,nickisaak,0,day 2 though..,,1/6/15 14:36,5.52595e+17,Los Angeles,Pacific Time (US & Canada),[],#Coachella2015,,,,,,,,[],#Coachella2015,,,,,,,
neutral,yes,catfern93,0,I am no yet rich enough to afford the fashion to go to Coachella matter of fact....I can't afford to go to,,1/6/15 14:36,5.52595e+17,neverland ,Atlantic Time (Canada),[],#Coachella,#Coachella2015,,,,,,,[],#Coachella,#Coachella2015,,,,,,
neutral,yes,LANGMarMendoza,0,"You've been quoted in my  story ""Fans (and haters) react to """,,1/6/15 14:35,5.52594e+17,"Los Angeles, Calif.",Hawaii,[],#Storify,#Coachella2015,,,,,,,[],#Storify,#Coachella2015,,,,,,
neutral,yes,LANGMarMendoza,0,"You've been quoted in my  story ""Fans (and haters) react to """,,1/6/15 14:35,5.52594e+17,"Los Angeles, Calif.",Hawaii,[],#Storify,#Coachella2015,,,,,,,[],#Storify,#Coachella2015,,,,,,
neutral,yes,LANGMarMendoza,0,"You've been quoted in my  story ""Fans (and haters) react to """,,1/6/15 14:35,5.52594e+17,"Los Angeles, Calif.",Hawaii,[],#Storify,#Coachella2015,,,,,,,[],#Storify,#Coachella2015,,,,,,
neutral,yes,LANGMarMendoza,0,"You've been quoted in my  story ""Fans (and haters) react to """,,1/6/15 14:35,5.52594e+17,"Los Angeles, Calif.",Hawaii,[],#Storify,#Coachella2015,,,,,,,[],#Storify,#Coachella2015,,,,,,
neutral,yes,PyrenaC,0,""": : The lineup is here!   Cue the flower headband display front + center!""",,1/6/15 14:34,5.52594e+17,Indonesia,Bangkok,[],#Coachella2015,,,,,,,,[],#Coachella2015,,,,,,,
neutral,yes,ItweetatChris,0,"Bc: shortage in museum audio tour headphones, Coachella just announced all of our tickets come w/free plus one for our dads!",,1/6/15 14:34,5.52594e+17,"Solana Beach, Ca",Pacific Time (US & Canada),[],#Coachella2015,,,,,,,,[],#Coachella2015,,,,,,,
neutral,yes,LandisAnna12,52,"RT :   692 Coachella 2015: AC/DC, Steely Dan, Drake among headliners  Having peforme_ ",,1/6/15 14:32,5.52594e+17,"Spindale, North Carolina ",Eastern Time (US & Canada),[],#Coachella2015,,,,,,,,[],#Coachella2015,,,,,,,
neutral,yes,notevenillya,0,"run the Jewels, Tyler the creator, ghostface killah, flying Lotus.  That's pretty much it",,1/6/15 14:30,5.52593e+17,,Eastern Time (US & Canada),[],#Coachella2015,,,,,,,,[],#Coachella2015,,,,,,,
neutral,yes,shaunMlutz,0,All I want is to see  and  at,,1/6/15 14:29,5.52593e+17,"Gresham, Oregon",Arizona,[],#Coachella2015,#OVOXO,,,,,,,[],#Coachella2015,#OVOXO,,,,,,
neutral,yes,Ame_024,0,... Still not sure if I am going to buy tickets....,,1/6/15 14:28,5.52593e+17,"Los Angeles,California",Central Time (US & Canada),[],#Coachella,#Coachella2015,#coachellalineup,,,,,,[],#Coachella,#Coachella2015,#coachellalineup,,,,,
neutral,yes,alexandrarabl,0,"unfortunately I have to sell my ticket so if any one out there wants and needs one, please contact me","[-37.01045617, 174.60297647]",1/6/15 14:28,5.52592e+17,,Nuku'alofa,[],#Coachella,#Coachella2015,,,,,,,[],#Coachella,#Coachella2015,,,,,,
neutral,yes,megan_mccormick,0,Coachella_Brand New &lt;-- Most excited. Yup. Not Drake.,,1/6/15 14:25,5.52592e+17,"Los Angeles, CA -- Made in MI",Quito,[],#Coachella2015,,,,,,,,[],#Coachella2015,,,,,,,
neutral,yes,Fabianappleseed,1,When you live in Indio but you cant go to,,1/6/15 14:24,5.52592e+17,,,[],#Coachella2015,,,,,,,,[],#Coachella2015,,,,,,,
neutral,yes,esther_guerrero,0,"mac demarco, tame impala, the weeknd, toro y moi, drake, florence, bad suns, coasts, rac ... djdnsksjdbd I have to go",,1/6/15 14:18,5.5259e+17,detroit ,Atlantic Time (Canada),[],#coachella2015,,,,,,,,[],#coachella2015,,,,,,,
neutral,yes,chauie,0,line-up announced and I just received an email for cheap flights to LA.  lol,,1/6/15 14:17,5.5259e+17,Australia,Sydney,[],#Coachella2015,#meanttobe,,,,,,,[],#Coachella2015,#meanttobe,,,,,,
neutral,yes,Justins_Lens,0,You know it's the new year in SoCal when everyone starts freaking out about .,,1/6/15 14:14,5.52589e+17,Los Angeles,,[],#Coachella,#Coachella2015,#NewYear,,,,,,[],#Coachella,#Coachella2015,#NewYear,,,,,
neutral,yes,MelissaKaW,2,RT :  lineup announced. Not sure how I feel about it.,,1/6/15 14:14,5.52589e+17,Melbourne~Australia,,[],#Coachella2015,,,,,,,,[],#Coachella2015,,,,,,,
neutral,yes,SchultzCarolyn,0,This is happening,,1/6/15 14:13,5.52589e+17,"Boston, MA",,[],#Coachella2015,,,,,,,,[],#Coachella2015,,,,,,,
neutral,yes,FeldmanAgency,1,Check this out!  are playing  on April 10&amp;17th!,,1/6/15 14:13,5.52589e+17,Toronto / Vancouver,Quito,[],#Coachella2015,,,,,,,,[],#Coachella2015,,,,,,,
neutral,yes,HeyyyJoeee,0,Gotta check out some of these bands now...,,1/6/15 14:12,5.52589e+17,Scotsdale AZ,Arizona,[],#Coachella2015,,,,,,,,[],#Coachella2015,,,,,,,
neutral,yes,AMays99,0, fancy ?!?,"[51.45396795, -0.16379706]",1/6/15 14:12,5.52589e+17,London,London,[],#Coachella2015,,,,,,,,[],#Coachella2015,,,,,,,
neutral,yes,brownjenjen,52,"  692 Coachella 2015: AC/DC, Steely Dan, Drake among headliners  Having peforme_",,1/6/15 14:12,5.52588e+17,"Dallas, TX",Ljubljana,[],#Coachella2015,,,,,,,,[],#Coachella2015,,,,,,,
neutral,yes,OfficialJools,0,Lineup is here and Tickets on sale tomorrow at 12pm!,,1/6/15 14:12,5.52588e+17,Beaumont CA ,Pacific Time (US & Canada),[],#Coachella2015,,,,,,,,[],#Coachella2015,,,,,,,
neutral,yes,trancepantss,1,If anyone is selling their weekend one ticket for under $400 let me know please. thank you.,,1/6/15 14:11,5.52588e+17,"california, usa",Pacific Time (US & Canada),[],#Coachella2015,,,,,,,,[],#Coachella2015,,,,,,,
neutral,yes,MauraGrierson,1,all part of  !! Who else?,,1/6/15 14:08,5.52588e+17,Toronto,Quito,[],#Coachella2015,,,,,,,,[],#Coachella2015,,,,,,,
neutral,yes,elsegoodmusic,0,"that's FUCKN awesome! (My phone just autocorrected to make ""fuckn"" in caps) congrats! Doing Australia proud!",,1/6/15 14:07,5.52587e+17,"Perth, WA",Perth,[],#Coachella2015,,,,,,,,[],#Coachella2015,,,,,,,
neutral,yes,PrettySickly,1,Who's going to  ?!,,1/6/15 14:06,5.52587e+17,,London,[],#Coachella2015,,,,,,,,[],#Coachella2015,,,,,,,
neutral,yes,sandentotten,0,"You guys,  is Instagramming about  / 's new pic:  Also rips",,1/6/15 14:05,5.52587e+17,"Los Angeles, CA",Pacific Time (US & Canada),[],#Coachella2015,,,,,,,,[],#Coachella2015,,,,,,,
neutral,yes,thecarbncopy,0,And it's here...,,1/6/15 14:05,5.52587e+17,Los Angeles,Pacific Time (US & Canada),[],#Coachella2015,,,,,,,,[],#Coachella2015,,,,,,,
neutral,yes,ragdso,1,RT : Thank you  for the laughs about  ... I just snorted like ah swine in class.  -,,1/6/15 14:05,5.52587e+17,,Caracas,[],#Coachella2015,#Dying,,,,,,,[],#Coachella2015,#Dying,,,,,,
neutral,yes,lottiedottie0,0,What will drake open with?,,1/6/15 14:04,5.52587e+17,"ct, colorado ",Mountain Time (US & Canada),[],#Coachella2015,,,,,,,,[],#Coachella2015,,,,,,,
neutral,yes,CatHamm,0,"lineup: AC/DC, Jack White, Drake, Steely Dan, Florence &amp; the Machine, Alt-J, Vic Mensa, more",,1/6/15 14:04,5.52586e+17,Los Angeles,Pacific Time (US & Canada),[],#Coachella2015,,,,,,,,[],#Coachella2015,,,,,,,
neutral,yes,B105Brisbane,1,"RT : Could  and/or  add  ""Flights for Tim"" to their rider for ? Ta
 ",,1/6/15 14:02,5.52586e+17,"Brisbane, Australia",Brisbane,[],#Coachella2015,,,,,,,,[],#Coachella2015,,,,,,,
neutral,yes,jenniferetoile,0,Good morning erry'one and Coachella lineup.,,1/6/15 14:02,5.52586e+17,"Adelaide, AUS",Adelaide,[],#Coachella2015,,,,,,,,[],#Coachella2015,,,,,,,
neutral,yes,Salamanderfs,0,Probably not one of the strongest lineups regarding headliners in recent years for  but probably one of the most underrated,"[0.0, 0.0]",1/6/15 14:01,5.52586e+17,"SJ/LA, CA ",Central Time (US & Canada),[],#Coachella2015,,,,,,,,[],#Coachella2015,,,,,,,
neutral,yes,Toaster_Toaster,1,RT : So who on the  lineup is death grips under a different name?,,1/6/15 14:00,5.52585e+17,,Central Time (US & Canada),[],#Coachella2015,,,,,,,,[],#Coachella2015,,,,,,,
neutral,yes,vithespicelord,0,Just saw the line up Dad Are you gonna be there the 12th or the 19th ?,,1/6/15 13:57,5.52585e+17,EARTH ,Eastern Time (US & Canada),[],#Coachella2015,,,,,,,,[],#Coachella2015,,,,,,,
neutral,yes,Jessie_GilesXO,0,So Coachella tickets are on sale now! _  oh pretty pretty please I wanna go!  __,,1/6/15 13:57,5.52585e+17,,,[],#Coachella2015,#eatsleeprave,,,,,,,[],#Coachella2015,#eatsleeprave,,,,,,
neutral,yes,TheOnlyZajch,0,Dem  lineups tho!,,1/6/15 13:56,5.52585e+17,up in the Great White North,Central Time (US & Canada),[],#Coachella2015,,,,,,,,[],#Coachella2015,,,,,,,
neutral,yes,MissRuiz_xoxo,0,is playing  gives me hope she'll come back to austin for SXSW.,,1/6/15 13:55,5.52584e+17,Austin Texas,Central Time (US & Canada),[],#Coachella2015,,,,,,,,[],#Coachella2015,,,,,,,
neutral,yes,michtashia,0,...is it okay if I've never heard 90% of the names in  lineup?,,1/6/15 13:54,5.52584e+17,+65 | +62,Singapore,[],#Coachella2015,,,,,,,,[],#Coachella2015,,,,,,,
neutral,yes,TeamThirstTrap,1,RT : if you have never lived in new york and are wondering what williamsburg brooklyn looks like? peep the  lineu_,,1/6/15 13:52,5.52584e+17,"Rosedale, NY",Eastern Time (US & Canada),[],#Coachella2015,,,,,,,,[],#Coachella2015,,,,,,,
neutral,yes,JoshuaTehee,0,. lineup is out. What do we think?,,1/6/15 13:51,5.52583e+17,"Fresno, CA",,[],#rikkidontlosethatnumber,#coachella2015,,,,,,,[],#rikkidontlosethatnumber,#coachella2015,,,,,,
neutral,yes,_deeram,0,Who's going to  though? ____,,1/6/15 13:51,5.52583e+17,,Pacific Time (US & Canada),[],#Coachella2015,,,,,,,,[],#Coachella2015,,,,,,,
neutral,yes,SimgeSercee,0,Ac/Dc _,,1/6/15 13:50,5.52583e+17,,,[],#Coachella2015,,,,,,,,[],#Coachella2015,,,,,,,
neutral,yes,le_duba,1,RT : Senior year.,,1/6/15 13:50,5.52583e+17,,Arizona,[],#Coachella2015,,,,,,,,[],#Coachella2015,,,,,,,
neutral,yes,feezy33,0,lolz already streaming live,,1/6/15 13:48,5.52583e+17,Dallas TX,Mountain Time (US & Canada),[],#Coachella2015,,,,,,,,[],#Coachella2015,,,,,,,
neutral,yes,sarahhhhbelle,1,Seeing Coldplay and/or The XX in that line-up would've been nice.,,1/6/15 13:47,5.52582e+17,,,[],#Coachella2015,,,,,,,,[],#Coachella2015,,,,,,,
neutral,yes,TrivWorks,0,Wonder how many of these bands/artists Kanye West's fans have heard of:,,1/6/15 13:47,5.52582e+17,"Brooklyn, NY",Eastern Time (US & Canada),[],#Coachella,#Coachella2015,,,,,,,[],#Coachella,#Coachella2015,,,,,,
neutral,yes,downtown7thave,1,J cole. Glad to see Azeala Banks though RT : Who else would you have added to the  line-up?,,1/6/15 13:46,5.52582e+17,,,[],#Coachella2015,#TalkBack,,,,,,,[],#Coachella2015,#TalkBack,,,,,,
neutral,yes,gpaul17,0,and  performing a  remix at ??,,1/6/15 13:46,5.52582e+17,,,[],#moveforme,#coachella2015,,,,,,,[],#moveforme,#coachella2015,,,,,,
neutral,yes,idekelly,0,: We are! 11/18 RT : Petition for  to play  WJBISYKL,,1/6/15 13:46,5.52582e+17,10.22.14,Atlantic Time (Canada),[],#Coachella2015,,,,,,,,[],#Coachella2015,,,,,,,
neutral,yes,dakg,0,: My  lineup,,1/6/15 13:45,5.52582e+17,,Eastern Time (US & Canada),[],#Coachella2015,,,,,,,,[],#Coachella2015,,,,,,,
neutral,yes,DrunkonRK,0,Looked at  &amp; not much I'd want to see except English acts George Ezra &amp; Gordon City. Met/saw Clean Bandit already so that's ok,,1/6/15 13:45,5.52582e+17,Jared Leto RT'd me 15.11.13,London,[],#coachella2015,,,,,,,,[],#coachella2015,,,,,,,
neutral,yes,MsLisaMarie17,0,Can we talk about,,1/6/15 13:43,5.52581e+17,"Los Angeles, Ca ",Alaska,[],#Saturday,#Coachella2015,,,,,,,[],#Saturday,#Coachella2015,,,,,,
neutral,yes,Sam_HRP,1,"RT : This year's  is being headlined by , Jack White, &amp; .   
",,1/6/15 13:43,5.52581e+17,"Charlotte, NC",,[],#Coachella2015,#hrp,#howiewood,,,,,,[],#Coachella2015,#hrp,#howiewood,,,,,
neutral,yes,321johnnyboy,0,Whos all going to this years concert performance of,,1/6/15 13:43,5.52581e+17,U.S.A.,Eastern Time (US & Canada),[],#Coachella2015,,,,,,,,[],#Coachella2015,,,,,,,
neutral,yes,nonz,0,day 3 of  is softer than Drake,,1/6/15 13:42,5.52581e+17,the LBC,Pacific Time (US & Canada),[],#Coachella2015,,,,,,,,[],#Coachella2015,,,,,,,
neutral,yes,HeyTimArnold,1,"Could  and/or  add  ""Flights for Tim"" to their rider for ? Ta",,1/6/15 13:40,5.52581e+17,Brisbane,New Caledonia,[],#Coachella2015,,,,,,,,[],#Coachella2015,,,,,,,
neutral,yes,WE_ARE_HXV,33,My  lineup,,1/6/15 13:40,5.5258e+17,ULTRA RECORDS / HOODRICH ,Eastern Time (US & Canada),[],#Coachella2015,,,,,,,,[],#Coachella2015,,,,,,,
neutral,yes,ladytin2x,0,Photo: rakoji: coachella 2015 line up announced,,1/6/15 13:38,5.5258e+17,BOS,Eastern Time (US & Canada),[],#coachella,#coachella2015,,,,,,,[],#coachella,#coachella2015,,,,,,
neutral,yes,Roisin_OConnor,0,"Alt-J, Hozier, Steely Dan, Alabama Shakes, St. Vincent, Ryan Adams...",,1/6/15 13:38,5.5258e+17,London,London,[],#Coachella2015,,,,,,,,[],#Coachella2015,,,,,,,
neutral,yes,Fritzygrl,1,with,,1/6/15 13:38,5.5258e+17,CLE / UA 18 ,Eastern Time (US & Canada),[],#Coachella2015,,,,,,,,[],#Coachella2015,,,,,,,
neutral,yes,BronaghMcN,0,I want to go to  who's with me!,,1/6/15 13:38,5.5258e+17,Worldwide,Dublin,[],#Coachella2015,,,,,,,,[],#Coachella2015,,,,,,,
neutral,yes,JoeyHynes90,3,RT : The  line up has been announced !!!,,1/6/15 13:37,5.5258e+17,,London,[],#Coachella2015,,,,,,,,[],#Coachella2015,,,,,,,
neutral,yes,geeegraxi,0,I should've asked my parents for  tickets for Christmas. I gotta make this happen _,,1/6/15 13:37,5.5258e+17,_ ZR.KS.AR.JG.LY _,Eastern Time (US & Canada),[],#Coachella2015,,,,,,,,[],#Coachella2015,,,,,,,
neutral,yes,IAMGoldCoast,0,Can we get  at,,1/6/15 13:35,5.52579e+17,"Long Beach, CA",Pacific Time (US & Canada),[],#Flockadamus,#coachella2015,,,,,,,[],#Flockadamus,#coachella2015,,,,,,
neutral,yes,ameliafsimmons,0,"Argh go away  lineup, you're so beautiful I can't even look at you.",,1/6/15 13:35,5.52579e+17,South East,,[],#Coachella2015,,,,,,,,[],#Coachella2015,,,,,,,
neutral,yes,fcknmarss,0,"Crying bc I'm currently a broke bitch 
______",,1/6/15 13:35,5.52579e+17,,Pacific Time (US & Canada),[],#Coachella2015,,,,,,,,[],#Coachella2015,,,,,,,
neutral,yes,GBPlitz,0,The celebrities and how they dress.,,1/6/15 13:35,5.52579e+17,Green Bay,Central Time (US & Canada),[],#Coachella2015,#FromADistance,,,,,,,[],#Coachella2015,#FromADistance,,,,,,
neutral,yes,steveburgess1,1,are booked for  ! And a lot of people of a certain age are asking: What's Coachella?,,1/6/15 13:34,5.52579e+17,"Vancouver, BC, Canada",Alaska,[],#SteelyDan,#Coachella2015,,,,,,,[],#SteelyDan,#Coachella2015,,,,,,
neutral,yes,johnnybabyyXO,0,: Who are you the most excited to see at ?  !!! Please send me,,1/6/15 13:33,5.52579e+17,E$M/209/713/Kissland,Pacific Time (US & Canada),[],#Coachella2015,#TixWish,,,,,,,[],#Coachella2015,#TixWish,,,,,,
neutral,yes,kirrrbz,0,HOLY SHI.......,,1/6/15 13:33,5.52579e+17,,Pacific Time (US & Canada),[],#Coachella2015,,,,,,,,[],#Coachella2015,,,,,,,
neutral,yes,Howiewoodpromo,1,"This year's  is being headlined by , Jack White, &amp; .",,1/6/15 13:33,5.52579e+17,"Cali, NY, Carolinas",Eastern Time (US & Canada),[],#Coachella2015,#hrp,#howiewood,,,,,,[],#Coachella2015,#hrp,#howiewood,,,,,
neutral,yes,Miss__Gold,0,tickets go on sale jan 7th for  this April !!!!! SEE YOU IN THE DESERT,,1/6/15 13:32,5.52579e+17,J'habit au Centre-Ville,,[],#Coachella2015,,,,,,,,[],#Coachella2015,,,,,,,
neutral,yes,emilysteers,1,"RT : Best Fake Bands Playing : Untold Reckoning, The Appaloosa Stablemates, Grasscar, Smokey Eye Tutorial.",,1/6/15 13:32,5.52579e+17,ojai,Pacific Time (US & Canada),[],#Coachella2015,,,,,,,,[],#Coachella2015,,,,,,,
neutral,yes,Monication,0,An accurate depiction of the  tent at,,1/6/15 13:32,5.52579e+17,YVR,Pacific Time (US & Canada),[],#Sahara,#Coachella2015,,,,,,,[],#Sahara,#Coachella2015,,,,,,
neutral,yes,notSaif,0,AC/DC is NOT an unpopular band!,"[23.57498596, 58.57172682]",1/6/15 13:32,5.52578e+17,Muscat | Dubai | Karachi,Muscat,[],#Coachella2015,,,,,,,,[],#Coachella2015,,,,,,,
neutral,yes,LoveBuzzInc,0,What do you guys think of the  line up.,,1/6/15 13:32,5.52578e+17,Leeds,Casablanca,[],#Coachella2015,,,,,,,,[],#Coachella2015,,,,,,,
neutral,yes,WayneJ_R,0,: Check Out The 2015  Lineup -   -,,1/6/15 13:30,5.52578e+17,Blackpool,,[],#Coachella,#Coachella2015,,,,,,,[],#Coachella,#Coachella2015,,,,,,
neutral,yes,ErraticClothing,0,"Most of the best acts are in a smaller font...
 _",,1/6/15 13:27,5.52577e+17,818 | #CAallDay | Lo ___gl ,Pacific Time (US & Canada),[],#Coachella2015,#ErraticAllDay,#ErraticClothing,,,,,,[],#Coachella2015,#ErraticAllDay,#ErraticClothing,,,,,
neutral,yes,thatbritguynyc,0,"To feel old and out of touch, read the line up of  backwards and stop when you recognize an artist or band...",,1/6/15 13:25,5.52577e+17,NYC,,[],#Coachella2015,#who,,,,,,,[],#Coachella2015,#who,,,,,,
neutral,yes,cynSRG,0,Lineup is here  !  cc,,1/6/15 13:25,5.52577e+17,Paris,Greenland,[],#coachella2015,,,,,,,,[],#coachella2015,,,,,,,
neutral,yes,Missdiazjessica,2,RT : Weekend 2,,1/6/15 13:25,5.52577e+17,,,[],#Coachella2015,,,,,,,,[],#Coachella2015,,,,,,,
neutral,yes,LoveOfLexi16,0,"I would only miss school on Friday, but missing school means more work so.... I'll try to go next year__",,1/6/15 13:24,5.52577e+17,"L.A/Valley, California",,[],#Coachella2015,,,,,,,,[],#Coachella2015,,,,,,,
neutral,yes,_OxMalii,0,So I have two months and few weeks to get the money I need to get,,1/6/15 13:23,5.52576e+17,eating corn with miley. ,,[],#Help,#Coachella2015,,,,,,,[],#Help,#Coachella2015,,,,,,
neutral,yes,handbagheaven,0,The lineup for  is out!! Who are you excited to see??,,1/6/15 13:23,5.52576e+17,"SLC, UT",Eastern Time (US & Canada),[],#coachella,#Coachella2015,#coachellafashion,#music,,,,,[],#coachella,#Coachella2015,#coachellafashion,#music,,,,
neutral,yes,mollipdubs,0,brb taking out a loan and getting a second job,,1/6/15 13:22,5.52576e+17,:: higher state of mind ::,Eastern Time (US & Canada),[],#Coachella2015,,,,,,,,[],#Coachella2015,,,,,,,
neutral,yes,LADYTRISHAXOXO,0,"AND THE BIGGEST HEADLINER OF :

FASHION.",,1/6/15 13:21,5.52576e+17,"BAE AREA, HELLAFORNIA",Pacific Time (US & Canada),[],#COACHELLA2015,,,,,,,,[],#COACHELLA2015,,,,,,,
neutral,yes,PastTenseOfHold,0,: the year  took over,,1/6/15 13:21,5.52576e+17,,Pacific Time (US & Canada),[],#Coachella2015,#deephouse,,,,,,,[],#Coachella2015,#deephouse,,,,,,
neutral,yes,HanahSchrader,1,RT : Check out who is headlining  HERE --&gt;,,1/6/15 13:20,5.52575e+17,-417-,Central Time (US & Canada),[],#Coachella2015,,,,,,,,[],#Coachella2015,,,,,,,
neutral,yes,albionit,0,Who wants to go?,,1/6/15 13:20,5.52575e+17,"Miami, FL",Eastern Time (US & Canada),[],#COACHELLA2015,,,,,,,,[],#COACHELLA2015,,,,,,,
neutral,yes,JenniferConnor,0,though,,1/6/15 13:20,5.52575e+17,"Offaly, Ireland ",Dublin,[],#Coachella2015,,,,,,,,[],#Coachella2015,,,,,,,
neutral,yes,fridarawr,0,"Why must the rates go up, and the rooms be full?",,1/6/15 13:18,5.52575e+17,San Diego,,[],#coachella,#Coachella2015,#thingsIhateaboutcoachella,#whycoachella,,,,,[],#coachella,#Coachella2015,#thingsIhateaboutcoachella,#whycoachella,,,,
neutral,yes,denisemarie_h,0,That lineup tho,,1/6/15 13:17,5.52575e+17,,Pacific Time (US & Canada),[],#Coachella2015,#letsgetweird,,,,,,,[],#Coachella2015,#letsgetweird,,,,,,
neutral,yes,nahal_xo,0,That  line up though!!,,1/6/15 13:16,5.52574e+17,,Pacific Time (US & Canada),[],#ineedtogo,#Coachella2015,,,,,,,[],#ineedtogo,#Coachella2015,,,,,,
neutral,yes,dominiquefong,1,Wont be there this yr:( MT : The  lineup is here!!! :,,1/6/15 13:15,5.52574e+17,"Palm Springs, CA",Pacific Time (US & Canada),[],#Coachella2015,,,,,,,,[],#Coachella2015,,,,,,,
neutral,yes,iamnotajerk,0,see you in the desert homey ___,,1/6/15 13:13,5.52574e+17,Stankonia,Eastern Time (US & Canada),[],#RTJ,#Coachella2015,,,,,,,[],#RTJ,#Coachella2015,,,,,,
neutral,yes,kennypdrumz,0,The only  artist you should be talking about is Brant Bjork.,,1/6/15 13:13,5.52574e+17,The Jersey Shore,Eastern Time (US & Canada),[],#Coachella2015,#BROS,,,,,,,[],#Coachella2015,#BROS,,,,,,
neutral,yes,SteveCizzle,0,". You must find a way to perform ""Slow Hands"" with them...","[39.94832008, -75.14468654]",1/6/15 13:12,5.52573e+17,"Philadelphia, PA",Atlantic Time (Canada),[],#Coachella2015,,,,,,,,[],#Coachella2015,,,,,,,
neutral,yes,laurarabehl,1,I'm only going for Lil B,,1/6/15 13:12,5.52573e+17,,Central Time (US & Canada),[],#Coachella2015,,,,,,,,[],#Coachella2015,,,,,,,
neutral,yes,sandramorones91,0,Thinking of going to  hmmm..,,1/6/15 13:11,5.52573e+17,,,[],#Coachella2015,,,,,,,,[],#Coachella2015,,,,,,,
neutral,yes,SoFarChris,0,Tight RT : Drake will headline the 2015  festival.,,1/6/15 13:10,5.52573e+17,9 one 4,Eastern Time (US & Canada),[],#Coachella2015,,,,,,,,[],#Coachella2015,,,,,,,
neutral,yes,JVR24_,0,I wonder who are they going to add at the last minute. Last year we got Julian Casablancas and The Pixies.,,1/6/15 13:09,5.52573e+17,90011,Alaska,[],#Coachella2015,,,,,,,,[],#Coachella2015,,,,,,,
neutral,yes,christinewang12,0,"lineup was announced. When did it become ""almost festival season"" again? Damn, I'm getting old.",,1/6/15 13:09,5.52573e+17,,,[],#Coachella2015,#didntmyearsjustrecover,,,,,,,[],#Coachella2015,#didntmyearsjustrecover,,,,,,
neutral,yes,IKahler15,0,IS PREFORMING AT,,1/6/15 13:08,5.52572e+17,"Grand Island,Nebraska",Central Time (US & Canada),[],#Coachella2015,,,,,,,,[],#Coachella2015,,,,,,,
neutral,yes,jasminegar,0,"The lineup is alright, I'd only go to see",,1/6/15 13:08,5.52572e+17,CA,Pacific Time (US & Canada),[],#Coachella2015,,,,,,,,[],#Coachella2015,,,,,,,
neutral,yes,Riskee,0,"I think I'm too old for  I don't want to see any. Well, pay.  Maybe Florence if it was free.  /DC isn't one going mad?",,1/6/15 13:07,5.52572e+17,,Arizona,[],#Coachella2015,#AC,,,,,,,[],#Coachella2015,#AC,,,,,,
neutral,yes,BONNILYN_LA2014,0,bring back TUPAC....,,1/6/15 13:06,5.52572e+17,,Pacific Time (US & Canada),[],#Coachella2015,,,,,,,,[],#Coachella2015,,,,,,,
neutral,yes,machavelli_,0,Who's telling the truth???,,1/6/15 13:06,5.52572e+17,,Arizona,[],#Coachella2015,,,,,,,,[],#Coachella2015,,,,,,,
neutral,yes,mchungphoto,3,PHOTOS: A look at some of the bands who will be at     via,,1/6/15 13:06,5.52572e+17,"Palm Springs, CA",Alaska,[],#Coachella2015,,,,,,,,[],#Coachella2015,,,,,,,
neutral,yes,allanlam3k,0,Where's  at tho?!,,1/6/15 13:02,5.52571e+17,Yay Areaaaaaa,,[],#Coachella2015,,,,,,,,[],#Coachella2015,,,,,,,
neutral,yes,allanlam3k,0,Where's  tho?!,,1/6/15 13:01,5.52571e+17,Yay Areaaaaaa,,[],#Coachella2015,,,,,,,,[],#Coachella2015,,,,,,,
neutral,yes,Tee_Ctmd2,1,RT : I'm here for this RT : Who's responsible... ___,,1/6/15 13:01,5.52571e+17,,Central Time (US & Canada),[],#Coachella2015,,,,,,,,[],#Coachella2015,,,,,,,
neutral,yes,JaemieSures,0,Who is going?,,1/6/15 13:01,5.52571e+17,Vancouver,Pacific Time (US & Canada),[],#Coachella2015,,,,,,,,[],#Coachella2015,,,,,,,
neutral,yes,Artscphoto,1,RT : . has released it's lineup for this years festival! Check it out!  Coachella  htt_,,1/6/15 13:00,5.5257e+17,,Pacific Time (US & Canada),[],#Coachella2015,#coachellalineup,,,,,,,[],#Coachella2015,#coachellalineup,,,,,,
neutral,yes,PatNasty24,0,"Drake
Action Bronson
Ab-Soul
Vic Mensa
Rakewon
Ghostface

The Full  lineup:",,1/6/15 12:59,5.5257e+17,704 - 843 - 757,Eastern Time (US & Canada),[],#Coachella2015,,,,,,,,[],#Coachella2015,,,,,,,
neutral,yes,RyanPatrick1984,0,"And all of the sudden everyone is an AC/DC fan. ""No dude seriously they've been one my favorite bands since I was 15""",,1/6/15 12:57,5.5257e+17,San Diego,Pacific Time (US & Canada),[],#Coachella2015,,,,,,,,[],#Coachella2015,,,,,,,
neutral,yes,ohmoses,1,I'm not friends with people who love the Sahara Tent...,,1/6/15 12:55,5.52569e+17,Coachella...,Pacific Time (US & Canada),[],#Coachella2015,,,,,,,,[],#Coachella2015,,,,,,,
neutral,yes,ElWilbur,1,"RT : Sun babies, UNITE!!!_______",,1/6/15 12:55,5.52569e+17,Whittier,Pacific Time (US & Canada),[],#Coachella2015,,,,,,,,[],#Coachella2015,,,,,,,
neutral,yes,laurenmrhoades,1,RT : Still about   tho,,1/6/15 12:54,5.52569e+17,,Arizona,[],#Brookesheadonastick,#Coachella2015,,,,,,,[],#Brookesheadonastick,#Coachella2015,,,,,,
neutral,yes,UBetterCCMe,0,"RT :   | live life while you can. See u in Indio, (cont)",,1/6/15 12:53,5.52569e+17,In the kitchen,Eastern Time (US & Canada),[],#Coachella2015,#Coachella,,,,,,,[],#Coachella2015,#Coachella,,,,,,
neutral,yes,Hollywood_Sound,1,Steely Dan is trending on twitter... never thought I would type that sentence.,,1/6/15 12:52,5.52568e+17,"Hollywood, CA ",,[],#coachella2015,,,,,,,,[],#coachella2015,,,,,,,
neutral,yes,nancygrim19,0,Waiting for the inevitable  tweet from  unless it has already happened then my bad.... _,,1/6/15 12:52,5.52568e+17,Happily lost in my feelings ,Central Time (US & Canada),[],#Coachella2015,,,,,,,,[],#Coachella2015,,,,,,,
neutral,yes,MattISFunny,2,RT : ATTN LA HIPSTER COMICS.. is headlining  so while you are doing drugs listening to EMO Bands look 4 me at_,,1/6/15 12:50,5.52568e+17,The Los Angeles. ,Pacific Time (US & Canada),[],#ACDC,#Coachella2015,,,,,,,[],#ACDC,#Coachella2015,,,,,,
neutral,yes,QuintessenceRec,0,Line Up,,1/6/15 12:50,5.52568e+17,,Paris,[],#COACHELLA2015,,,,,,,,[],#COACHELLA2015,,,,,,,
neutral,yes,karmacmt,2,Anyone from  plan on attending to  ??,,1/6/15 12:48,5.52567e+17,Mxico.,Eastern Time (US & Canada),[],#texas,#Coachella2015,#coachella,#texas,#2015,,,,[],#texas,#Coachella2015,#coachella,#texas,#2015,,,
neutral,yes,anassar7,0,honestly couldn't be more stoked that someone from CCA '10 is making it big,,1/6/15 12:48,5.52567e+17,"austin, tx",Pacific Time (US & Canada),[],#Coachella2015,,,,,,,,[],#Coachella2015,,,,,,,
neutral,yes,MrRussellMills,0,JUST ADDED: BOZ SCAGGS!!,,1/6/15 12:48,5.52567e+17,"Los Angeles, CA",,[],#coachella,#Coachella2015,,,,,,,[],#coachella,#Coachella2015,,,,,,
neutral,yes,keepyoukompani,0,Why is this lineup bananas! ? __,,1/6/15 12:47,5.52567e+17,Los Angeles ,,[],#Coachella2015,,,,,,,,[],#Coachella2015,,,,,,,
neutral,yes,ElszacWebsites,1,"RT : Is it acceptable behavior for me to go to  just to see Jack White, then leave?",,1/6/15 12:46,5.52567e+17,"Brisbane, Queensland, Ausralia",,[],#Coachella2015,,,,,,,,[],#Coachella2015,,,,,,,
neutral,yes,pelon_2213,0,Really drake as headline at,,1/6/15 12:45,5.52567e+17,Coachella,,[],#Coachella2015,,,,,,,,[],#Coachella2015,,,,,,,
neutral,yes,mcbethjane,0,Amor and  are playing  ??,,1/6/15 12:45,5.52567e+17,,,[],#Touch,#BrandNew,#Coachella2015,#punksnotdead,,,,,[],#Touch,#BrandNew,#Coachella2015,#punksnotdead,,,,
neutral,yes,averycook15,0,Wishing that I could go to  __,,1/6/15 12:44,5.52566e+17,,,[],#Coachella2015,,,,,,,,[],#Coachella2015,,,,,,,
neutral,yes,ShowAndTelleee,0,Like why do bad things happen to good people?,,1/6/15 12:44,5.52566e+17,,,[],#Coachella2015,,,,,,,,[],#Coachella2015,,,,,,,
neutral,yes,AshleyGummerson,0,Down In The City: Coachella 2015 Lineup Announced,,1/6/15 12:44,5.52566e+17,Southern California,Pacific Time (US & Canada),[],#coachella,#coachellalineup,#coachella2015,,,,,,[],#coachella,#coachellalineup,#coachella2015,,,,,
neutral,yes,RealRics1966,0,Someone's already Tryna convince me,,1/6/15 12:44,5.52566e+17,the sunshine state ,Pacific Time (US & Canada),[],#Coachella2015,,,,,,,,[],#Coachella2015,,,,,,,
neutral,yes,ayey0b,1,Whoever has weekend 2 tickets but want to go weekend 1 I'm down too swap!,,1/6/15 12:43,5.52566e+17,,Pacific Time (US & Canada),[],#Coachella2015,,,,,,,,[],#Coachella2015,,,,,,,
neutral,yes,justgemmaa,0,Seriously tho,,1/6/15 12:42,5.52566e+17,"Vancouver, BC",Pacific Time (US & Canada),[],#coachella2015,,,,,,,,[],#coachella2015,,,,,,,
neutral,yes,LA_Connoisseur,0,This just happened!,,1/6/15 12:42,5.52566e+17,Los Angeles,Alaska,[],#jackwhite,#acdc,#drake,#Coachella2015,,,,,[],#jackwhite,#acdc,#drake,#Coachella2015,,,,
neutral,yes,Paris365,0,The complete Coachella 2015 line-up unveiled:,,1/6/15 12:42,5.52566e+17,"Near Boston, Massachusetts",Eastern Time (US & Canada),[],#Coachella2015,#Coachella,#breakingnews,,,,,,[],#Coachella2015,#Coachella,#breakingnews,,,,,
neutral,yes,Favisilence,1,RT : Click on the link (or the picture) to see the  Lineup,,1/6/15 12:41,5.52566e+17,Internet,Mountain Time (US & Canada),[],#Coachella2015,,,,,,,,[],#Coachella2015,,,,,,,
neutral,yes,MightBeKoi,0,: Who's responsible... ___    this guy,,1/6/15 12:40,5.52565e+17,,Central Time (US & Canada),[],#Coachella2015,,,,,,,,[],#Coachella2015,,,,,,,
neutral,yes,Onefourfiveone,0,"AC/DC is headlining  I really hope  is there to give that ""unknown"" band a boost.","[0.0, 0.0]",1/6/15 12:40,5.52565e+17,"Norman, OK",Central Time (US & Canada),[],#Coachella2015,#KanyeWest,,,,,,,[],#Coachella2015,#KanyeWest,,,,,,
neutral,yes,pjlove10,0,"My God, can people live? If people wanna go to  who gives a shit. Different strokes. Ya'll showing your age.",,1/6/15 12:40,5.52565e+17,Instagram: pjlove10,Pacific Time (US & Canada),[],#Coachella2015,,,,,,,,[],#Coachella2015,,,,,,,
neutral,yes,nylecojxx,0,: : The lineup is here!   Cue the flower headband display front + center!,,1/6/15 12:39,5.52565e+17,,Pacific Time (US & Canada),[],#Coachella2015,,,,,,,,[],#Coachella2015,,,,,,,
neutral,yes,G2FLY_,0,It's that type of year when people fake like the listen to or even know what indie music but hey that's them,,1/6/15 12:38,5.52565e+17,,Quito,[],#Coachella2015,,,,,,,,[],#Coachella2015,,,,,,,
neutral,yes,_kavya_,0,"If you could only go to one day of , which day would you choose?",,1/6/15 12:38,5.52565e+17,London,London,[],#Coachella2015,,,,,,,,[],#Coachella2015,,,,,,,
neutral,yes,LuciaaaNguyennn,0,"Hozier, Marina &amp; the Diamonds, the Weeknd, Clean Bandit, Gorgon City and M are all gonna be at  ____",,1/6/15 12:38,5.52565e+17,Calgary,Mountain Time (US & Canada),[],#COACHELLA2015,,,,,,,,[],#COACHELLA2015,,,,,,,
neutral,yes,j6391,0,Drake better bring Lil Wayne with him!,,1/6/15 12:36,5.52564e+17,,,[],#justsayin,#Coachella2015,#LilWayne,,,,,,[],#justsayin,#Coachella2015,#LilWayne,,,,,
neutral,yes,miriaamxxo,1,RT : Drake did say we already got spring 2015 poppin..,,1/6/15 12:34,5.52564e+17,"San Diego, CA",,[],#Coachella2015,,,,,,,,[],#Coachella2015,,,,,,,
neutral,yes,welistenhear,1,RT : . reveals 2015 lineup,,1/6/15 12:34,5.52564e+17,TX/NYC/CA/CO/OR/MA,Eastern Time (US & Canada),[],#Coachella2015,#Coachella,,,,,,,[],#Coachella2015,#Coachella,,,,,,
neutral,yes,iizzzyyy_1,0,2015 line up,,1/6/15 12:34,5.52564e+17,,,[],#Coachella2015,,,,,,,,[],#Coachella2015,,,,,,,
neutral,yes,Philip_Albert,0,Who'd you have in Mind?,,1/6/15 12:28,5.52562e+17,"London, Great Britain ",Eastern Time (US & Canada),[],#coachella2015,,,,,,,,[],#coachella2015,,,,,,,
neutral,yes,rownage,0,Carly and the Hawk Clit Factory,,1/6/15 12:26,5.52562e+17,"656 Lincoln Blvd, names murphy",Eastern Time (US & Canada),[],#Coachella2015,,,,,,,,[],#Coachella2015,,,,,,,
neutral,yes,mitchjackson,0,"To go or not to go?  lineup announced! AC/DC, Steely Dan, Drake among headliners",,1/6/15 12:26,5.52562e+17,USA,Pacific Time (US & Canada),[],#Coachella2015,,,,,,,,[],#Coachella2015,,,,,,,
neutral,yes,Lwigui,0,Festival lineup announced for Coachella Valley Music &amp; Arts Festival 2015 | News - Home,,1/6/15 12:26,5.52562e+17,"Palm Desert,CA",Pacific Time (US & Canada),[],#Coachella2015,,,,,,,,[],#Coachella2015,,,,,,,
neutral,yes,SaraElizabetth,0,I'm gonna see my bae   and  at,,1/6/15 12:25,5.52562e+17,wonderlust,Eastern Time (US & Canada),[],#Coachella2015,,,,,,,,[],#Coachella2015,,,,,,,
neutral,yes,rownage,0,Damon Wayans (DJ set),,1/6/15 12:25,5.52562e+17,"656 Lincoln Blvd, names murphy",Eastern Time (US & Canada),[],#Coachella2015,,,,,,,,[],#Coachella2015,,,,,,,
neutral,yes,rownage,0,Archery for Lions,,1/6/15 12:24,5.52561e+17,"656 Lincoln Blvd, names murphy",Eastern Time (US & Canada),[],#Coachella2015,,,,,,,,[],#Coachella2015,,,,,,,
neutral,yes,rownage,0,Raeltor,,1/6/15 12:24,5.52561e+17,"656 Lincoln Blvd, names murphy",Eastern Time (US & Canada),[],#Coachella2015,,,,,,,,[],#Coachella2015,,,,,,,
neutral,yes,FatsDominobi,0,Is steely Dan gonna be hologram?,,1/6/15 12:23,5.52561e+17,,Pacific Time (US & Canada),[],#Coachella2015,,,,,,,,[],#Coachella2015,,,,,,,
neutral,yes,rownage,0,Poolside Future,,1/6/15 12:23,5.52561e+17,"656 Lincoln Blvd, names murphy",Eastern Time (US & Canada),[],#Coachella2015,,,,,,,,[],#Coachella2015,,,,,,,
neutral,yes,taky0n,1,So who on the  lineup is death grips under a different name?,,1/6/15 12:23,5.52561e+17,Boston,Arizona,[],#Coachella2015,,,,,,,,[],#Coachella2015,,,,,,,
neutral,yes,rownage,0,Merriam Fitzwater and the Tumbling Ruckus,,1/6/15 12:22,5.52561e+17,"656 Lincoln Blvd, names murphy",Eastern Time (US & Canada),[],#Coachella2015,,,,,,,,[],#Coachella2015,,,,,,,
neutral,yes,WunderLogik,0,listen to this on your   Hall of Fame,,1/6/15 12:22,5.52561e+17,International,Nuku'alofa,[],#Coachella,#Coachella2015,#Walkman,#WunderLogik,#illuminati,#firstprinciple,,,[],#Coachella,#Coachella2015,#Walkman,#WunderLogik,#illuminati,#firstprinciple,,
neutral,yes,hotelheata,0,what r ur thots on this   line up,,1/6/15 12:22,5.52561e+17,,,[],#Coachella2015,,,,,,,,[],#Coachella2015,,,,,,,
neutral,yes,remaayschift,0,will be at  how do I go!?!?!,,1/6/15 12:21,5.52561e+17,,Quito,[],#Coachella2015,,,,,,,,[],#Coachella2015,,,,,,,
neutral,yes,_Minnai,1,RT :  paired with a cute pair of cut offs is the perfect  outfit ! _,,1/6/15 12:21,5.5256e+17,Houstalantavegas,Quito,[],#Dripswimwear,#Coachella2015,,,,,,,[],#Dripswimwear,#Coachella2015,,,,,,
neutral,yes,GlitterDoll103,0,"when the lineup hot af, but you're not attending...",,1/6/15 12:20,5.5256e+17,Little Lady in a Louboutin ,Central Time (US & Canada),[],#Coachella2015,,,,,,,,[],#Coachella2015,,,,,,,
neutral,yes,jewgravy,0,"""Put me in Coachella.""

--John Fogerty to manager",,1/6/15 12:20,5.5256e+17,Depends where I am.,,[],#coachella,#Coachella2015,#coachellalineup,,,,,,[],#coachella,#Coachella2015,#coachellalineup,,,,,
neutral,yes,minarosee,0,Let's go __,,1/6/15 12:19,5.5256e+17,SoCal has my,,[],#Coachella2015,,,,,,,,[],#Coachella2015,,,,,,,
neutral,yes,LilAndy19,0,"Lineup Revealed: AC/DC,  &amp; Jack White Headlining  (via )",,1/6/15 12:19,5.5256e+17,"Distrito Capital, Venezuela",Eastern Time (US & Canada),[],#Coachella2015,#Drake,#Coachella,,,,,,[],#Coachella2015,#Drake,#Coachella,,,,,
neutral,yes,loudlightnews,1,Click on the link (or the picture) to see the  Lineup,,1/6/15 12:18,5.5256e+17,The Internet,Arizona,[],#Coachella2015,,,,,,,,[],#Coachella2015,,,,,,,
neutral,yes,AliceRadio,1,"The  lineup is here! It's got AC/DC, Drake as a headliner and Steely Dan! (Yes, you read that right).",,1/6/15 12:18,5.5256e+17,San Francisco,Pacific Time (US & Canada),[],#Coachella2015,,,,,,,,[],#Coachella2015,,,,,,,
neutral,yes,dariusfequiere,1,Ahh  got top billin over  on the  lineup __ the people have spoken,,1/6/15 12:18,5.5256e+17,"Los Angeles, CA",Pacific Time (US & Canada),[],#Coachella2015,,,,,,,,[],#Coachella2015,,,,,,,
neutral,yes,alaw312,0,"our boys Oliver &amp; Kygo on that lineup, we going?!",,1/6/15 12:17,5.5256e+17,"Tampa, FL ",Quito,[],#Coachella2015,,,,,,,,[],#Coachella2015,,,,,,,
neutral,yes,Jose_Galvan,0,"MT  Can't tell if I'm looking at a fictitious  concert poster or not. AC/DC, Drake headliners?",,1/6/15 12:17,5.5256e+17,Nor Cal,Pacific Time (US & Canada),[],#ThanksOBoehner,#Coachella2015,,,,,,,[],#ThanksOBoehner,#Coachella2015,,,,,,
neutral,yes,kayla_boshart,0,Are you excited for,,1/6/15 12:17,5.5256e+17,,,[],#Coachella2015,#ASKSARAI,,,,,,,[],#Coachella2015,#ASKSARAI,,,,,,
neutral,yes,StarStuddedLil,0,And the  lineup has been released _,,1/6/15 12:17,5.5256e+17,Los Angeles,Hawaii,[],#Coachella2015,,,,,,,,[],#Coachella2015,,,,,,,
neutral,yes,sapathetic,0,jack white!!!!!!! dj snake!!!!!,,1/6/15 12:16,5.52559e+17,location: the 6(17) ,Eastern Time (US & Canada),[],#coachella2015,,,,,,,,[],#coachella2015,,,,,,,
neutral,yes,laurensanity,0,florence + the machine __,,1/6/15 12:15,5.52559e+17,"los angeles, ca",Pacific Time (US & Canada),[],#Coachella2015,,,,,,,,[],#Coachella2015,,,,,,,
neutral,yes,trevorj6,0,Dads during Steely Dan : me during Drake so whatever,,1/6/15 12:14,5.52559e+17,"Los Angeles, CA",Eastern Time (US & Canada),[],#Coachella2015,,,,,,,,[],#Coachella2015,,,,,,,
neutral,yes,linziplz,1,RT : : Who's responsible... ___,,1/6/15 12:13,5.52559e+17,"columbus, oh ",Central Time (US & Canada),[],#Coachella2015,,,,,,,,[],#Coachella2015,,,,,,,
neutral,yes,tesfayetaughtme,4,""": Who else would you have added to the  line-up?   , Frank Ocean,",,1/6/15 12:13,5.52559e+17,XO,Arizona,[],#Coachella2015,#TalkBack,,,,,,,[],#Coachella2015,#TalkBack,,,,,,
neutral,yes,M_Irvin17,0,: Wooo lets go stay in the jungle and listen to no named artist for a few days!!    im dead _,,1/6/15 12:12,5.52558e+17,,,[],#Coachella2015,#radical,#ultrarad,,,,,,[],#Coachella2015,#radical,#ultrarad,,,,,
neutral,yes,sinemsaniye,0,"Eric, This is hilareous, haha :)  : This Faux Coachella Lineup From 2013:",,1/6/15 12:12,5.52558e+17,New York City,Eastern Time (US & Canada),[],#Coachella,#Coachella2015,,,,,,,[],#Coachella,#Coachella2015,,,,,,
neutral,yes,amandaaahbooth,3,RT : Stoked to take instagram photos &amp; watch NBA playoff games on my phone while  plays.,,1/6/15 12:11,5.52558e+17,,Alaska,[],#Coachella2015,,,,,,,,[],#Coachella2015,,,,,,,
neutral,yes,peekaboo_jen,0,off to  this year?,,1/6/15 12:11,5.52558e+17,Australia,,[],#Coachella2015,,,,,,,,[],#Coachella2015,,,,,,,
neutral,yes,crackthesky27,0,I wish coachella does their one day passes again. I miss that,,1/6/15 12:10,5.52558e+17,Sunny California,Pacific Time (US & Canada),[],#Coachella2015,#Coachella,,,,,,,[],#Coachella2015,#Coachella,,,,,,
neutral,yes,BlackDiamondNo3,0,any takers?!,,1/6/15 12:09,5.52558e+17,Bay Area,Pacific Time (US & Canada),[],#Coachella2015,,,,,,,,[],#Coachella2015,,,,,,,
neutral,yes,ohheylucas,0,COACHELLA SCOOP: Jack White will share the stage with a hologram of White Stripes-era Jack White!,,1/6/15 12:08,5.52557e+17,,Pacific Time (US & Canada),[],#Coachella2015,,,,,,,,[],#Coachella2015,,,,,,,
neutral,yes,Monika_Stepanik,0,Forever regretting not going to Jack White this summer ___,,1/6/15 12:08,5.52557e+17,Canada,Mountain Time (US & Canada),[],#Coachella2015,#thedream,,,,,,,[],#Coachella2015,#thedream,,,,,,
neutral,yes,LilAndy19,0,Wish List: 20 Possible Performers at Next Year's Festival  (via ),,1/6/15 12:08,5.52557e+17,"Distrito Capital, Venezuela",Eastern Time (US & Canada),[],#Coachella2015,,,,,,,,[],#Coachella2015,,,,,,,
neutral,yes,triciajramirez,0,"lineup: AC/DC, Jack White, Drake, Steely Dan, Florence &amp; the Machine, Alt-J, Vic Mensa, more",,1/6/15 12:06,5.52557e+17,"Newport Beach, CA",Pacific Time (US & Canada),[],#Coachella2015,,,,,,,,[],#Coachella2015,,,,,,,
neutral,yes,BelieberAuPair,0,can I win tickets for  please?,,1/6/15 12:04,5.52556e+17,"AUSTRIA, Europe",Vienna,[],#coachella2015,,,,,,,,[],#coachella2015,,,,,,,
neutral,yes,jasminalyssa,0,Weekend 1 or Weekend 2?,,1/6/15 12:04,5.52556e+17,,Arizona,[],#Coachella2015,,,,,,,,[],#Coachella2015,,,,,,,
neutral,yes,thiskatiecouric,2,RT : I'm going to make Drake my bby daddy during,,1/6/15 12:04,5.52556e+17,77494//66044,Eastern Time (US & Canada),[],#Coachella2015,,,,,,,,[],#Coachella2015,,,,,,,
neutral,yes,Lible2goMichael,0,cue the  tweets...,,1/6/15 12:02,5.52556e+17,,Pacific Time (US & Canada),[],#coachella2015,,,,,,,,[],#coachella2015,,,,,,,
neutral,yes,dirtyassjerm,0,If y'all see me working  do t laugh at me.,,1/6/15 12:02,5.52556e+17,fuck ,Pacific Time (US & Canada),[],#Coachella2015,,,,,,,,[],#Coachella2015,,,,,,,
neutral,yes,TheOneWearing10,0,The line-up is out ladies and gents!!!!!!!!!,,1/6/15 12:02,5.52556e+17,"The best place to live, SoCal!",Pacific Time (US & Canada),[],#COACHELLA2015,,,,,,,,[],#COACHELLA2015,,,,,,,
neutral,yes,AmieDeLaFrance,0,are you going to ?,,1/6/15 12:01,5.52556e+17,"Los Angeles, CA",,[],#Coachella2015,,,,,,,,[],#Coachella2015,,,,,,,
neutral,yes,stylosonica,0,Parquet Courts should be billed where Swans is at,,1/6/15 12:01,5.52556e+17,,Central Time (US & Canada),[],#Coachella2015,,,,,,,,[],#Coachella2015,,,,,,,
neutral,yes,KillerKiger,0,a wide selection of denim cut offs. It's going to be hot this year :),,1/6/15 12:01,5.52556e+17,,,[],#Coachella2015,,,,,,,,[],#Coachella2015,,,,,,,
neutral,yes,Sus4nLi,0,""": The lineup is here!   Cue the flower headband display front + center!""",,1/6/15 12:01,5.52555e+17,"New York, NY",,[],#Coachella2015,#BANNATIVEHEADRESSES2015,,,,,,,[],#Coachella2015,#BANNATIVEHEADRESSES2015,,,,,,
neutral,yes,sjdeleon94,0,soooo we're discussing  when I come over today_,,1/6/15 12:00,5.52555e+17,,,[],#Coachella2015,,,,,,,,[],#Coachella2015,,,,,,,
neutral,yes,meltz00,0,"between football,  and  my twitter may splode. Gotta leave it for a while and do some work.",,1/6/15 11:59,5.52555e+17,"T: 40.757682,-74.028918",Eastern Time (US & Canada),[],#CES2015,#Coachella2015,,,,,,,[],#CES2015,#Coachella2015,,,,,,
neutral,yes,Rickyy_Ross,0,Coachella lineup!!!,,1/6/15 11:59,5.52555e+17,"Orlando, Fl",Pacific Time (US & Canada),[],#Coachella2015,,,,,,,,[],#Coachella2015,,,,,,,
neutral,yes,George_minchez,0,: : The lineup is here!   Cue the flower headband display front + center! Hahaha,,1/6/15 11:59,5.52555e+17,,,[],#Coachella2015,,,,,,,,[],#Coachella2015,,,,,,,
neutral,yes,DJDIRTYDI,0,_ RT : Who else would you have added to the  line-up?,,1/6/15 11:59,5.52555e+17,Closer to my dreams!,Central Time (US & Canada),[],#Coachella2015,#TalkBack,,,,,,,[],#Coachella2015,#TalkBack,,,,,,
neutral,yes,Kornel73,0,Hi ! Which/Who is your favorite Performer on ?,"[0.0, 0.0]",1/6/15 11:59,5.52555e+17,"Szentes, Hungary",,[],#Coachella2015,,,,,,,,[],#Coachella2015,,,,,,,
neutral,yes,Izzkid,0,And here come the  posts.,,1/6/15 11:59,5.52555e+17,"Palm Springs, CA",Pacific Time (US & Canada),[],#Coachella2015,,,,,,,,[],#Coachella2015,,,,,,,
neutral,yes,AmberTheParty,1,(Cums) RT : The lineup is here!,,1/6/15 11:58,5.52555e+17,"Austin, SA & Killeen, Texas",Central Time (US & Canada),[],#Coachella2015,,,,,,,,[],#Coachella2015,,,,,,,
neutral,yes,Caitab706,0,line up tho _,,1/6/15 11:58,5.52555e+17,Arendelle  Norway,,[],#Coachella2015,,,,,,,,[],#Coachella2015,,,,,,,
neutral,yes,SteveColer,0,Feelin good about savin some dough after checking out the  Scehdule.,,1/6/15 11:58,5.52555e+17,"Camarillo, CA",Pacific Time (US & Canada),[],#Coachella2015,,,,,,,,[],#Coachella2015,,,,,,,
neutral,yes,araee_g,1,"RT :     Jamiexx, florence and the machine, ,",,1/6/15 11:58,5.52555e+17,,,[],#Coachella2015,,,,,,,,[],#Coachella2015,,,,,,,
neutral,yes,JaeAlexandria,0,Scratch that it's $3649/2 people I want the VIP package.,,1/6/15 11:57,5.52555e+17,"Miami, Florida",Eastern Time (US & Canada),[],#Coachella2015,,,,,,,,[],#Coachella2015,,,,,,,
neutral,yes,theJackSteven,0,"make sure you don't forget  It's ""Post the  lineup"" time",,1/6/15 11:57,5.52555e+17,"Hollywood, CA",Pacific Time (US & Canada),[],#Coachella2015,,,,,,,,[],#Coachella2015,,,,,,,
neutral,yes,KingPhillipe,0,Coachella lineup is out which means i cant go on social media for the next 48hrs (minimum),,1/6/15 11:57,5.52554e+17,Los Angeles,Pacific Time (US & Canada),[],#Coachella2015,,,,,,,,[],#Coachella2015,,,,,,,
neutral,yes,_JoceeySmiles,0,__c: The lineup is here!,,1/6/15 11:56,5.52554e+17,SoCal,,[],#Coachella2015,,,,,,,,[],#Coachella2015,,,,,,,
neutral,yes,__xdeuces,1,RT : ALL THE BROKE ASS BITCHES HATING ON COACHELLA HAHAHA SIT DOWN _,,1/6/15 11:55,5.52554e+17,,,[],#Coachella2015,#Iwannago,,,,,,,[],#Coachella2015,#Iwannago,,,,,,
neutral,yes,ShaneDeWayne,0,"Drake, AC/DC and Jack White headline",,1/6/15 11:55,5.52554e+17,,Eastern Time (US & Canada),[],#Coachella2015,,,,,,,,[],#Coachella2015,,,,,,,
neutral,yes,luvablrog,0,hey Drizzy being the voice of a generation will u please wear a  t-shirt at  to raise awareness,,1/6/15 11:54,5.52554e+17,,,[],#FreePalestine,#Coachella2015,,,,,,,[],#FreePalestine,#Coachella2015,,,,,,
neutral,yes,KimmKaiiee,2,RT : The Coachella lineup __,,1/6/15 11:54,5.52554e+17,Southern California ,Alaska,[],#Coachella2015,,,,,,,,[],#Coachella2015,,,,,,,
neutral,yes,lioneesssssss,2,"RT :   You've been quoted in my  story ""Fans (and haters) react to """,,1/6/15 11:54,5.52554e+17,,,[],#Storify,#Coachella2015,,,,,,,[],#Storify,#Coachella2015,,,,,,
neutral,yes,cw50detroit,0,"The  lineup: AC/DC, Drake as a headliner and ... Steely Dan? Full lineup here ",,1/6/15 11:54,5.52554e+17,"Detroit, MI",Eastern Time (US & Canada),[],#Coachella2015,,,,,,,,[],#Coachella2015,,,,,,,
neutral,yes,RatterZelda,0,I was off by 2 days. You still totally heard it here first.,,1/6/15 11:53,5.52554e+17,ben stiller's carport @ the mo,,[],#Coachella2015,,,,,,,,[],#Coachella2015,,,,,,,
neutral,yes,AngeloSilverio_,0,Who's going to  ?,,1/6/15 11:50,5.52553e+17,Everywhere ,Quito,[],#Coachella2015,,,,,,,,[],#Coachella2015,,,,,,,
neutral,yes,crisdacat,1,"Check out the  line up, music from  &amp; a mash up from  all on",,1/6/15 11:50,5.52553e+17,954/757,Eastern Time (US & Canada),[],#Coachella2015,#luda,#wordpress,#newmusic,,,,,[],#Coachella2015,#luda,#wordpress,#newmusic,,,,
neutral,yes,bebemocha,0,AC/DC AND Steely Dan in a field under the stars? All we need is a kegger and your Camaro and we're back in high school.,,1/6/15 11:48,5.52552e+17,,Pacific Time (US & Canada),[],#Coachella2015,,,,,,,,[],#Coachella2015,,,,,,,
neutral,yes,avmonkey,0,Then after  is done with their set Angus Young is gonna jam with The Chemical Brothers in the rave tent,,1/6/15 11:46,5.52552e+17,you wish,,[],#acdc,#Coachella2015,,,,,,,[],#acdc,#Coachella2015,,,,,,
neutral,yes,mattostrower,0,It may be snowing in NYC but countdown to festival season has already begun. Official  announcement:,"[0.0, 0.0]",1/6/15 11:46,5.52552e+17,NYC,Eastern Time (US & Canada),[],#Coachella2015,,,,,,,,[],#Coachella2015,,,,,,,
neutral,yes,Marlena_Turner,0,"Coachella 2015: AC/DC, Steely Dan, Drake among headliners!  lineup",,1/6/15 11:45,5.52552e+17,"Atlanta, GA",,[],#Coachella2015,,,,,,,,[],#Coachella2015,,,,,,,
neutral,yes,djchristyle,0,STEELY DAN. Coachella.,,1/6/15 11:45,5.52552e+17,"Bellevue, WA",Alaska,[],#Coachella2015,#yachtmagic,,,,,,,[],#Coachella2015,#yachtmagic,,,,,,
neutral,yes,AlainJimenez4,0,The only artists I'm remotely interested in seeing from the  lineup are    &amp;,,1/6/15 11:45,5.52551e+17,(562) (714) (310) (818),Pacific Time (US & Canada),[],#Coachella2015,,,,,,,,[],#Coachella2015,,,,,,,
neutral,yes,RosaayJ,0,"I hear the coaches line up is up... Which weekend are you going? 

 _","[34.02208402, -118.49442997]",1/6/15 11:45,5.52551e+17,,,[],#jarphotography,#coachella2015,,,,,,,[],#jarphotography,#coachella2015,,,,,,
neutral,yes,smckennaSC,0,Lineup Announced  via,,1/6/15 11:44,5.52551e+17,Vancouver,Pacific Time (US & Canada),[],#Coachella2015,#SOCIALintheCITY,#musicfestivals,#Summer2015,,,,,[],#Coachella2015,#SOCIALintheCITY,#musicfestivals,#Summer2015,,,,
neutral,yes,JordyStrange,0,I just want to cry to Interpol and Brand New.,,1/6/15 11:44,5.52551e+17,"Los Angeles,  California",Pacific Time (US & Canada),[],#Coachella2015,,,,,,,,[],#Coachella2015,,,,,,,
neutral,yes,erikalee0202,0,why is everyone talking about Coachella all of  sudden???,,1/6/15 11:43,5.52551e+17,NYC,,[],#Coachella2015,,,,,,,,[],#Coachella2015,,,,,,,
neutral,yes,racheldonnelle,0,"Oh God, what have I done?",,1/6/15 11:43,5.52551e+17,Omicron Persei 8,Pacific Time (US & Canada),[],#Coachella2015,,,,,,,,[],#Coachella2015,,,,,,,
neutral,yes,stylosonica,0,Steely Dan... Spoon??!!?!!!,,1/6/15 11:43,5.52551e+17,,Central Time (US & Canada),[],#Coachella2015,,,,,,,,[],#Coachella2015,,,,,,,
neutral,yes,C_Michele1L,0,! RT : You see it,,1/6/15 11:42,5.52551e+17,In Grad School  D E B '][',Eastern Time (US & Canada),[],#Coachella2015,,,,,,,,[],#Coachella2015,,,,,,,
neutral,yes,RoAtkinson,0,Drake and Brand New on the same day? Tempting but not good enough...,,1/6/15 11:41,5.52551e+17,,,[],#Coachella2015,,,,,,,,[],#Coachella2015,,,,,,,
neutral,yes,Mpattz26,0,So the  diet begins,,1/6/15 11:41,5.52551e+17,southsea,,[],#Coachella2015,,,,,,,,[],#Coachella2015,,,,,,,
neutral,yes,LorraineAli,0,"For those about to rock, please pay upward of $375 for a wristband, more for VIP parking.",,1/6/15 11:41,5.5255e+17,Los Angeles,Pacific Time (US & Canada),[],#Coachella2015,,,,,,,,[],#Coachella2015,,,,,,,
neutral,yes,Rehabonlinemag,0,Lineup,,1/6/15 11:40,5.5255e+17,,Arizona,[],#Coachella2015,,,,,,,,[],#Coachella2015,,,,,,,
neutral,yes,DJHOOVE,0,: __ RT : Who's responsible... ___,,1/6/15 11:40,5.5255e+17,(215)(267)(610),Central Time (US & Canada),[],#Coachella2015,,,,,,,,[],#Coachella2015,,,,,,,
neutral,yes,IvyAugusta,1,lineup is here!,,1/6/15 11:40,5.5255e+17,"Santa Monica, CA",Pacific Time (US & Canada),[],#Coachella2015,,,,,,,,[],#Coachella2015,,,,,,,
neutral,yes,quefarts,0,"Ladies and gentlemen,",,1/6/15 11:39,5.5255e+17,,Arizona,[],#coachella2015,,,,,,,,[],#coachella2015,,,,,,,
neutral,yes,Actually3,2,Coachella lineup has been announced.   Tickets go on sale tomorrow.,"[0.0, 0.0]",1/6/15 11:38,5.5255e+17,"Tucson, AZ",Arizona,[],#Coachella2015,#lineup,,,,,,,[],#Coachella2015,#lineup,,,,,,
neutral,yes,Senjougayhara,1,"RT :    You've been quoted in my  story ""Fans (and haters) react to "" ",,1/6/15 11:38,5.5255e+17,Sweden,,[],#Storify,#Coachella2015,,,,,,,[],#Storify,#Coachella2015,,,,,,
neutral,yes,LANGMarMendoza,2,"You've been quoted in my  story ""Fans (and haters) react to """,,1/6/15 11:37,5.5255e+17,"Los Angeles, Calif.",Hawaii,[],#Storify,#Coachella2015,,,,,,,[],#Storify,#Coachella2015,,,,,,
neutral,yes,LANGMarMendoza,0,"You've been quoted in my  story ""Fans (and haters) react to """,,1/6/15 11:37,5.5255e+17,"Los Angeles, Calif.",Hawaii,[],#Storify,#Coachella2015,,,,,,,[],#Storify,#Coachella2015,,,,,,
neutral,yes,LANGMarMendoza,1,"You've been quoted in my  story ""Fans (and haters) react to """,,1/6/15 11:37,5.5255e+17,"Los Angeles, Calif.",Hawaii,[],#Storify,#Coachella2015,,,,,,,[],#Storify,#Coachella2015,,,,,,
neutral,yes,Sal_MrRager,1,RT : so who's going weekend 2?!,,1/6/15 11:37,5.5255e+17,RAVER duhhh,Pacific Time (US & Canada),[],#Coachella2015,,,,,,,,[],#Coachella2015,,,,,,,
neutral,yes,JoseOle123,0,: The lineup is here!   __,,1/6/15 11:37,5.52549e+17,,Arizona,[],#Coachella2015,,,,,,,,[],#Coachella2015,,,,,,,
neutral,yes,RadioBlah_Blah,0,Pretty please come to Phoenix in between your  stops. Thanks!! _,,1/6/15 11:37,5.52549e+17,From the 419 to the 480,Arizona,[],#Coachella2015,,,,,,,,[],#Coachella2015,,,,,,,
neutral,yes,bbrvo,2,RT : that  line up tho,,1/6/15 11:37,5.52549e+17,"Santa Ana, CA",,[],#Coachella2015,,,,,,,,[],#Coachella2015,,,,,,,
neutral,yes,dsmpowered,0,: You see it  BRB planning road trip,,1/6/15 11:36,5.52549e+17,"from Cleveland, in Oakland",Eastern Time (US & Canada),[],#Coachella2015,,,,,,,,[],#Coachella2015,,,,,,,
neutral,yes,RexDetiger,0,trying to think about what artists I was expecting to see on this  lineup but I can't really think of anyone,,1/6/15 11:35,5.52549e+17,NYC,Eastern Time (US & Canada),[],#Coachella2015,,,,,,,,[],#Coachella2015,,,,,,,
neutral,yes,JGanthier,0,"Can someone please explain how tickets aren't on sale until tomorrow, but all general admission is already sold out?",,1/6/15 11:34,5.52549e+17,"Houston, TX",Central Time (US & Canada),[],#Coachella2015,,,,,,,,[],#Coachella2015,,,,,,,
neutral,yes,SunTimesDET,0,. we used your tweet in our story about !,,1/6/15 11:34,5.52549e+17,,,[],#Coachella2015,,,,,,,,[],#Coachella2015,,,,,,,
neutral,yes,brianpoleck,0,Roadie?,,1/6/15 11:34,5.52549e+17,"T: 43.20482,-79.990598",Quito,[],#Coachella2015,#TreatMeRight,,,,,,,[],#Coachella2015,#TreatMeRight,,,,,,
neutral,yes,UCTRadio,4,The  line-up has just been announced. On a scale of 1 to 10 - how jealous are you?,,1/6/15 11:31,5.52548e+17,"Cape Town, South Africa",Pretoria,[],#Coachella2015,,,,,,,,[],#Coachella2015,,,,,,,
neutral,yes,itsjustbrenda_,0,: The lineup is here!,,1/6/15 11:31,5.52548e+17,Texas,Pacific Time (US & Canada),[],#Coachella2015,,,,,,,,[],#Coachella2015,,,,,,,
neutral,yes,CubKollar,0,When ISN'T  headlining.,,1/6/15 11:30,5.52548e+17,Toronto Canada,Eastern Time (US & Canada),[],#OVOEmpire,#Coachella2015,,,,,,,[],#OVOEmpire,#Coachella2015,,,,,,
neutral,yes,Raheelaaaa,0,I only would go to see two acts Axwell^Ingrosso &amp; The Weekend.,,1/6/15 11:28,5.52547e+17,New Zealand ,Auckland,[],#Coachella2015,,,,,,,,[],#Coachella2015,,,,,,,
neutral,yes,jonasFreeAgent,0,"reactions?     @ Indio, CA","[43.29992263, 5.38805485]",1/6/15 11:27,5.52547e+17,"Marseille, France",Melbourne,[],#coachella2015,#carpoolchella,#frenchella,#notthisyearforme,,,,,[],#coachella2015,#carpoolchella,#frenchella,#notthisyearforme,,,,
neutral,yes,heather_lee28,0,OMG that  lineup tho...!!!,,1/6/15 11:27,5.52547e+17,"Toronto, ON",Eastern Time (US & Canada),[],#coachella2015,#unreal,,,,,,,[],#coachella2015,#unreal,,,,,,
neutral,yes,naturallytran,1,: The lineup is here!   __,,1/6/15 11:26,5.52547e+17,"Towson, Maryland ",Eastern Time (US & Canada),[],#Coachella2015,,,,,,,,[],#Coachella2015,,,,,,,
neutral,yes,DeevoTHEman,2,"RT : So ""Kim Jong Poon"" was unreachable??",,1/6/15 11:24,5.52546e+17,Glass case of emotion,Pacific Time (US & Canada),[],#coachella2015,#coachella,,,,,,,[],#coachella2015,#coachella,,,,,,
neutral,yes,_DOMlNlC_,1,"top acts of  
Tame Impala
Ratatat
Mac Demarco
Father John Misty 
Brand New
Flying Lotus
Angus &amp; Julia Stone",,1/6/15 11:24,5.52546e+17,-Aquarius-,,[],#Coachella2015,,,,,,,,[],#Coachella2015,,,,,,,
neutral,yes,WesSaniatan,0,Drake gonna bring that all-star guest list to perform with him like Pharrell did last year.,,1/6/15 11:24,5.52546e+17,Las Vegas,Pacific Time (US & Canada),[],#Epic,#coachella2015,,,,,,,[],#Epic,#coachella2015,,,,,,
neutral,yes,MissKristilyn,0,"Lineup Revealed: AC/DC, Drake &amp; Jack White Headlining  via",,1/6/15 11:24,5.52546e+17,District of Columbia,Eastern Time (US & Canada),[],#Coachella2015,,,,,,,,[],#Coachella2015,,,,,,,
neutral,yes,MichelleKavanau,20,RT : BREAKING NEWS:    to headline,,1/6/15 11:23,5.52546e+17,,Arizona,[],#JackWhite,#Coachella2015,,,,,,,[],#JackWhite,#Coachella2015,,,,,,
neutral,yes,iamstuartarias,0,Saturday: Jack White - Weeknd - alt-J - Ratatat - Flosstradamus - SBTRKT - Run The Jewels - Tycho - Chet Faker - Toro &amp; Moi,,1/6/15 11:23,5.52546e+17,Costa Rica,Mountain Time (US & Canada),[],#Coachella2015,,,,,,,,[],#Coachella2015,,,,,,,
neutral,yes,bniex3,0,No matter what people complain. Ya do the line up then.,,1/6/15 11:23,5.52546e+17,"Compton, CA",Pacific Time (US & Canada),[],#coachella2015,,,,,,,,[],#coachella2015,,,,,,,
neutral,yes,kyleemarie27,0,Are you actually serious?        all in the  lineup,,1/6/15 11:23,5.52546e+17,"Los Angeles, CA",Pacific Time (US & Canada),[],#Coachella2015,,,,,,,,[],#Coachella2015,,,,,,,
neutral,yes,thekevinryder,2,"So ""Kim Jong Poon"" was unreachable??",,1/6/15 11:22,5.52546e+17,,Pacific Time (US & Canada),[],#coachella2015,#coachella,,,,,,,[],#coachella2015,#coachella,,,,,,
neutral,yes,RamonaSaviss,0,lineup announced:,,1/6/15 11:22,5.52546e+17,,Pacific Time (US & Canada),[],#Coachella2015,,,,,,,,[],#Coachella2015,,,,,,,
neutral,yes,ericinstereo,0,lineup announced!,,1/6/15 11:21,5.52546e+17,"Brooklyn, NY",Eastern Time (US & Canada),[],#Coachella2015,,,,,,,,[],#Coachella2015,,,,,,,
neutral,yes,aidansdaddy619,0,Maybe  and  can make peace during,"[32.75952582, -117.11684068]",1/6/15 11:21,5.52546e+17,San Diego/ Madison Wisconsin ,Central Time (US & Canada),[],#Coachella2015,,,,,,,,[],#Coachella2015,,,,,,,
neutral,yes,sonicfeels,0,I'm in kansas. So who's taking me?,,1/6/15 11:21,5.52546e+17,kansas,Central Time (US & Canada),[],#coachella,#Coachella2015,#willbeyoursexslave,,,,,,[],#coachella,#Coachella2015,#willbeyoursexslave,,,,,
neutral,yes,AaronThi,1,Lineup is ___,,1/6/15 11:20,5.52545e+17,San Francisco,,[],#Coachella2015,,,,,,,,[],#Coachella2015,,,,,,,
neutral,yes,mshookie,0,: Who's responsible... ___   crying omg,,1/6/15 11:20,5.52545e+17,Georgia,Quito,[],#Coachella2015,,,,,,,,[],#Coachella2015,,,,,,,
neutral,yes,iamstuartarias,0,Friday: Tame Impala - Interpol - Fliyng Lotus - Cloud Nothings,,1/6/15 11:19,5.52545e+17,Costa Rica,Mountain Time (US & Canada),[],#Coachella2015,,,,,,,,[],#Coachella2015,,,,,,,
neutral,yes,IanZymarakis,1,AC/DC headlining night one of .... Are we sure this isn't 1985?,,1/6/15 11:19,5.52545e+17,"Scottsdale, Arizona",Arizona,[],#Coachella2015,,,,,,,,[],#Coachella2015,,,,,,,
neutral,yes,TheVerge,0,2015 is here!,,1/6/15 11:19,5.52545e+17,,Eastern Time (US & Canada),[],#Coachella2015,,,,,,,,[],#Coachella2015,,,,,,,
neutral,yes,wonjsalt,0,on the  headline.,,1/6/15 11:18,5.52545e+17,won mile from heaven,Eastern Time (US & Canada),[],#Coachella2015,,,,,,,,[],#Coachella2015,,,,,,,
neutral,yes,JuanitaNg,0,lineup announced. Tix on sale tomorrow at noon PST.,,1/6/15 11:16,5.52544e+17,"Vancouver, B.C.",Pacific Time (US & Canada),[],#Coachella2015,,,,,,,,[],#Coachella2015,,,,,,,
neutral,yes,Mike_Dee12,3,RT : The line up for Coachella!,,1/6/15 11:16,5.52544e+17,"Chino, CA",Alaska,[],#Coachella2015,,,,,,,,[],#Coachella2015,,,,,,,
neutral,yes,CLTure,4,2015 Coachella Lineup announced. What are your thoughts?,,1/6/15 11:15,5.52544e+17,"Charlotte, NC",Atlantic Time (Canada),[],#Coachella2015,,,,,,,,[],#Coachella2015,,,,,,,
neutral,yes,KevinDaTrapGawd,0,": .,  and more will perform at",,1/6/15 11:15,5.52544e+17,somewhere in Texas,,[],#Coachella2015,,,,,,,,[],#Coachella2015,,,,,,,
neutral,yes,KevinDaTrapGawd,0,": .,  and more will perform at",,1/6/15 11:15,5.52544e+17,somewhere in Texas,,[],#Coachella2015,,,,,,,,[],#Coachella2015,,,,,,,
neutral,yes,eatveitmoe,0,"New  class announced and  lineup?

RIP Twitter","[33.87755437, -118.01943177]",1/6/15 11:14,5.52544e+17,"Southern California, USA",Pacific Time (US & Canada),[],#HallofFame,#Coachella2015,,,,,,,[],#HallofFame,#Coachella2015,,,,,,
neutral,yes,AdiahaHunteDC,0,"to headine . Also, ,  and others.",,1/6/15 11:13,5.52544e+17,Canada,Atlantic Time (Canada),[],#Drake,#Coachella2015,#ACDC,#JackWhite,,,,,[],#Drake,#Coachella2015,#ACDC,#JackWhite,,,,
neutral,yes,xoxoxobreezy,0,"This lineup tho ,",,1/6/15 11:13,5.52544e+17,City of Angels .,Pacific Time (US & Canada),[],#Coachella2015,,,,,,,,[],#Coachella2015,,,,,,,
neutral,yes,parkervb,0,Seems like you pretty much have to be down with EDM to justify going to Coachella anymore.,,1/6/15 11:12,5.52543e+17,757,Central Time (US & Canada),[],#Coachella2015,,,,,,,,[],#Coachella2015,,,,,,,
neutral,yes,HippyWolfPro,3,The line up for Coachella!,,1/6/15 11:12,5.52543e+17,"Los Angeles, CA",Pacific Time (US & Canada),[],#Coachella2015,,,,,,,,[],#Coachella2015,,,,,,,
neutral,yes,sweetfacedinero,0,"lineup: AC/DC, Jack White, Drake, Steely Dan, FKA Twigs , Alt-J, Vic Mensa, more",,1/6/15 11:12,5.52543e+17,"Sac, Califas #0FXGVN",Pacific Time (US & Canada),[],#Coachella2015,,,,,,,,[],#Coachella2015,,,,,,,
neutral,yes,raykwong,1,"Woof. RT : Oh snap.  headliners include Jack White, AC/DC, Drake:",,1/6/15 11:11,5.52543e+17,Pacific Rim,Pacific Time (US & Canada),[],#Coachella2015,,,,,,,,[],#Coachella2015,,,,,,,
neutral,yes,nicolecunanan_,0,: The lineup is here!,,1/6/15 11:11,5.52543e+17,"BAE AREA, N_RCAL",Pacific Time (US & Canada),[],#Coachella2015,,,,,,,,[],#Coachella2015,,,,,,,
neutral,yes,cristina2popa,3,RT :  is one of the  headliners.,,1/6/15 11:11,5.52543e+17,Woodbridge,,[],#Drake,#Coachella2015,#NowYouKnow,,,,,,[],#Drake,#Coachella2015,#NowYouKnow,,,,,
neutral,yes,MarinaaaC_,0,: The lineup is here!   _,,1/6/15 11:11,5.52543e+17,,,[],#Coachella2015,,,,,,,,[],#Coachella2015,,,,,,,
neutral,yes,Lestosterone,0,line up.,,1/6/15 11:10,5.52543e+17,"Manila, Philippines",Singapore,[],#Coachella2015,,,,,,,,[],#Coachella2015,,,,,,,
neutral,yes,CleezyTaughtU,0,That  lineup was false. Here's the real one,,1/6/15 11:10,5.52543e+17,"Brooklyn, NYC",Quito,[],#Coachella2015,,,,,,,,[],#Coachella2015,,,,,,,
neutral,yes,xAmnesiacx,0,"announces line up, more tix on sale tomorrow",,1/6/15 11:08,5.52542e+17,,Eastern Time (US & Canada),[],#Coachella2015,,,,,,,,[],#Coachella2015,,,,,,,
neutral,yes,monicaseetharam,0,The thing about  is,,1/6/15 11:08,5.52542e+17,nashville,Central Time (US & Canada),[],#Coachella2015,,,,,,,,[],#Coachella2015,,,,,,,
neutral,yes,iminoorali,0,What even is this  lineup?,"[0.0, 0.0]",1/6/15 11:08,5.52542e+17,Los Angeles,Pacific Time (US & Canada),[],#Coachella2015,,,,,,,,[],#Coachella2015,,,,,,,
neutral,yes,ashleymcousins,0,So who wants to go to  ?,"[46.24760417, -63.11782051]",1/6/15 11:06,5.52542e+17,Canada,Santiago,[],#Coachella2015,,,,,,,,[],#Coachella2015,,,,,,,
neutral,yes,BNNERMAN,1,: Thoughts on the  line-up?  __,,1/6/15 11:06,5.52542e+17,North Hudson NJ,Eastern Time (US & Canada),[],#Coachella2015,,,,,,,,[],#Coachella2015,,,,,,,
neutral,yes,Tyler_Inquirer,0,is playing  !!!,,1/6/15 11:06,5.52542e+17,Northern California ,,[],#Coachella2015,,,,,,,,[],#Coachella2015,,,,,,,
neutral,yes,vivalaloveee,0,VARIETY,,1/6/15 11:05,5.52541e+17,LA,Pacific Time (US & Canada),[],#Coachella2015,,,,,,,,[],#Coachella2015,,,,,,,
neutral,yes,jenn_chernoff,0,: What we've all been waiting for. _    ANYONE? let's goo __,,1/6/15 11:05,5.52541e+17,,Pacific Time (US & Canada),[],#Coachella2015,,,,,,,,[],#Coachella2015,,,,,,,
neutral,yes,sosupersquill,1,the season has begun,,1/6/15 11:04,5.52541e+17,United States,Alaska,[],#coachella2015,,,,,,,,[],#coachella2015,,,,,,,
neutral,yes,slick459,0,The  lineup is here!,,1/6/15 11:04,5.52541e+17,"los angeles, ca",Pacific Time (US & Canada),[],#Coachella2015,,,,,,,,[],#Coachella2015,,,,,,,
neutral,yes,letsgetkozy,0,Lil B making a comeback,,1/6/15 11:04,5.52541e+17,,Pacific Time (US & Canada),[],#coachella2015,,,,,,,,[],#coachella2015,,,,,,,
neutral,yes,BackstageGabe,5,RT : Coachella Music Festival 2015 Lineup Poster      _,,1/6/15 11:04,5.52541e+17,"Rancho Cucamonga, CA",Pacific Time (US & Canada),[],#Coachella2015,#Coachella15,#CoachellaLineup,#indi,,,,,[],#Coachella2015,#Coachella15,#CoachellaLineup,#indi,,,,
neutral,yes,Sac_Tiger,0,line-up announced,,1/6/15 11:03,5.52541e+17,"Sacramento, CA",,[],#Coachella2015,,,,,,,,[],#Coachella2015,,,,,,,
neutral,yes,raaaaychill,1,RT : I mean,,1/6/15 11:03,5.52541e+17,Canada ,Central Time (US & Canada),[],#Coachella2015,#ZzzzzzZzzzzzzzzZzzzzzzzz,,,,,,,[],#Coachella2015,#ZzzzzzZzzzzzzzzZzzzzzzzz,,,,,,
neutral,yes,ivwilsoniv,0,The fact that  is playing at  gives me hope that they will also be at .,,1/6/15 11:03,5.52541e+17,ATX,Central Time (US & Canada),[],#Coachella2015,,,,,,,,[],#Coachella2015,,,,,,,
neutral,yes,_hibella_,0,"___ "": Bruh RT : Who's responsible... ___",,1/6/15 11:02,5.52541e+17,Philly,Quito,[],#Coachella2015,,,,,,,,[],#Coachella2015,,,,,,,
neutral,yes,fashionista7283,0,Whos responsible... ___   ________,,1/6/15 11:00,5.5254e+17,,,[],#Coachella2015,,,,,,,,[],#Coachella2015,,,,,,,
neutral,yes,ParentsTips,0,Whos responsible... ___   _,,1/6/15 11:00,5.5254e+17,,,[],#Coachella2015,,,,,,,,[],#Coachella2015,,,,,,,
neutral,yes,AniCaribbean,48,That  lineup tho,,1/6/15 10:59,5.5254e+17,,Pacific Time (US & Canada),[],#Coachella2015,,,,,,,,[],#Coachella2015,,,,,,,
neutral,yes,JasonRMalmberg,0,"Hold on, were staying home",,1/6/15 10:59,5.5254e+17,Atop Zardoz,Arizona,[],#Coachella2015,,,,,,,,[],#Coachella2015,,,,,,,
neutral,yes,master_vickster,0,Petition for  to play,,1/6/15 10:59,5.5254e+17,Vegas | Seattle,Pacific Time (US & Canada),[],#Coachella2015,,,,,,,,[],#Coachella2015,,,,,,,
neutral,yes,666MikeG,0,: Who's responsible... ___,,1/6/15 10:59,5.5254e+17,,,[],#Coachella2015,,,,,,,,[],#Coachella2015,,,,,,,
neutral,yes,LoveAshh_,6,Trading a weekend 1 pass for a weekend 2 pass,"[0.0, 0.0]",1/6/15 10:58,5.5254e+17,Covina,Pacific Time (US & Canada),[],#RT,#Coachella2015,,,,,,,[],#RT,#Coachella2015,,,,,,
neutral,yes,numerounoHP,0,"They knew when they made that  line up, they was gonna have people flipping out about this one.",,1/6/15 10:58,5.5254e+17,#501,Central Time (US & Canada),[],#Coachella2015,,,,,,,,[],#Coachella2015,,,,,,,
neutral,yes,a1fuctup,0,soo I have a week 2 pass anyone down to trade for week 1??,,1/6/15 10:58,5.5254e+17,562,Pacific Time (US & Canada),[],#Coachella2015,,,,,,,,[],#Coachella2015,,,,,,,
neutral,yes,HummingWanderer,0,"AC/DC, Jack White, Steely Dan, Brand New, St. Lucia... and so many more. Faaack",,1/6/15 10:57,5.5254e+17,New Delhi,New Delhi,[],#Coachella2015,,,,,,,,[],#Coachella2015,,,,,,,
neutral,yes,Dae_dae95,0,: Who's responsible... ___   lol,,1/6/15 10:57,5.5254e+17,Cape Town ,,[],#Coachella2015,,,,,,,,[],#Coachella2015,,,,,,,
neutral,yes,UNENOhector,0,Are you going???,,1/6/15 10:57,5.52539e+17,Nor Cal 1989,Pacific Time (US & Canada),[],#Coachella2015,,,,,,,,[],#Coachella2015,,,,,,,
neutral,yes,getsmarty,0,leave yo girl at home it's Drizzy!!!,,1/6/15 10:57,5.52539e+17,BRENTWOOD,Pacific Time (US & Canada),[],#itsdrizzy,#Coachella2015,,,,,,,[],#itsdrizzy,#Coachella2015,,,,,,
neutral,yes,Kyra_IX,0,", it's happening.",,1/6/15 10:56,5.52539e+17,Edmonton/Maskwacis,Mountain Time (US & Canada),[],#Coachella2015,,,,,,,,[],#Coachella2015,,,,,,,
neutral,yes,j9stephani,0,I have  tickets...not sure if I care to go. Less pretentious  deserves my vacation time.,"[0.0, 0.0]",1/6/15 10:56,5.52539e+17,Chicago,Central Time (US & Canada),[],#coachella2015,,,,,,,,[],#coachella2015,,,,,,,
neutral,yes,Dom_Ren_Lewis,0,If you're really rich and you've seen this tweet then you've won a special prize you get to buy me a ticket to,,1/6/15 10:56,5.52539e+17,Hull,Hawaii,[],#Coachella2015,#congrats,,,,,,,[],#Coachella2015,#congrats,,,,,,
neutral,yes,nothingbutabz,0,"I think  and/or  should do ""Localchella"" in April, where the  artists come to town",,1/6/15 10:55,5.52539e+17,A city you never see on screen,Alaska,[],#Coachella2015,,,,,,,,[],#Coachella2015,,,,,,,
neutral,yes,Nessurfied,0,CoachellaLineUpPostDay,,1/6/15 10:55,5.52539e+17,Disneyland - Team Millennia,Pacific Time (US & Canada),[],#Coachella2015,#lineup,#drizzy,,,,,,[],#Coachella2015,#lineup,#drizzy,,,,,
neutral,yes,rakoji,0,Photo: coachella 2015 line up announced,,1/6/15 10:54,5.52539e+17,LA: City of Champions,Pacific Time (US & Canada),[],#coachella,#coachella2015,,,,,,,[],#coachella,#coachella2015,,,,,,
neutral,yes,Evvo_D,0,I hope Drake is aware he is not the ONLY artist that will be playing Coachella,,1/6/15 10:54,5.52539e+17,"Toronto, Canada",Quito,[],#Coachella2015,,,,,,,,[],#Coachella2015,,,,,,,
neutral,yes,boonemdb,1,"RT : Oh snap.  headliners include Jack White, AC/DC, Drake:",,1/6/15 10:54,5.52539e+17,NYC,,[],#Coachella2015,,,,,,,,[],#Coachella2015,,,,,,,
neutral,yes,JuliaGierasimow,1,RT : No work will be done today.,,1/6/15 10:53,5.52538e+17,,Pacific Time (US & Canada),[],#Coachella2015,,,,,,,,[],#Coachella2015,,,,,,,
neutral,yes,zach_graham21,1,No work will be done today.,,1/6/15 10:53,5.52538e+17,,,[],#Coachella2015,,,,,,,,[],#Coachella2015,,,,,,,
neutral,yes,therabbitshole,0,Lineup Announced,,1/6/15 10:53,5.52538e+17,California,Mountain Time (US & Canada),[],#Coachella2015,,,,,,,,[],#Coachella2015,,,,,,,
neutral,yes,Gregizzle,0,Luckily we didn't buy those 75$ Jack White tickets.,,1/6/15 10:53,5.52538e+17,LV,Pacific Time (US & Canada),[],#Coachella2015,,,,,,,,[],#Coachella2015,,,,,,,
neutral,yes,av_trester,0,To go or not to go that is the question?,,1/6/15 10:52,5.52538e+17,California,,[],#Coachella2015,,,,,,,,[],#Coachella2015,,,,,,,
neutral,yes,i_AIM_Tyga,0,: The lineup is here!,,1/6/15 10:52,5.52538e+17,house of targaryen,Pacific Time (US & Canada),[],#Coachella2015,,,,,,,,[],#Coachella2015,,,,,,,
neutral,yes,_dynamicKillah,0,clean bandit on Saturday // wit it,,1/6/15 10:51,5.52538e+17,,Eastern Time (US & Canada),[],#Coachella2015,,,,,,,,[],#Coachella2015,,,,,,,
neutral,yes,switchtrik,0,That Saturday lineup though.,,1/6/15 10:51,5.52538e+17,"Manila, Philippines",Hong Kong,[],#Coachella2015,,,,,,,,[],#Coachella2015,,,,,,,
neutral,yes,Jasroid,0,Its still January and people are already hyped about  ...wow,,1/6/15 10:50,5.52538e+17,World Wide,Central Time (US & Canada),[],#Coachella2015,,,,,,,,[],#Coachella2015,,,,,,,
neutral,yes,Chayse_7,1,RT : And the real countdown begins!,,1/6/15 10:50,5.52538e+17,Bompton,,[],#Coachella2015,,,,,,,,[],#Coachella2015,,,,,,,
neutral,yes,DreMacsAMillion,1,RT : RT : Who's responsible... ___,,1/6/15 10:50,5.52538e+17,Toronto. West District.,Eastern Time (US & Canada),[],#Coachella2015,,,,,,,,[],#Coachella2015,,,,,,,
neutral,yes,vexmeg,0,"Well, the  line-up looks incredibly mediocre.",,1/6/15 10:50,5.52538e+17,"Swansea, Cymru",,[],#Coachella2015,,,,,,,,[],#Coachella2015,,,,,,,
neutral,yes,lissachewbaca,0,: The lineup is here!   Tyler &amp;&amp; flying lotus ____________,,1/6/15 10:50,5.52538e+17,,Arizona,[],#Coachella2015,,,,,,,,[],#Coachella2015,,,,,,,
neutral,yes,NWbeardgang,2,RT :  Announces Lineup,,1/6/15 10:50,5.52538e+17,Bremerton WA,Hawaii,[],#Coachella,#Coachella2015,,,,,,,[],#Coachella,#Coachella2015,,,,,,
neutral,yes,805DMill,0,And it begins   saakeee   _,,1/6/15 10:50,5.52538e+17,[805],Pacific Time (US & Canada),[],#Coachella2015,,,,,,,,[],#Coachella2015,,,,,,,
neutral,yes,ThisMikeLee,0,Who will be there?,,1/6/15 10:49,5.52538e+17,CT | CA,Eastern Time (US & Canada),[],#Coachella,#Coachella2015,,,,,,,[],#Coachella,#Coachella2015,,,,,,
neutral,yes,jeypers,0,Coachella Lineup Announced:,,1/6/15 10:49,5.52538e+17,San Francisco,,[],#Coachella2015,#coachellalineup,,,,,,,[],#Coachella2015,#coachellalineup,,,,,,
neutral,yes,MissRuz,0,"Drizzyyyyy ______"": The lineup is here!",,1/6/15 10:49,5.52537e+17,Venezuela - Zulia,Caracas,[],#Coachella2015,,,,,,,,[],#Coachella2015,,,,,,,
neutral,yes,_juliamarie14,0,: The lineup is here!   anyone wanna go?,,1/6/15 10:49,5.52537e+17,,Eastern Time (US & Canada),[],#Coachella2015,,,,,,,,[],#Coachella2015,,,,,,,
neutral,yes,taiguhhh,0,:  LINEUP,,1/6/15 10:47,5.52537e+17,,,[],#Coachella2015,,,,,,,,[],#Coachella2015,,,,,,,
neutral,yes,roxannertorres,0,Mom knows what's up,,1/6/15 10:47,5.52537e+17,houston. ,Central Time (US & Canada),[],#coachella2015,,,,,,,,[],#coachella2015,,,,,,,
neutral,yes,trompjay,0,The  rules!,,1/6/15 10:46,5.52537e+17,Worldwide,Amsterdam,[],#coachellalineup,#Coachella2015,,,,,,,[],#coachellalineup,#Coachella2015,,,,,,
neutral,yes,team_anaa,0,Looking at the  lineups,,1/6/15 10:46,5.52537e+17,"Los Angeles, California",Pacific Time (US & Canada),[],#Coachella2015,,,,,,,,[],#Coachella2015,,,,,,,
neutral,yes,adrianahice,0,What do people think about the lineup?,,1/6/15 10:46,5.52537e+17,,Arizona,[],#Coachella2015,,,,,,,,[],#Coachella2015,,,,,,,
neutral,yes,Kristel_Joy07,0,"Circa Survive, Interpol, FKA twigs, Bad Religion, Madeon ________________",,1/6/15 10:46,5.52537e+17,left coast ,Pacific Time (US & Canada),[],#Coachella2015,,,,,,,,[],#Coachella2015,,,,,,,
neutral,yes,strictlycdn,0,"lineup announced, it is all in the small print",,1/6/15 10:45,5.52537e+17,"Montreal, QC",Pacific Time (US & Canada),[],#Coachella2015,,,,,,,,[],#Coachella2015,,,,,,,
neutral,yes,justinpward,1,&lt;3  LINEUP:,,1/6/15 10:45,5.52537e+17,San Francisco,Pacific Time (US & Canada),[],#Coachella2015,,,,,,,,[],#Coachella2015,,,,,,,
neutral,yes,there_she_goz,0,"Boyfriend texts me excited that Steely Dan is playing . Apparently, he's 65.",,1/6/15 10:45,5.52536e+17,"San Diego, CA",Pacific Time (US & Canada),[],#Coachella2015,,,,,,,,[],#Coachella2015,,,,,,,
neutral,yes,TheHomieAlex666,0,""": The  lineup is here!!! See who's playing in April:",,1/6/15 10:45,5.52536e+17,,,[],#Coachella2015,,,,,,,,[],#Coachella2015,,,,,,,
neutral,yes,NotRyanDavidson,0,I wonder who's hologram will make an appearance at,,1/6/15 10:44,5.52536e+17,"Chicago, Illinois",Central Time (US & Canada),[],#Coachella2015,,,,,,,,[],#Coachella2015,,,,,,,
neutral,yes,VORPLOCIRAPTOR,0,Action Bronson and Azealie Banks on the same day for the first on-stage Twitter beefing performance,,1/6/15 10:43,5.52536e+17,,Pacific Time (US & Canada),[],#Coachella2015,,,,,,,,[],#Coachella2015,,,,,,,
neutral,yes,RileyJohnSavage,0,"Lol, Brand New, Joyce Manor and Touch Amore are opening for Drake",,1/6/15 10:43,5.52536e+17,Cincinnati,,[],#Coachella2015,,,,,,,,[],#Coachella2015,,,,,,,
neutral,yes,likeadesigner,0,Where's  and   ?,,1/6/15 10:42,5.52536e+17,Monterrey,Mexico City,[],#Coachella2015,,,,,,,,[],#Coachella2015,,,,,,,
neutral,yes,_mikefox,0,Nothing really surprising. Thought  would be the big surprise of  and have it it kick off a summer tour.,,1/6/15 10:42,5.52536e+17,,Central Time (US & Canada),[],#Coachella2015,,,,,,,,[],#Coachella2015,,,,,,,
neutral,yes,KroqChip,0,"""RT : Wait. No ""Anal Afro??? ""  """,,1/6/15 10:41,5.52536e+17,Orange County,Pacific Time (US & Canada),[],#NoAnalAfroNoPeace,#Coachella2015,,,,,,,[],#NoAnalAfroNoPeace,#Coachella2015,,,,,,
neutral,yes,JenaLCarter,0,"Also, if you missed the  lineup announcement, it's here:",,1/6/15 10:41,5.52535e+17,Los Angeles,,[],#Coachella2015,,,,,,,,[],#Coachella2015,,,,,,,
neutral,yes,parcileon,0,COACHELLLAAAA    via,,1/6/15 10:40,5.52535e+17,Los Angeles,Pacific Time (US & Canada),[],#coachella2015,#lineup,,,,,,,[],#coachella2015,#lineup,,,,,,
neutral,yes,Davelphotog,0,Coachella lineup is now out! Check out the headliners!     ...,,1/6/15 10:40,5.52535e+17,Palm Springs,,[],#Coachella,#drake,#acdc,#coachella2015,#coachellafest,,,,[],#Coachella,#drake,#acdc,#coachella2015,#coachellafest,,,
neutral,yes,andytoddcook,0,3 Legged Dirt Bike,,1/6/15 10:39,5.52535e+17,,Quito,[],#Coachella2015,,,,,,,,[],#Coachella2015,,,,,,,
neutral,yes,belgradeJesv,0,le pire line up,,1/6/15 10:39,5.52535e+17,,Amsterdam,[],#coachella2015,,,,,,,,[],#coachella2015,,,,,,,
neutral,yes,andytoddcook,0,Chicken Wing Tornado,,1/6/15 10:39,5.52535e+17,,Quito,[],#Coachella2015,,,,,,,,[],#Coachella2015,,,,,,,
neutral,yes,JohnLoughran_,0,Dance music taking America by storm!,,1/6/15 10:38,5.52535e+17,Scotland,Edinburgh,[],#coachella,#Coachella2015,,,,,,,[],#coachella,#Coachella2015,,,,,,
neutral,yes,nidhididi,1,"Decent lineup. So many music festivals, so little time (and money).  Lineup And Details  via",,1/6/15 10:38,5.52535e+17,the moon,Eastern Time (US & Canada),[],#Coachella2015,,,,,,,,[],#Coachella2015,,,,,,,
neutral,yes,SuperSix8,0,"And here it is! This year's Coachella lineup!!! __
   _",,1/6/15 10:37,5.52534e+17,"OMAHA BEACH, CALIFORNIA",Pacific Time (US & Canada),[],#coachella2015,#rockshow,#rock,#rockandroll,,,,,[],#coachella2015,#rockshow,#rock,#rockandroll,,,,
neutral,yes,JunoCassandra,0,They still trying to make Tyler the Creature happen?,,1/6/15 10:37,5.52534e+17,With the boys Downtown.,,[],#Coachella2015,,,,,,,,[],#Coachella2015,,,,,,,
neutral,yes,jewgravy,0,Everyone's freaking out about Ride playing Coachella but I saw 'em in '92 and holy fuck I'm old.,,1/6/15 10:37,5.52534e+17,Depends where I am.,,[],#coachella,#Coachella2015,#coachellalineup,,,,,,[],#coachella,#Coachella2015,#coachellalineup,,,,,
neutral,yes,iheartraving,5,Have you guys seen the  line up? Counting down the days til April!,,1/6/15 10:36,5.52534e+17,California,Arizona,[],#Coachella2015,#iheartraves,#musicislove,,,,,,[],#Coachella2015,#iheartraves,#musicislove,,,,,
neutral,yes,LaurenNovik,7,Get the full  2015 lineup and details now! Tickets on sale tomorrow at 12pm!,,1/6/15 10:36,5.52534e+17,Los Angeles,,[],#coachella,#coachella2015,,,,,,,[],#coachella,#coachella2015,,,,,,
neutral,yes,JRelloHello,0,Time to re-read with my magnifying glass now.,,1/6/15 10:36,5.52534e+17,Bed.,Pacific Time (US & Canada),[],#Coachella2015,,,,,,,,[],#Coachella2015,,,,,,,
neutral,yes,Tikidoesit_,0,line up,"[33.67362259, -116.18196144]",1/6/15 10:36,5.52534e+17,CSUF ,Pacific Time (US & Canada),[],#Coachella2015,,,,,,,,[],#Coachella2015,,,,,,,
neutral,yes,DandiggityOne,0,with repostapp.,,1/6/15 10:36,5.52534e+17,"East Side San Jose, CA",Pacific Time (US & Canada),[],#Repost,#coachella2015,,,,,,,[],#Repost,#coachella2015,,,,,,
neutral,yes,slezra,0,Get the full  2015 lineup and details now! Tickets on sale tomorrow at 12pm!,,1/6/15 10:35,5.52534e+17,,Pacific Time (US & Canada),[],#coachella,#coachella2015,,,,,,,[],#coachella,#coachella2015,,,,,,
neutral,yes,Jonnynono,0,"I just realized that even though Nero are big enough to be a second line  band, they have to use  bc someone took",,1/6/15 10:35,5.52534e+17,"New York, NY ",Eastern Time (US & Canada),[],#Coachella2015,,,,,,,,[],#Coachella2015,,,,,,,
neutral,yes,columbine__,0,ALSO DESAPARECIDOS OH MY GOD OH MY FUCKING GOD,,1/6/15 10:35,5.52534e+17,Coachella 2015 Weekend 2,Mountain Time (US & Canada),[],#Coachella2015,,,,,,,,[],#Coachella2015,,,,,,,
neutral,yes,TheAaronWolf,0,The lineup has been released and I have declined the invitation to play at the  music festival. Sorry. Maybe next year.,,1/6/15 10:35,5.52534e+17,Chavez Ravine,Arizona,[],#Coachella2015,,,,,,,,[],#Coachella2015,,,,,,,
neutral,yes,jenna_parker28,0,"Tickets to day 1 and 3, pretty please",,1/6/15 10:34,5.52534e+17,"Washington, DC",,[],#coachella2015,,,,,,,,[],#coachella2015,,,,,,,
neutral,yes,ed_delafuente,0,lineup is out. Kinda underwhelmed but maybe it's because I haven't been seeking out new music lately.,,1/6/15 10:34,5.52534e+17,Los Angeles,Pacific Time (US & Canada),[],#Coachella2015,,,,,,,,[],#Coachella2015,,,,,,,
neutral,yes,e__amato,0,Drake????,,1/6/15 10:32,5.52533e+17,http://zestyverse.com,London,[],#Coachella2015,#ayfkm,,,,,,,[],#Coachella2015,#ayfkm,,,,,,
neutral,yes,JenCx3,0,Ehh RT : Thoughts on the  line-up?,,1/6/15 10:32,5.52533e+17,Jersey,Eastern Time (US & Canada),[],#Coachella2015,,,,,,,,[],#Coachella2015,,,,,,,
neutral,yes,DONDADA001,0,has been announced... Don't talk about it ... Be about it. Now who's going?_,,1/6/15 10:32,5.52533e+17,"T: 34.034721,-118.246204",Pacific Time (US & Canada),[],#Coachella2015,,,,,,,,[],#Coachella2015,,,,,,,
neutral,yes,wassupkimbo,1,"Jamiexx, florence and the machine, ,",,1/6/15 10:30,5.52533e+17,San Fran,Pacific Time (US & Canada),[],#Coachella2015,,,,,,,,[],#Coachella2015,,,,,,,
neutral,yes,TatianaYSanchez,0,The  2015 lineup is out! Who's going?!,,1/6/15 10:30,5.52533e+17,"Palm Springs, CA",Pacific Time (US & Canada),[],#Coachella2015,#HeyDrake,,,,,,,[],#Coachella2015,#HeyDrake,,,,,,
neutral,yes,topher2189,0,will you really be at  ???,,1/6/15 10:28,5.52532e+17,"I Think, Therefore I Am",Arizona,[],#coachella2015,,,,,,,,[],#coachella2015,,,,,,,
neutral,yes,PEcom_news,1,"AC/DC, Jack White, Drake to headline",,1/6/15 10:28,5.52532e+17,"Riverside, CA",Pacific Time (US & Canada),[],#Coachella2015,,,,,,,,[],#Coachella2015,,,,,,,
neutral,yes,1alexcam,0,AC/DC  &amp; Drake headline COACHELLA 2015 music festival,,1/6/15 10:28,5.52532e+17,London (UK) --||--,London,[],#JackWhite,#coachella,#Coachella2015,#coachellalineup,#US,#cali,,,[],#JackWhite,#coachella,#Coachella2015,#coachellalineup,#US,#cali,,
neutral,yes,jennameowww,0,I LITERALLY CANT EVEN RIGHT NOW!!!!!  : For those about to RT,"[37.65902359, -121.03470946]",1/6/15 10:28,5.52532e+17,,,[],#Coachella2015,,,,,,,,[],#Coachella2015,,,,,,,
neutral,yes,danielZbarber,0,But for real tho...,,1/6/15 10:28,5.52532e+17,Santa Monica / LA,Pacific Time (US & Canada),[],#coachella,#coachellalineup,#Coachella2015,,,,,,[],#coachella,#coachellalineup,#Coachella2015,,,,,
neutral,yes,Paul_Austin,0,*whimper*,,1/6/15 10:27,5.52532e+17,Dublin | NYC,Dublin,[],#Coachella2015,,,,,,,,[],#Coachella2015,,,,,,,
neutral,yes,julieeepearl,0,"Coachella line up is out, I repeat  lineup is out ____",,1/6/15 10:27,5.52532e+17,,Pacific Time (US & Canada),[],#coachella2015,,,,,,,,[],#coachella2015,,,,,,,
neutral,yes,Chesterdefjam,0,lineup announced!  ingrosso,,1/6/15 10:27,5.52532e+17,New York City,Eastern Time (US & Canada),[],#Coachella,#DefJam,#Coachella2015,,,,,,[],#Coachella,#DefJam,#Coachella2015,,,,,
neutral,yes,vanessafranko,6,The  lineup is out,,1/6/15 10:27,5.52532e+17,"Riverside, CA",Pacific Time (US & Canada),[],#Coachella2015,,,,,,,,[],#Coachella2015,,,,,,,
neutral,yes,ArtPredator,0,Line up     and     who's going April 10-12 or April 17-19,,1/6/15 10:26,5.52532e+17,Ventura CA; Black Rock City NV,Pacific Time (US & Canada),[],#jackwhite,#acdc,#drake,#steelydan,#Coachella2015,,,,[],#jackwhite,#acdc,#drake,#steelydan,#Coachella2015,,,
neutral,yes,ThePLURnalist,0,It appears we may have the Coachella lineup....,,1/6/15 10:23,5.52531e+17,Los Angeles,Pacific Time (US & Canada),[],#Coachella,#Coachella2015,#Coachella15,,,,,,[],#Coachella,#Coachella2015,#Coachella15,,,,,
neutral,yes,ianimhof,0,I dub thee ...,,1/6/15 10:23,5.52531e+17,"Seattle, WA, USA",Pacific Time (US & Canada),[],#Coachella2015,#DanChella2015,#TheDan,,,,,,[],#Coachella2015,#DanChella2015,#TheDan,,,,,
neutral,yes,rageonmeh,0,we need matching Drake shirts,"[0.0, 0.0]",1/6/15 10:22,5.52531e+17,415,Pacific Time (US & Canada),[],#coachella2015,,,,,,,,[],#coachella2015,,,,,,,
neutral,yes,jugodecapitan,0,Woah is this legit???,,1/6/15 10:21,5.52531e+17,@hallediez,Arizona,[],#Coachella2015,,,,,,,,[],#Coachella2015,,,,,,,
neutral,yes,KeithOReillly,0,OH MY GOD,,1/6/15 10:21,5.5253e+17,Away somewhere in my mind...,Dublin,[],#Coachella2015,,,,,,,,[],#Coachella2015,,,,,,,
neutral,yes,suzykzr,0,Lineup is posted!,,1/6/15 10:19,5.5253e+17,"Seattle, WA",Pacific Time (US & Canada),[],#Coachella2015,#Coachella,#2015,,,,,,[],#Coachella2015,#Coachella,#2015,,,,,
neutral,yes,VORPLOCIRAPTOR,0,LIL B ON SUNDAY,,1/6/15 10:19,5.5253e+17,,Pacific Time (US & Canada),[],#Coachella2015,,,,,,,,[],#Coachella2015,,,,,,,
neutral,yes,BrandonCarte,1,"The  lineup has been announced. ACDC, Jack White, Drake to headline the festival",,1/6/15 10:17,5.52529e+17,Snapchat: @brandoncarte,Eastern Time (US & Canada),[],#Coachella2015,,,,,,,,[],#Coachella2015,,,,,,,
neutral,yes,jared_patel,0,released!,,1/6/15 10:13,5.52529e+17,,,[],#coachella2015,,,,,,,,[],#coachella2015,,,,,,,
neutral,yes,iamONREE,1,"RT : : I would occasionally check  for the  lineup. But that's just me.""

_",,1/6/15 10:07,5.52527e+17,"LA, CA, USA",Alaska,[],#Coachella2015,,,,,,,,[],#Coachella2015,,,,,,,
neutral,yes,nothingbutabz,2,RT : Coachella lineup preview,,1/6/15 9:41,5.5252e+17,A city you never see on screen,Alaska,[],#Coachella2015,#coachellalineup,,,,,,,[],#Coachella2015,#coachellalineup,,,,,,
neutral,yes,diahn_s,0,really?,,1/6/15 9:28,5.52517e+17,Los Angeles,Pacific Time (US & Canada),[],#Coachella2015,,,,,,,,[],#Coachella2015,,,,,,,
neutral,yes,IrwinElGrande,2,Coachella lineup preview,"[34.05073879, -118.353394]",1/6/15 9:02,5.52511e+17,Los Angeles,Arizona,[],#Coachella2015,#coachellalineup,,,,,,,[],#Coachella2015,#coachellalineup,,,,,,
neutral,yes,FestivalLawyer,1,RT : Festival season is on the horizon &amp;  has a few tips    _,,1/6/15 8:47,5.52507e+17,California ,Pacific Time (US & Canada),[],#Bonnaroo,#Coachella2015,#Lo,,,,,,[],#Bonnaroo,#Coachella2015,#Lo,,,,,
neutral,yes,casey_montalvo,1,RT : The Coachella 2015 iOS app is available for download NOW! Poster announcement is imminent.   _,,1/6/15 8:45,5.52506e+17,,,[],#goosebumps,#Coachella2015,#musi,,,,,,[],#goosebumps,#Coachella2015,#musi,,,,,
neutral,yes,FuckColm,0,"Turned on KROQ 106.7 PASADENA

They said to expect details tonight

 Season is here",,1/6/15 7:57,5.52494e+17,,Eastern Time (US & Canada),[],#Coachella2015,,,,,,,,[],#Coachella2015,,,,,,,
neutral,yes,bsellick,0,Iron Maiden to headline Coachella 2015,"[-34.66308495, 150.84092812]",1/6/15 4:04,5.52436e+17,kiama,Sydney,[],#Coachella2015,,,,,,,,[],#Coachella2015,,,,,,,
neutral,yes,bsellick,0,"I would like some Spoon, SWANS and Cold War Kids please and thank you.","[-34.66293334, 150.84100706]",1/6/15 4:00,5.52435e+17,kiama,Sydney,[],#Coachella2015,,,,,,,,[],#Coachella2015,,,,,,,
neutral,yes,iammikedup,0,Ok like I said earlier before the official  lineup drops I wanted to share with yall this,,1/6/15 2:56,5.52418e+17,San Diego,Arizona,[],#Coachella2015,,,,,,,,[],#Coachella2015,,,,,,,
neutral,yes,Dalvey_13,0,coming soon,,1/5/15 22:16,5.52348e+17,Hemet CA ,Pacific Time (US & Canada),[],#Coachella2015,,,,,,,,[],#Coachella2015,,,,,,,
neutral,yes,BpositiveBhappy,2,RT : So... lineup...come out come out wherever you are,,1/5/15 21:51,5.52342e+17,Southwest Missouri,,[],#Coachella2015,,,,,,,,[],#Coachella2015,,,,,,,
neutral,yes,bsellick,1,lol and porter robison just insta'd a pic which looks like the lineup poster background.,,1/5/15 21:20,5.52334e+17,kiama,Sydney,[],#Coachella2015,,,,,,,,[],#Coachella2015,,,,,,,
neutral,yes,Jedi_Jesus77,1,"RT : anyone else camping for  ? Let me knoooow, we can be neighbors",,1/5/15 17:48,5.5228e+17,"Cathedral City, Ca",Alaska,[],#Coachella2015,#Coachella,#camping,#coachellapredictions,,,,,[],#Coachella2015,#Coachella,#camping,#coachellapredictions,,,,
neutral,yes,adriansalazar97,3,RT : ACDC,,1/5/15 16:58,5.52268e+17,California,,[],#Coachella2015,,,,,,,,[],#Coachella2015,,,,,,,
neutral,yes,BpositiveBhappy,5,RT : Coachella lineup announcement this week? Just a hunch.     _,,1/5/15 16:47,5.52265e+17,Southwest Missouri,,[],#coachella2015,,,,,,,,[],#coachella2015,,,,,,,
neutral,yes,ItMightGetL0ud,3,Ahhh!! The anticipation of waiting to see this years lineup is driving me crazy  ...,,1/5/15 16:21,5.52259e+17,Los Angeles,Alaska,[],#Coachella2015,#AimingForWeekend1,,,,,,,[],#Coachella2015,#AimingForWeekend1,,,,,,
negative,yes,__Mia630_,0,Ugh being broke sucks!,,1/7/15 15:00,5.52963e+17,CA. USA,Pacific Time (US & Canada),[],#Coachella2015,#only400,#itstheplace2b,,,,,,[],#Coachella2015,#only400,#itstheplace2b,,,,,
negative,yes,AlternateSteve2,1,RT : have a song from one of my favourite bands. i would go to  and brave the hipsters just for them.,,1/7/15 14:45,5.52959e+17,,,[],#Coachella2015,,,,,,,,[],#Coachella2015,,,,,,,
negative,yes,itsallboutmary,0,Oh well your line up sucks anyway.. # bitter,,1/7/15 14:38,5.52957e+17,"Los Angeles,California",Pacific Time (US & Canada),[],#coachella2015,,,,,,,,[],#coachella2015,,,,,,,
negative,yes,kimpluth,0,Learned my lesson today. Lost my  tickets because i didn't have an account already.,,1/7/15 14:27,5.52955e+17,Los Angeles,Alaska,[],#Coachella2015,,,,,,,,[],#Coachella2015,,,,,,,
negative,yes,_Merzilla,0,INSANE LINE UP,,1/7/15 14:24,5.52954e+17,"San Diego ,CA ",Pacific Time (US & Canada),[],#Coachella2015,,,,,,,,[],#Coachella2015,,,,,,,
negative,yes,sdoovall,0,"Everyone is freaking out about the  line up, but I'm over here drooling over the  line up _",,1/7/15 14:22,5.52954e+17,,,[],#Coachella2015,#Ultra2015,,,,,,,[],#Coachella2015,#Ultra2015,,,,,,
negative,yes,mishhaaa_,0,Pretty devo that  is already sold out!,,1/7/15 14:02,5.52949e+17,Melbourne,Melbourne,[],#Coachella2015,,,,,,,,[],#Coachella2015,,,,,,,
negative,yes,mariaaa_drew,0,Last year I vowed to myself I would go to  ..... Ugh maybe next year.  _,,1/7/15 14:01,5.52948e+17,,Central Time (US & Canada),[],#Coachella2015,,,,,,,,[],#Coachella2015,,,,,,,
negative,yes,ShayFit127,0,"line up is just meh...not that excited to go, but since I already bought the ticket, I guess I will",,1/7/15 13:56,5.52947e+17,North Hollywood,,[],#Coachella2015,,,,,,,,[],#Coachella2015,,,,,,,
negative,yes,xokaylariess,4,RT : who cares about the  lineup all I wanna know is the  2015 full lineup,,1/7/15 13:40,5.52943e+17,,Eastern Time (US & Canada),[],#Coachella2015,#warpedtour,,,,,,,[],#Coachella2015,#warpedtour,,,,,,
negative,yes,trinam3,0,I hate this,,1/7/15 13:36,5.52942e+17,San Jose,Pacific Time (US & Canada),[],#Coachellatickets,#Coachella2015,,,,,,,[],#Coachellatickets,#Coachella2015,,,,,,
negative,yes,ihoppermeredith,0,"""Unavailable"" my ass. Pffft lol",,1/7/15 13:34,5.52941e+17,"Tempe, AZ",Pacific Time (US & Canada),[],#Coachella2015,,,,,,,,[],#Coachella2015,,,,,,,
negative,yes,inthelooptv,0,Coachella tickets sold out ... !! !! ___,,1/7/15 13:31,5.52941e+17,Chicago (Midway Airport),Central Time (US & Canada),[],#coachella,#Coachellatickets,#Coachella2015,,,,,,[],#coachella,#Coachellatickets,#Coachella2015,,,,,
negative,yes,itsmyan,0,"That awkward moment when the  lineup is better than the  lineup. 
New York - 1
California - 0",,1/7/15 13:28,5.5294e+17,honeymoon avenue,Eastern Time (US & Canada),[],#GovBall2015,#Coachella2015,,,,,,,[],#GovBall2015,#Coachella2015,,,,,,
negative,yes,StevesGlansberg,0,is weak son!,,1/7/15 13:28,5.5294e+17,,,[],#Coachella2015,#WhatHappenedThisYear,,,,,,,[],#Coachella2015,#WhatHappenedThisYear,,,,,,
negative,yes,jazapo,1,RT : Not too impressed with the line up,,1/7/15 13:25,5.52939e+17,"San Diego,CA",Tijuana,[],#Coachella2015,,,,,,,,[],#Coachella2015,,,,,,,
negative,yes,VSCiao,0,Thanks  for crushing my dreams.,"[37.42481358, -122.16566946]",1/7/15 13:16,5.52937e+17,KY,,[],#Coachella2015,,,,,,,,[],#Coachella2015,,,,,,,
negative,yes,Maudelynn,0,Like half of the hipsters in the world haven't gotten some of their fashions from steely dan,,1/7/15 13:13,5.52936e+17,Under the Hollywood Sign,Pacific Time (US & Canada),[],#Coachella2015,,,,,,,,[],#Coachella2015,,,,,,,
negative,yes,crystalannev,1,Weekend 1 passes no longer available - worst words I've ever read,,1/7/15 13:08,5.52935e+17,,,[],#ripme,#Coachella2015,,,,,,,[],#ripme,#Coachella2015,,,,,,
negative,yes,jimmythedude,0,Wow!  tickets sold out in just 38 minutes. Fuckin' craaay.,,1/7/15 13:01,5.52933e+17,"Davao City, Philippines",Hong Kong,[],#Coachella2015,,,,,,,,[],#Coachella2015,,,,,,,
negative,yes,Lisa3628,0,I am so going to  2015!! Awesome awesome lineup! So much better than,,1/7/15 13:00,5.52933e+17,USA,Eastern Time (US & Canada),[],#CarolinaRebellion,#Coachella2015,,,,,,,[],#CarolinaRebellion,#Coachella2015,,,,,,
negative,yes,rryanmark,2,RT : Had over 20 devices going in our group and no one got in... Wtf,,1/7/15 12:56,5.52932e+17,,Pacific Time (US & Canada),[],#Coachella2015,,,,,,,,[],#Coachella2015,,,,,,,
negative,yes,iwannabeAngel,1,"Fuck everyone who waiting in that lobby page, made it through and bought their  tickets... So bummed. _","[32.2075556, -110.9012891]",1/7/15 12:56,5.52932e+17,AZ,Pacific Time (US & Canada),[],#Coachella2015,#notmyyeartoDrakeout,,,,,,,[],#Coachella2015,#notmyyeartoDrakeout,,,,,,
negative,yes,MeltonKendall,2,Had over 20 devices going in our group and no one got in... Wtf,"[34.16108005, -118.55848965]",1/7/15 12:56,5.52932e+17,LA,,[],#Coachella2015,,,,,,,,[],#Coachella2015,,,,,,,
negative,yes,asiaaaaaax,1,RT : : The lineup is here!   __,,1/7/15 12:56,5.52932e+17,,Quito,[],#Coachella2015,,,,,,,,[],#Coachella2015,,,,,,,
negative,yes,CobainRivers,0,"Damn, got out of the standby page and the tix were already sold out. They figuratively just let me put the tip in",,1/7/15 12:55,5.52932e+17,"Los Angeles, CA",Pacific Time (US & Canada),[],#Coachella2015,,,,,,,,[],#Coachella2015,,,,,,,
negative,yes,mattwcochrane,0,Anyone going to   ... what's the deal with camping not being available to buy? Bit crap if you already have a pass!!,,1/7/15 12:54,5.52931e+17,Leeds - U.K,,[],#Coachella2015,,,,,,,,[],#Coachella2015,,,,,,,
negative,yes,karenx_2201,1,RT : i wish i could go SOOO bad,,1/7/15 12:49,5.5293e+17,,,[],#Coachella2015,,,,,,,,[],#Coachella2015,,,,,,,
negative,yes,iamkevinnnn,0,already sold out. WTF!,,1/7/15 12:48,5.5293e+17,L O S _ A N G E L E S  C A ,Pacific Time (US & Canada),[],#Coachella2015,,,,,,,,[],#Coachella2015,,,,,,,
negative,yes,SpicoliBors,0,"Final decision: to not Coahella, had my head dress and everything",,1/7/15 12:43,5.52929e+17,#crowsnest ,Central Time (US & Canada),[],#Coachella2015,,,,,,,,[],#Coachella2015,,,,,,,
negative,yes,RichEastlake,0,Festival scams thousands &amp; thousands into purchasing unwanted $75 shuttle passes. What a scam!,"[32.63597521, -116.94622739]",1/7/15 12:43,5.52928e+17,San Diego,,[],#Coachella2015,,,,,,,,[],#Coachella2015,,,,,,,
negative,yes,jacez77,0,AC/DC headlining Friday?? Playing after the likes of Tame Impala?? Eff off,,1/7/15 12:42,5.52928e+17,East Bay,Pacific Time (US & Canada),[],#Coachella2015,,,,,,,,[],#Coachella2015,,,,,,,
negative,yes,meryma,0,Holly shit it's expansive,,1/7/15 12:42,5.52928e+17,Europe,Sarajevo,[],#Coachella2015,,,,,,,,[],#Coachella2015,,,,,,,
negative,yes,dayfade,0,"Can't even secure a ticket for weekend 2   :(
So frustrating...",,1/7/15 12:40,5.52928e+17,San Diego,Pacific Time (US & Canada),[],#Coachella2015,,,,,,,,[],#Coachella2015,,,,,,,
negative,yes,MearaOnTheWall,1,RT :  lineup lookin terrible. too ready to see the lineups for waka and roo __,,1/7/15 12:35,5.52927e+17,,Atlantic Time (Canada),[],#coachella2015,,,,,,,,[],#coachella2015,,,,,,,
negative,yes,maddogish,0,30 minutes after release and  still isn't sold out...did they do something wrong with the Drake AC/DC combo?!?,,1/7/15 12:35,5.52926e+17,right now...right here...,,[],#Coachella2015,,,,,,,,[],#Coachella2015,,,,,,,
negative,yes,johnniemora,0,Is anyone getting   tickets yet?? The page is just on standby for me,,1/7/15 12:34,5.52926e+17,,,[],#Coachella2015,,,,,,,,[],#Coachella2015,,,,,,,
negative,yes,runawaytonight,0,the lineup for  leaves a lot to be desired,,1/7/15 12:32,5.52926e+17,"Los Angeles, CA",Eastern Time (US & Canada),[],#Coachella2015,,,,,,,,[],#Coachella2015,,,,,,,
negative,yes,MotorHeadMama,0,This year's  line up is nuts!  I may attend just to see how freaky the parking lot is..,,1/7/15 12:31,5.52926e+17,Los Angeles,Pacific Time (US & Canada),[],#Coachella,#Coachella2015,#Coachella2013lineup,,,,,,[],#Coachella,#Coachella2015,#Coachella2013lineup,,,,,
negative,yes,BrigiiteV,0,THE worst.,,1/7/15 12:30,5.52925e+17,"Los Angeles, CA",Arizona,[],#Coachella2015,,,,,,,,[],#Coachella2015,,,,,,,
negative,yes,RockoNoir,1,RT : Slightly painful to look at_,,1/7/15 12:30,5.52925e+17,DMV,Eastern Time (US & Canada),[],#Coachella2015,,,,,,,,[],#Coachella2015,,,,,,,
negative,yes,Tiffanie_mae,0,"Someone purchase my  tickets, I don't have time to wait for this shit",,1/7/15 12:29,5.52925e+17,,Pacific Time (US & Canada),[],#Coachella2015,,,,,,,,[],#Coachella2015,,,,,,,
negative,yes,1DJGRE,0,This is what stress looks like,"[61.21640063, -149.86662802]",1/7/15 12:28,5.52925e+17,Anchorage,,[],#fuck,#Coachella2015,#needthesepasses,,,,,,[],#fuck,#Coachella2015,#needthesepasses,,,,,
negative,yes,iamrobfonza,0,Oh noooo... The standby page ,,1/7/15 12:26,5.52924e+17,CA / LV ,Pacific Time (US & Canada),[],#Coachella2015,,,,,,,,[],#Coachella2015,,,,,,,
negative,yes,virginiaak,1,Slightly painful to look at_,,1/7/15 12:25,5.52924e+17,,Pacific Time (US & Canada),[],#Coachella2015,,,,,,,,[],#Coachella2015,,,,,,,
negative,yes,leeannuhhh,0,not really upset about the  lineup. it gives me a chance to find more favorite artists.,,1/7/15 12:24,5.52924e+17,oki _. sd. napoli. ,Pacific Time (US & Canada),[],#coachella2015,,,,,,,,[],#coachella2015,,,,,,,
negative,yes,rainesallnight,0,"Dear Coachella, I just a heart attack purchasing tickets.",,1/7/15 12:23,5.52923e+17,,Pacific Time (US & Canada),[],#Coachella2015,#shitmypants,,,,,,,[],#Coachella2015,#shitmypants,,,,,,
negative,yes,MelissaCori1,0,Waiting on the standby page is like a slow death__,,1/7/15 12:17,5.52922e+17,,Eastern Time (US & Canada),[],#Coachella2015,,,,,,,,[],#Coachella2015,,,,,,,
negative,yes,onewetfantasy,0,In this  waiting room for the last 17 minutes.,,1/7/15 12:17,5.52922e+17,Deep in YOUR brain,,[],#Coachella2015,,,,,,,,[],#Coachella2015,,,,,,,
negative,yes,RaphNasty,3,The closest I'll ever get to the feeling of defusing a bomb is waiting on the standby page for Coachella tickets.,,1/7/15 12:12,5.52921e+17,"San Diego, CA/Los Angeles, CA",,[],#Coachella2015,,,,,,,,[],#Coachella2015,,,,,,,
negative,yes,morgz789,0,ACDC got their name off the back of a vacuum cleaner... Are vacuum cleaners allowed at Coachella?,,1/7/15 12:10,5.5292e+17,Darwin,,[],#ACDC,#Coachella2015,,,,,,,[],#ACDC,#Coachella2015,,,,,,
negative,yes,aocampo92,0,Who else is feeling my pain!?,,1/7/15 12:06,5.52919e+17,,Pacific Time (US & Canada),[],#Coachella2015,,,,,,,,[],#Coachella2015,,,,,,,
negative,yes,CortinaGabriela,0,Selling two GA WEEKEND 2  tickets... ___,,1/7/15 12:03,5.52918e+17,,,[],#Coachella2015,,,,,,,,[],#Coachella2015,,,,,,,
negative,yes,brattenheimer,0,Ugh...still on standby page for  tickets.,,1/7/15 12:02,5.52918e+17,"Pasadena, CA",Pacific Time (US & Canada),[],#Coachella2015,,,,,,,,[],#Coachella2015,,,,,,,
negative,yes,lstsss,0,"all y'all think you're making yourself some $$, but scalping ruins experiences","[0.0, 0.0]",1/7/15 11:59,5.52917e+17,San Francisco ,Pacific Time (US & Canada),[],#Coachella2015,#Coachellatickets,,,,,,,[],#Coachella2015,#Coachellatickets,,,,,,
negative,yes,JacquesDutronc,0,$435?! Fuck you .,,1/7/15 11:58,5.52917e+17,Lemonworld,Quito,[],#Coachella2015,,,,,,,,[],#Coachella2015,,,,,,,
negative,yes,lillyjha,3,RT : May the lord be with us all,,1/7/15 11:57,5.52917e+17,,Arizona,[],#Coachella2015,,,,,,,,[],#Coachella2015,,,,,,,
negative,yes,brklynmchls,0,Still freaking the fuck out over that Coachella lineup though..,,1/7/15 11:52,5.52916e+17,"Atlanta, Georgia",Quito,[],#Coachella2015,,,,,,,,[],#Coachella2015,,,,,,,
negative,yes,WhatLolaLikes_,2,When you don't need to stress about  tickets because you presaled that shit!,,1/7/15 11:51,5.52916e+17,"Phoenix, AZ",Eastern Time (US & Canada),[],#Coachella,#Coachella2015,,,,,,,[],#Coachella,#Coachella2015,,,,,,
negative,yes,agustinurena,0,i dont see  in your lineup?,,1/7/15 11:40,5.52913e+17,Mexico,Arizona,[],#Coachella2015,#CoachellaNeedsCalvin,,,,,,,[],#Coachella2015,#CoachellaNeedsCalvin,,,,,,
negative,yes,LilNuzz,0,If Coachella had death metal/sludge bands I'd go.,,1/7/15 11:38,5.52912e+17,No Town,,[],#Coachella2015,,,,,,,,[],#Coachella2015,,,,,,,
negative,yes,MasonMora,1,RT : Sad sad sad sad sad day today.,,1/7/15 11:38,5.52912e+17,California,Pacific Time (US & Canada),[],#Coachella2015,#broke,#af,,,,,,[],#Coachella2015,#broke,#af,,,,,
negative,yes,OhDearCrystal,1,Sad sad sad sad sad day today.,,1/7/15 11:11,5.52905e+17,California ,Pacific Time (US & Canada),[],#Coachella2015,#broke,#af,,,,,,[],#Coachella2015,#broke,#af,,,,,
negative,yes,TriDopeOfficial,0,I was REALLY hoping Big K.R.I.T &amp; Frank Ocean would be apart of,,1/7/15 11:03,5.52903e+17,"Dallas, Tx.",Eastern Time (US & Canada),[],#Coachella2015,,,,,,,,[],#Coachella2015,,,,,,,
negative,yes,Skinnygenes_TV,0,Moment of silence for that  lineup FML _,,1/7/15 10:56,5.52902e+17,,Greenland,[],#Coachella2015,,,,,,,,[],#Coachella2015,,,,,,,
negative,yes,__Schwab,2,"RT : First , now  will have Drake as a headliner:",,1/7/15 10:44,5.52899e+17,The X,Eastern Time (US & Canada),[],#Coachella2015,#GovBallNYC,,,,,,,[],#Coachella2015,#GovBallNYC,,,,,,
negative,yes,charlie_ridler_,1,ngl  looks fucking sick,,1/7/15 10:40,5.52898e+17,England/Wales,London,[],#Coachella2015,,,,,,,,[],#Coachella2015,,,,,,,
negative,yes,mitchmarzuola,0,deadmau5 shows up and plays nothing but soundclown songs for an hour and the blogosphere literally implodes.,,1/7/15 10:23,5.52893e+17,Texas,Central Time (US & Canada),[],#Coachella2015,,,,,,,,[],#Coachella2015,,,,,,,
negative,yes,JJ_Whowell,2,RT :  lineup is extremely disappointing this year,,1/7/15 10:22,5.52893e+17,Wymeswold,Amsterdam,[],#Coachella2015,,,,,,,,[],#Coachella2015,,,,,,,
negative,yes,AntoineMcGuinn,2,lineup is extremely disappointing this year,"[52.73048118, -1.07572363]",1/7/15 10:18,5.52892e+17,Leicester/Bath,,[],#Coachella2015,,,,,,,,[],#Coachella2015,,,,,,,
negative,yes,SeanDuenser,0,Coachella line-up not looking good. Think I'll pass. Miss the 2007 listing.,,1/7/15 10:16,5.52891e+17,"Long Beach, CA",,[],#Coachella2015,#coachella,#Drake,#ACDC,,,,,[],#Coachella2015,#coachella,#Drake,#ACDC,,,,
negative,yes,grumpycat420,0,TBH If  and  weren't on the lineup I would sell my ticket ASAP,,1/7/15 10:15,5.52891e+17,Oakland,,[],#Coachella2015,,,,,,,,[],#Coachella2015,,,,,,,
negative,yes,ThatGirlShaeXo,2,"RT : Not gonna lie,  and  lineups have been underwhelming so far... maybe  will be better",,1/7/15 9:58,5.52887e+17,New Jersey,Central Time (US & Canada),[],#coachella2015,#govball2015,#firefly2015,,,,,,[],#coachella2015,#govball2015,#firefly2015,,,,,
negative,yes,nasarhoosein,0,Coachella line up this year is so dead,,1/7/15 9:57,5.52887e+17,,,[],#Coachella2015,,,,,,,,[],#Coachella2015,,,,,,,
negative,yes,Yrogojina,7,RT : I was really hoping  was head lining. Oh well... Theres always next year,,1/7/15 9:55,5.52886e+17,"____, _.____________",Abu Dhabi,[],#Coachella2015,#worstlineupever,,,,,,,[],#Coachella2015,#worstlineupever,,,,,,
negative,yes,cerealplz,0,"set to headline , alongside ,  &amp;    cry every time",,1/7/15 9:54,5.52886e+17,,,[],#Coachella2015,,,,,,,,[],#Coachella2015,,,,,,,
negative,yes,JoshAldrete,0,Once again.... The Coachella line up just disappoints. Only a few decent performers this year.,,1/7/15 9:48,5.52885e+17,"Redondo Beach, California",,[],#Coachella2015,,,,,,,,[],#Coachella2015,,,,,,,
negative,yes,Snakes7,1,RT : Am I the only one who thinks the  line up sucks,,1/7/15 9:48,5.52884e+17,,Mexico City,[],#Coachella2015,,,,,,,,[],#Coachella2015,,,,,,,
negative,yes,The1Deker,0,"Very weak  line up, IMO.",,1/7/15 9:41,5.52883e+17,"T: 34.15646,-118.473285",Pacific Time (US & Canada),[],#Coachella2015,,,,,,,,[],#Coachella2015,,,,,,,
negative,yes,thatgirlMOLLY,0,what will be worse today!?!!! 101 traffic VS.  ticket traffic,,1/7/15 9:30,5.5288e+17,insta: @thatgirlmolly ,Pacific Time (US & Canada),[],#Coachella2015,#CLOSECALL,,,,,,,[],#Coachella2015,#CLOSECALL,,,,,,
negative,yes,CAINtheBULL,0,"Going to  now is like Christmas shopping on black friday in the desert...2 crowded, 100 degrees, high ass people, over priced",,1/7/15 9:21,5.52878e+17,My MMA VIDEOS:,Pacific Time (US & Canada),[],#Coachella2015,,,,,,,,[],#Coachella2015,,,,,,,
negative,yes,eltwiterdechio,0,In your face  PUM!  _,,1/7/15 9:20,5.52878e+17,,Central Time (US & Canada),[],#Coachella2015,,,,,,,,[],#Coachella2015,,,,,,,
negative,yes,10Suave,0,has a better line up than  smh,,1/7/15 9:18,5.52877e+17,,Eastern Time (US & Canada),[],#GovBallNYC,#Coachella2015,,,,,,,[],#GovBallNYC,#Coachella2015,,,,,,
negative,yes,BethAnnFarmer,0,Hey guys....once again I'm not going to  just wanted to clear that up ;),,1/7/15 9:12,5.52876e+17,,,[],#Coachella2015,,,,,,,,[],#Coachella2015,,,,,,,
negative,yes,VEGASRYAN,3,Governors Ball has a better lineup than  because of,,1/7/15 9:12,5.52875e+17,Online store at,Pacific Time (US & Canada),[],#Coachella2015,,,,,,,,[],#Coachella2015,,,,,,,
negative,yes,TerryGotham,1,I hope it rains during 's  set so everyone can talk about how they bathed in Drake's tears.,,1/7/15 9:10,5.52875e+17,The Gotham Underground,,[],#Coachella2015,,,,,,,,[],#Coachella2015,,,,,,,
negative,yes,shivani_roda,0,The  line up isn't all that great. Drake headlining? Kden.,,1/7/15 9:02,5.52873e+17,London,Dublin,[],#Coachella2015,,,,,,,,[],#Coachella2015,,,,,,,
negative,yes,ThatViciousJay,0,lineup trash __,,1/7/15 9:01,5.52873e+17,CA,Pacific Time (US & Canada),[],#Coachella2015,,,,,,,,[],#Coachella2015,,,,,,,
negative,yes,SunnyDogra24,0,People pretending to get excited to overpay to see bands they barely know.,,1/7/15 9:00,5.52872e+17,"Los Angeles, CA",Pacific Time (US & Canada),[],#HipstersRuleTheWorld,#Coachella2015,,,,,,,[],#HipstersRuleTheWorld,#Coachella2015,,,,,,
negative,yes,ekopetsk,0,and  are playing  and I'm not going _,,1/7/15 8:56,5.52871e+17,,,[],#Coachella2015,#dyinginside,,,,,,,[],#Coachella2015,#dyinginside,,,,,,
negative,yes,TonyTones_,0,I bet a lot of folks are buying  tickets just because of   -_- face,,1/7/15 8:23,5.52863e+17,"in Berkeley, CA",Pacific Time (US & Canada),[],#Coachella2015,#insert,,,,,,,[],#Coachella2015,#insert,,,,,,
negative,yes,Trollingnome,0,What a Horrible Line Up. Not Worth Schlepping into The Desert For This. Festival is Done- Sorry Kids.,,1/7/15 8:23,5.52863e+17,"Brooklyn, NY",,[],#Coachella2015,,,,,,,,[],#Coachella2015,,,,,,,
negative,yes,harksxpaulie,0,AND IT DOESNT HELP THAT ON THE FIRST DAY OF  THE AC/DC ARE THE HIGHLIGHTS SHOOT ME,,1/7/15 8:03,5.52858e+17,24/7 performer,Pacific Time (US & Canada),[],#Coachella2015,,,,,,,,[],#Coachella2015,,,,,,,
negative,yes,kailenethecat,1,: Who's joining us?!   are you fucking pulling my dick AC FUKCING DC,,1/7/15 7:58,5.52857e+17,,Eastern Time (US & Canada),[],#Coachella2015,,,,,,,,[],#Coachella2015,,,,,,,
negative,yes,mpbachmeier,1,RT :  Ticket Prices have my soul like,,1/7/15 7:44,5.52853e+17,,Eastern Time (US & Canada),[],#Coachella2015,,,,,,,,[],#Coachella2015,,,,,,,
negative,yes,SondaMofu,0,I'd never go to a concert/festival again.,,1/7/15 7:32,5.5285e+17,Reverie,Hawaii,[],#Coachella2015,,,,,,,,[],#Coachella2015,,,,,,,
negative,yes,KinsellaJohnP,0,hipster rich boys complaining about line-ups....,,1/7/15 7:25,5.52849e+17,Western Ohio,Central Time (US & Canada),[],#Coachella2015,,,,,,,,[],#Coachella2015,,,,,,,
negative,yes,Jorschach,1,Ticket Prices have my soul like,,1/7/15 7:12,5.52845e+17,New York,Eastern Time (US & Canada),[],#Coachella2015,,,,,,,,[],#Coachella2015,,,,,,,
negative,yes,ififatima7991,0,Drake only :/,,1/7/15 7:10,5.52845e+17,,,[],#Coachella2015,,,,,,,,[],#Coachella2015,,,,,,,
negative,yes,M4sterschwenz,0,I wish I had $500 to spend on a music festival. Sigh...,"[0.0, 0.0]",1/7/15 7:07,5.52844e+17,,,[],#Coachella2015,,,,,,,,[],#Coachella2015,,,,,,,
negative,yes,Idduuuuuuuh,0,Damn  line up is so ugggggh...,,1/7/15 7:02,5.52843e+17,where the wild things are ,Hong Kong,[],#Coachella2015,,,,,,,,[],#Coachella2015,,,,,,,
negative,yes,Tsuncano,1,RT : Today's schedule consists of internship training followed by the extreme stress spending hours in an online waiting room fo_,,1/7/15 6:59,5.52842e+17,,Pacific Time (US & Canada),[],,,,,,,,,[],,,,,,,,
negative,yes,jennspriggs,0,How dare u  lineup. FKA Twiggs should def be bigger letters.,,1/7/15 6:57,5.52841e+17,"Brooklyn, NY",Eastern Time (US & Canada),[],#Coachella2015,,,,,,,,[],#Coachella2015,,,,,,,
negative,yes,SoNortori_us,0,why the fuck is  performing at  ?,,1/7/15 6:53,5.5284e+17,North Carolina,Eastern Time (US & Canada),[],#Coachella2015,,,,,,,,[],#Coachella2015,,,,,,,
negative,yes,keywood_lewis,0,Clearly its just me that thinks the  line up is awful?!?,,1/7/15 6:48,5.52839e+17,Surrey,London,[],#Coachella2015,,,,,,,,[],#Coachella2015,,,,,,,
negative,yes,AnAnnoyingTweep,0,Real_Housebear says: GovBallNYC lineup &gt; coachella lineup. Plus it's in,,1/7/15 6:36,5.52836e+17,,,[],#NYC,#GovBall2015,#Coachella2015,,,,,,[],#NYC,#GovBall2015,#Coachella2015,,,,,
negative,yes,iammarkjoseph,0,I cannot go to . My Yaya doesn't have US Visa e. Lol.,,1/7/15 6:22,5.52833e+17,"T: 14.56113,121.029324",Singapore,[],#Coachella2015,#richkidproblem,#yayadependent,,,,,,[],#Coachella2015,#richkidproblem,#yayadependent,,,,,
negative,yes,realonebad,0,The year I have time to actually go to music festivals... The line ups are trash!,,1/7/15 5:59,5.52827e+17,"North London, UK",Mid-Atlantic,[],#Coachella2015,#GovernorsBall,,,,,,,[],#Coachella2015,#GovernorsBall,,,,,,
negative,yes,JessicaKausen,1,RT :  lineup or eye exam? I made it about half way and threw up. Anyone cool playing?,,1/7/15 5:18,5.52816e+17,New York City,Eastern Time (US & Canada),[],#Coachella2015,,,,,,,,[],#Coachella2015,,,,,,,
negative,yes,caffaccino,2,"Not gonna lie,  and  lineups have been underwhelming so far... maybe  will be better",,1/7/15 5:08,5.52814e+17,"New York, NY",Auckland,[],#coachella2015,#govball2015,#firefly2015,,,,,,[],#coachella2015,#govball2015,#firefly2015,,,,,
negative,yes,alliecupcake,0,I'd go to see FKA Twigs and OutKast. Maybe even Steely Dan. But Drake and AC/DC headlining? Oh you can have that. No thanks,,1/7/15 5:07,5.52814e+17,Virginia,Eastern Time (US & Canada),[],#Coachella2015,,,,,,,,[],#Coachella2015,,,,,,,
negative,yes,davesplash,0,Yawn.,,1/7/15 5:04,5.52813e+17,"Omaha, NE USA",Central Time (US & Canada),[],#Coachella2015,,,,,,,,[],#Coachella2015,,,,,,,
negative,yes,InstaBrisbane,0,Suck my dick  by flyydoggsexmachine,,1/7/15 5:01,5.52812e+17,,,[],#coachella2015,,,,,,,,[],#coachella2015,,,,,,,
negative,yes,purple_gorilla0,0,line up is crap.,,1/7/15 4:54,5.5281e+17,L.A,Pacific Time (US & Canada),[],#Coachella2015,,,,,,,,[],#Coachella2015,,,,,,,
negative,yes,saramagi3,0,The mad programming of Coachella 2015 - USKAO,,1/7/15 4:31,5.52805e+17,,Ljubljana,[],#Coachella2015,,,,,,,,[],#Coachella2015,,,,,,,
negative,yes,GeorgieShoreFUU,0,"Coachella, fuuuuuuuuck.",,1/7/15 4:29,5.52804e+17,Essex/Southampton,,[],#Coachella,#coachellalineup,#Coachella2015,,,,,,[],#Coachella,#coachellalineup,#Coachella2015,,,,,
negative,yes,KBaumNue,0,packing a lil left hook to  uppercut,,1/7/15 4:22,5.52802e+17,"T: 40.740376,-73.990098",Quito,[],#GovBall2015,#Coachella2015,,,,,,,[],#GovBall2015,#Coachella2015,,,,,,
negative,yes,BarrySobel,0,"I dont go 4 the bands, I go 4 the ""OMG there is so much traffic and its so expensive and not fun.. this is so not Woodstock""","[0.0, 0.0]",1/7/15 3:55,5.52796e+17,Planet Earth,Pacific Time (US & Canada),[],#Coachella2015,,,,,,,,[],#Coachella2015,,,,,,,
negative,yes,Thee_Gooch,0,. The lineup is dope AF this year! ___,,1/7/15 3:52,5.52795e+17,"The Swamp/BG, OH",Central Time (US & Canada),[],#Coachella2015,#GOOCHELLA2015,#GoochsSeasonApproachin_,,,,,,[],#Coachella2015,#GOOCHELLA2015,#GoochsSeasonApproachin_,,,,,
negative,yes,KiepeOnKiepenOn,0,Not impressed with the  lineup... I hope this isn't a predictor of  like last year __,,1/7/15 3:43,5.52793e+17,DC,Atlantic Time (Canada),[],#Coachella2015,#Firefly2015,,,,,,,[],#Coachella2015,#Firefly2015,,,,,,
negative,yes,ElsaDove,0,"A better line up last year...
 babe",,1/7/15 3:14,5.52785e+17,London - Narnia,,[],#Coachella2015,#Outkast,,,,,,,[],#Coachella2015,#Outkast,,,,,,
negative,yes,RedButtonz,0,"FUCK YOU!!! "": so I heard  line-up will be full of overrated artists this year.... say it ain't so!""",,1/7/15 2:49,5.52779e+17,"my red piano, CA",Arizona,[],#Coachella2015,,,,,,,,[],#Coachella2015,,,,,,,
negative,yes,Chxrryzza,0,WHY SO FAR... WHY,,1/7/15 2:47,5.52779e+17,+62 | ID,Jakarta,[],#Coachella2015,,,,,,,,[],#Coachella2015,,,,,,,
negative,yes,xSteelyPhllx,0,Lol never mind just looked at prices,,1/7/15 2:43,5.52778e+17,USA,,[],#Coachella2015,,,,,,,,[],#Coachella2015,,,,,,,
negative,yes,charli_bro,0,tickets on sale today ___,,1/7/15 2:32,5.52775e+17,,Amsterdam,[],#coachella2015,,,,,,,,[],#coachella2015,,,,,,,
negative,yes,Tortaxxlynnerz,1,I have to go to  __,,1/7/15 2:08,5.52769e+17,,,[],#Coachella2015,,,,,,,,[],#Coachella2015,,,,,,,
negative,yes,astrosfantrey,5,"RT : You're either the type of person planning their entire  weekend, or, you have your life going in the right di_",,1/7/15 1:55,5.52766e+17,,Eastern Time (US & Canada),[],#Coachella2015,,,,,,,,[],#Coachella2015,,,,,,,
negative,yes,carlirebeldes,0,Seriously contemplating a quick trip back to U.S. just to go to,,1/7/15 1:50,5.52764e+17,,Beijing,[],#Coachella2015,,,,,,,,[],#Coachella2015,,,,,,,
negative,yes,holmesy1144,0,"Just saying, coachella isn't that crash hot this year",,1/7/15 1:35,5.5276e+17,Sydney,,[],#Coachella2015,,,,,,,,[],#Coachella2015,,,,,,,
negative,yes,krupaparmar,0,The  line up is out. Quite glad I didn't get tickets this year. Fingers crossed for 2016!,,1/7/15 0:58,5.52751e+17,London/NYC,,[],#Coachella2015,,,,,,,,[],#Coachella2015,,,,,,,
negative,yes,mirandagreenway,1,lineup lookin terrible. too ready to see the lineups for waka and roo __,,1/7/15 0:36,5.52746e+17,,Central Time (US & Canada),[],#coachella2015,,,,,,,,[],#coachella2015,,,,,,,
negative,yes,mini_meli_,1,RT : I wasn't ready. _,,1/6/15 23:59,5.52736e+17,Ontario,,[],#Coachella2015,,,,,,,,[],#Coachella2015,,,,,,,
negative,yes,sosanii,0,"I haven't gone to Coachella since 2010 bc I think it's overrated nowadays. But, here I am breaking the dry spell this year.",,1/6/15 23:58,5.52736e+17,Los Angeles/San Francisco,Pacific Time (US & Canada),[],#Coachella2015,,,,,,,,[],#Coachella2015,,,,,,,
negative,yes,shev_maria,3,RT : I wanna go to  BUT its like $500 ____,,1/6/15 23:46,5.52733e+17,,,[],#Coachella2015,,,,,,,,[],#Coachella2015,,,,,,,
negative,yes,Checa_Love22,0,: We're playing at  this year!!!!!! Could not be more excited.  . ___ someone pleaseeeeeee,,1/6/15 23:44,5.52733e+17,,Arizona,[],#coachella2015,,,,,,,,[],#coachella2015,,,,,,,
negative,yes,shotcalla,0,"That Coachella line up looks softer than a Drake somber track....oh wait, what?",,1/6/15 23:30,5.52729e+17,Los Angeles Born and Raised! ,Pacific Time (US & Canada),[],#Coachella2015,,,,,,,,[],#Coachella2015,,,,,,,
negative,yes,jessebeing,2,It's not that the 6 bands you know are worth the $375 it's that you'll have an excuse to do drugs for three days.,,1/6/15 23:19,5.52726e+17,California,Pacific Time (US & Canada),[],#coachella2015,,,,,,,,[],#coachella2015,,,,,,,
negative,yes,MOB_kw33n,0,__ that's how I feel about this years   line up..! Not even worth buying tickets to...,,1/6/15 23:16,5.52725e+17,909.626,,[],#Coachella2015,,,,,,,,[],#Coachella2015,,,,,,,
negative,yes,CocoCeliaa,1,People actually listen to Lil B?,,1/6/15 23:07,5.52723e+17,SEA ,Pacific Time (US & Canada),[],#Coachella2015,,,,,,,,[],#Coachella2015,,,,,,,
negative,yes,ElectricOso,2,"RT : Bummed we're not gonna see the reunion of the ""Armadildos"" at",,1/6/15 23:04,5.52723e+17,,Arizona,[],#Coachella,#Coachella2015,,,,,,,[],#Coachella,#Coachella2015,,,,,,
negative,yes,TINACHHOUEY,1,"RT : If I wanted to go to an EDM festival, I would've bought an EDC ticket",,1/6/15 22:55,5.5272e+17,b_ area ,Pacific Time (US & Canada),[],#Coachella2015,,,,,,,,[],#Coachella2015,,,,,,,
negative,yes,PrinceCeeAyche,0,That  line up is missing Cee-H...,,1/6/15 22:51,5.52719e+17,,,[],#Coachella2015,,,,,,,,[],#Coachella2015,,,,,,,
negative,yes,CharlieCassato,0,what happened to your lineup?,,1/6/15 22:47,5.52718e+17,coloRADo,Mountain Time (US & Canada),[],#Coachella,#Coachella2015,#NotImpressed,#festival,,,,,[],#Coachella,#Coachella2015,#NotImpressed,#festival,,,,
negative,yes,rebowers,0,Today is Malcolm Young's birthday.  has announced to play your venue. ACDC without Malcolm Young on guitar is bullshit.,,1/6/15 22:39,5.52716e+17,Seattle via Lower Queen Anne,Pacific Time (US & Canada),[],#Coachella2015,#ACDC,,,,,,,[],#Coachella2015,#ACDC,,,,,,
negative,yes,OfficialJakeD,0,Fuck  when is,,1/6/15 22:26,5.52713e+17,SD | LA | SF | LV ,Arizona,[],#Coachella2015,#OutsideLands,,,,,,,[],#Coachella2015,#OutsideLands,,,,,,
negative,yes,rickyriv9,0,I can't decide what's more meh... the  trailer or the  lineup.,,1/6/15 22:21,5.52711e+17,LA,Pacific Time (US & Canada),[],#AntMan,#Coachella2015,,,,,,,[],#AntMan,#Coachella2015,,,,,,
negative,yes,Angie_R0ssi,0,Ryan Adams and Drake are both performing at  this year. I don't know what's going on in pop culture.,,1/6/15 22:17,5.52711e+17,NYC,Pacific Time (US & Canada),[],#Coachella2015,,,,,,,,[],#Coachella2015,,,,,,,
negative,yes,trippyvalerie,1,RT : Coachella lineup 2015.....sucks.,,1/6/15 22:11,5.52709e+17,,Central Time (US & Canada),[],#Coachella2015,#maybenextyear,,,,,,,[],#Coachella2015,#maybenextyear,,,,,,
negative,yes,AlterEgo808_,0,I feel Coachella 2014's line up was a bit stronger but hey I could be bias since I went,,1/6/15 22:10,5.52709e+17,Hawaii,,[],#Coachella2015,,,,,,,,[],#Coachella2015,,,,,,,
negative,yes,EDxEDDnEDDIE,0,A kid at Conditioning said the  line was weak....,,1/6/15 22:07,5.52708e+17,CHI-CITY,Central Time (US & Canada),[],#Coachella2015,#NahBro,,,,,,,[],#Coachella2015,#NahBro,,,,,,
negative,yes,adampapai,0,Prob the worst line up I've ever seen,,1/6/15 22:00,5.52706e+17,,,[],#Coachella2015,,,,,,,,[],#Coachella2015,,,,,,,
negative,yes,Dulce_Says,0,wow no  this year,,1/6/15 22:00,5.52706e+17,Texas,Central Time (US & Canada),[],#Coachella2015,#boo,,,,,,,[],#Coachella2015,#boo,,,,,,
negative,yes,fuckyoucindee,0,Selling 2 Coachella tickets for second week HMU 4 price includes parking pass too!,,1/6/15 21:58,5.52706e+17,,Pacific Time (US & Canada),[],#COACHELLATICKETS4SALE,#COACHELLA2015,,,,,,,[],#COACHELLATICKETS4SALE,#COACHELLA2015,,,,,,
negative,yes,RamirezLayson,0,WTF  Line-Up Sucks Ass and Im suppose to Go on My Birthday _,,1/6/15 21:57,5.52706e+17,"Coachella Valley, California",,[],#Coachella2015,,,,,,,,[],#Coachella2015,,,,,,,
negative,yes,Music_Defined,0,"Not a ton of excitement about the  lineup, but happy to see Desaparecidos, Belle &amp; Sebastian and Ratatat in there.",,1/6/15 21:42,5.52702e+17,Chicago,,[],#Coachella2015,,,,,,,,[],#Coachella2015,,,,,,,
negative,yes,Hey_Arnold1,0,I stop thinking about  _,,1/6/15 21:36,5.527e+17,nj,Arizona,[],#Coachella2015,,,,,,,,[],#Coachella2015,,,,,,,
negative,yes,JuiicyGee,0,line up this year __,,1/6/15 21:35,5.527e+17,Somewhere in LA,Pacific Time (US & Canada),[],#Coachella2015,,,,,,,,[],#Coachella2015,,,,,,,
negative,yes,bbritt_xo,0,"at  whack as fuck, hands down __",,1/6/15 21:31,5.52699e+17,,,[],#drake,#Coachella2015,,,,,,,[],#drake,#Coachella2015,,,,,,
negative,yes,theSamreye,0,In 2015 more illegals are taking good American jobs.,,1/6/15 21:31,5.52699e+17,"Saint Paul, MN",Central Time (US & Canada),[],#Drake,#Coachella2015,,,,,,,[],#Drake,#Coachella2015,,,,,,
negative,yes,OHzackattack,0,: This  lineup is 2SICK    LOLOLOLOLOL but it took me a second.,,1/6/15 21:28,5.52698e+17,"Nashville, TN",Quito,[],#Coachella2015,#going,#coachellaonfleek,,,,,,[],#Coachella2015,#going,#coachellaonfleek,,,,,
negative,yes,ExoticTigeress,0,"Man, is this poster for ants or something?",,1/6/15 21:27,5.52698e+17,I keep Austin weird,Hawaii,[],#Coachella2015,,,,,,,,[],#Coachella2015,,,,,,,
negative,yes,raintes,0,Is that really the  line-up?,,1/6/15 21:25,5.52698e+17,"Oxnard (Shores?), CA",,[],#coachella,#Coachella2015,#coachellalineup,#weaksauce,,,,,[],#coachella,#Coachella2015,#coachellalineup,#weaksauce,,,,
negative,yes,chatttstar,1,RT : Dear . PLEASE tell me that this line up is a bad joke.,,1/6/15 21:17,5.52695e+17,,,[],#Coachella2015,#coachellalineup,,,,,,,[],#Coachella2015,#coachellalineup,,,,,,
negative,yes,itsssWen,1,RT : I'm hoping I wake up tomorrow and there is a better  line up.,,1/6/15 21:05,5.52692e+17,Miami,Eastern Time (US & Canada),[],#Coachella2015,,,,,,,,[],#Coachella2015,,,,,,,
negative,yes,kidbuffallo,0,I feel like AC/DC at  would be the most boring act and who really wants them there anyway?,,1/6/15 21:00,5.52691e+17,405,,[],#Coachella2015,,,,,,,,[],#Coachella2015,,,,,,,
negative,yes,SunTimesPIT,0,: No one likes  | -,,1/6/15 21:00,5.52691e+17,,,[],#Coachella2015,#SteelyDan,,,,,,,[],#Coachella2015,#SteelyDan,,,,,,
negative,yes,SunTimesNYC,0,: No one likes  | -,,1/6/15 21:00,5.52691e+17,,,[],#Coachella2015,#SteelyDan,,,,,,,[],#Coachella2015,#SteelyDan,,,,,,
negative,yes,ScottMaguire,0,"Coachella lineup released today. For the first time since going there, I am completely cool with missing it this year.",,1/6/15 20:58,5.52691e+17,Calgary,Mountain Time (US & Canada),[],#Coachella2015,#meh,,,,,,,[],#Coachella2015,#meh,,,,,,
negative,yes,szymoneye,0,"Can't say I'm terribly impressed with this year's  lineup. Some good acts, but pretty uninspiring.",,1/6/15 20:57,5.5269e+17,,Pacific Time (US & Canada),[],#Coachella,#Coachella2015,#coachellalineup,,,,,,[],#Coachella,#Coachella2015,#coachellalineup,,,,,
negative,yes,nadjastyles_,0,Disappointed with  line up tbh :(,,1/6/15 20:53,5.5269e+17,Cincinnati ,Atlantic Time (Canada),[],#Coachella2015,,,,,,,,[],#Coachella2015,,,,,,,
negative,yes,WebsterHall,4,SO many of our faves in the  lineup __ Thoughts??,,1/6/15 20:44,5.52687e+17,New York City,Eastern Time (US & Canada),[],#Coachella2015,,,,,,,,[],#Coachella2015,,,,,,,
negative,yes,GabrielitoDon,0,I rather go to this then,,1/6/15 20:43,5.52687e+17,Soccer field ,Pacific Time (US & Canada),[],#Coachella2015,,,,,,,,[],#Coachella2015,,,,,,,
negative,yes,susanarunyon,0,After seeing 's lineup I'm glad I'm not going this year...,,1/6/15 20:25,5.52682e+17,"Carpinteria, CA",Pacific Time (US & Canada),[],#Coachella2015,,,,,,,,[],#Coachella2015,,,,,,,
negative,yes,Dr_Ziggy,0,a favourite for any dad. Dad please take me... :(,,1/6/15 20:24,5.52682e+17,"Kingston, Jamaica & London UK ",,[],#Coachella2015,#SteelyDan,#ACDC,,,,,,[],#Coachella2015,#SteelyDan,#ACDC,,,,,
negative,yes,thekevinryder,0,"Wait. No ""Princess Tinymeat?""",,1/6/15 20:21,5.52681e+17,,Pacific Time (US & Canada),[],#Coachella,#Coachella2015,,,,,,,[],#Coachella,#Coachella2015,,,,,,
negative,yes,dwdorsett,6,"RT : What does The Weeknd, Jack White, Circa Survive, Lykke Li, Ratatat, &amp; Brand New have in common? Awesomeness at",,1/6/15 20:19,5.52681e+17,"Midwest, US",Central Time (US & Canada),[],#Coachella2015,,,,,,,,[],#Coachella2015,,,,,,,
negative,yes,champagne_bee,0,I'd go to Coachella but I'm not basic enough _,,1/6/15 20:12,5.52679e+17,The Trap. ,Pacific Time (US & Canada),[],#Coachella2015,,,,,,,,[],#Coachella2015,,,,,,,
negative,yes,Ivan_stack,0,"Fuck You   Have a good billboard, April Saturdays will glory! (I need 2,000 US)",,1/6/15 20:09,5.52678e+17,reservoir_dogs1995@hotmail.com,Eastern Time (US & Canada),[],#Coachella2015,,,,,,,,[],#Coachella2015,,,,,,,
negative,yes,atheistchef,0,"I really hope they add ""The Master Baiters"" to 
I heard they're awe-some!",,1/6/15 20:05,5.52677e+17,,Pacific Time (US & Canada),[],#Coachella2015,,,,,,,,[],#Coachella2015,,,,,,,
negative,yes,ItsJustMarco,0,Everyone hating on the Coachella Lineup are most likely 20 and under    Lego :D,,1/6/15 20:03,5.52677e+17,760,Pacific Time (US & Canada),[],#dead,#youth,#coachella2015,,,,,,[],#dead,#youth,#coachella2015,,,,,
negative,yes,fashienara,0,zomg!  why oh why? __,,1/6/15 19:50,5.52674e+17, Orionis ,,[],#Coachella2015,,,,,,,,[],#Coachella2015,,,,,,,
negative,yes,RobEHolmberg,0,cue the  &amp; . Lots of baby boomers will be drifting down from the golf courses in Palm Springs,,1/6/15 19:47,5.52673e+17,Maple Ridge,Pacific Time (US & Canada),[],#defibrillator,#Viagra,#Coachella2015,,,,,,[],#defibrillator,#Viagra,#Coachella2015,,,,,
negative,yes,baileeab_,1,RT : Lol never mind just looked at prices,,1/6/15 19:47,5.52673e+17,,Mountain Time (US & Canada),[],#Coachella2015,,,,,,,,[],#Coachella2015,,,,,,,
negative,yes,djroyski,0,For real!,,1/6/15 19:37,5.5267e+17,"Minneapolis, MN ",Central Time (US & Canada),[],#Coachella2015,#coachellalineup,,,,,,,[],#Coachella2015,#coachellalineup,,,,,,
negative,yes,gimmiesb,5,Sigh every year,,1/6/15 19:29,5.52668e+17,,Singapore,[],#Coachella2015,,,,,,,,[],#Coachella2015,,,,,,,
negative,yes,mattybyloos,0,Instead of attending  I'm going to post on craigslist inviting 500 misc. unshowered teenagers over to throw dirt on each other,,1/6/15 19:24,5.52667e+17,"Portland, OR",Pacific Time (US & Canada),[],#Coachella2015,,,,,,,,[],#Coachella2015,,,,,,,
negative,yes,KaylaCymonee,0,Since The  Line Up is Horrible I Wonder What The  Line Up is Gonna Look Like .___,,1/6/15 19:21,5.52666e+17,#Chicago .,Mountain Time (US & Canada),[],#Coachella2015,#Lollapalooza2015,,,,,,,[],#Coachella2015,#Lollapalooza2015,,,,,,
negative,yes,abebrux,0,I wish I was going to  ______,,1/6/15 19:15,5.52665e+17,santa clarita ,Pacific Time (US & Canada),[],#Coachella2015,,,,,,,,[],#Coachella2015,,,,,,,
negative,yes,_kovahjohnson,0,I don't have a clue why everybody is going nuts about  have you seen the  Festival lineup?,,1/6/15 19:14,5.52665e+17,miami ,Atlantic Time (Canada),[],#Coachella2015,#ForTheLove,,,,,,,[],#Coachella2015,#ForTheLove,,,,,,
negative,yes,LDC714,0,not that great of a line up :/,,1/6/15 19:13,5.52664e+17,,Pacific Time (US & Canada),[],#coachella2015,,,,,,,,[],#coachella2015,,,,,,,
negative,yes,weeeek,0,Wow the lineup for Coachella is subpar this year.,,1/6/15 19:12,5.52664e+17,vancouver,Pacific Time (US & Canada),[],#Coachella2015,,,,,,,,[],#Coachella2015,,,,,,,
negative,yes,JarrodLewiss,0,I need more friends who will travel across the country for  with me _,,1/6/15 19:12,5.52664e+17,,Indiana (East),[],#Coachella2015,,,,,,,,[],#Coachella2015,,,,,,,
negative,yes,gxthscvm,0,the  is shit.,,1/6/15 19:10,5.52664e+17,San Diego,Pacific Time (US & Canada),[],#Coachella2015,,,,,,,,[],#Coachella2015,,,,,,,
negative,yes,iHateLalo,0,Am I the only one that was not impressed with the  lineup? Having a ticket and all.,,1/6/15 19:10,5.52663e+17,"JamRock, TX",Central Time (US & Canada),[],#Coachella2015,,,,,,,,[],#Coachella2015,,,,,,,
negative,yes,mitchmarzuola,0,kygo loses his nexus presets,,1/6/15 19:06,5.52662e+17,Texas,Central Time (US & Canada),[],#Coachella2015,,,,,,,,[],#Coachella2015,,,,,,,
negative,yes,Tito_CV7,0,Has anyone seen the Coachella line up? I think it keeps getting worse as the years come by,"[33.85006996, -117.98716382]",1/6/15 18:59,5.52661e+17,"Buena Park, CA",Hawaii,[],#Coachella2015,,,,,,,,[],#Coachella2015,,,,,,,
negative,yes,EggNVenice,0,"Dear Coachella, either I'm too old or your lineup is LAME!
Try again please.",,1/6/15 18:53,5.52659e+17,Venice,Pacific Time (US & Canada),[],#Coachella2015,,,,,,,,[],#Coachella2015,,,,,,,
negative,yes,ElliottWoon,1,- The  line up doesn't look too exciting. I plan to stay home &amp; YouTube my favorite band on my couch.,,1/6/15 18:48,5.52658e+17, YYC ,Mountain Time (US & Canada),[],#Coachella2015,#CouchChilla,,,,,,,[],#Coachella2015,#CouchChilla,,,,,,
negative,yes,nancyrobles7,1,Thoroughly disappointed with this  lineup _,,1/6/15 18:44,5.52657e+17,"Los Angeles, CA",,[],#Coachella2015,,,,,,,,[],#Coachella2015,,,,,,,
negative,yes,HWoodTattleTale,0,The  lineup is disappointing. See for yourself,,1/6/15 18:41,5.52656e+17,Downtown Los Angeles,,[],#Coachella2015,,,,,,,,[],#Coachella2015,,,,,,,
negative,yes,riskrated,0,When the lineup for Coachella 2015 is announced.,,1/6/15 18:40,5.52656e+17,,Arizona,[],#Coachella2015,,,,,,,,[],#Coachella2015,,,,,,,
negative,yes,Alissa_Dean,0,All the band names in the mini font sound like porn actor names.,,1/6/15 18:36,5.52655e+17,"Los Angeles, CA",Pacific Time (US & Canada),[],#Coachella2015,#jamiexx,#alisonwonderland,#claudevonstroke,,,,,[],#Coachella2015,#jamiexx,#alisonwonderland,#claudevonstroke,,,,
negative,yes,Renchelski,0,It's weird how the smaller font are far more interesting acts than the bigger ones.,,1/6/15 18:36,5.52655e+17,"Jakarta, Indonesia",Pacific Time (US & Canada),[],#Coachella2015,,,,,,,,[],#Coachella2015,,,,,,,
negative,yes,awmdx,0,Have you seen  lineup?  _,,1/6/15 18:35,5.52655e+17,"Morgantown, WV",Central Time (US & Canada),[],#Coachella2015,,,,,,,,[],#Coachella2015,,,,,,,
negative,yes,charbono88,0,What's up with all the  repeat offenders?,"[38.55323978, -121.40044439]",1/6/15 18:32,5.52654e+17,,Pacific Time (US & Canada),[],#dejavu,#Coachella2015,,,,,,,[],#dejavu,#Coachella2015,,,,,,
negative,yes,catepaladini,0,do  even know who  is?,"[43.651392, -79.4280135]",1/6/15 18:30,5.52654e+17,"Toronto, Ontario",Eastern Time (US & Canada),[],#ACDC,#Drake,#Coachella2015,,,,,,[],#ACDC,#Drake,#Coachella2015,,,,,
negative,yes,Sue_Zeee,0,Ok I'm not crazy about the  lineup! I'm waaaay more excited for the  lineup!!! Yaaaas!!,,1/6/15 18:23,5.52652e+17,"Bay Area, California",Pacific Time (US & Canada),[],#Coachella2015,#BottleRock2015,,,,,,,[],#Coachella2015,#BottleRock2015,,,,,,
negative,yes,mccrackenview,0,Have not heard one positive comment about  headlining  's new profit strategy--put lipstick on a pig.,,1/6/15 18:23,5.52652e+17,Los Angeles,Pacific Time (US & Canada),[],#Drake,#Coachella2015,#Coachella,,,,,,[],#Drake,#Coachella2015,#Coachella,,,,,
negative,yes,danicabordallo,0,I fucking cry every time I read the line up for,,1/6/15 18:18,5.52651e+17,,Pacific Time (US & Canada),[],#Coachella2015,,,,,,,,[],#Coachella2015,,,,,,,
negative,yes,nelly2112,0,Coachella sucks. I can see Drake and AC/DC anytime they tour. Yawn,,1/6/15 18:16,5.5265e+17,"Calgary, Canada via London, UK",,[],#Coachella,#Coachella2015,,,,,,,[],#Coachella,#Coachella2015,,,,,,
negative,yes,catella18,0,"line up less than impressive, but still stoked for dartying in the sun to Alesso","[42.36176282, -71.02819604]",1/6/15 18:15,5.5265e+17,"T: 43.09956,-71.470575",Eastern Time (US & Canada),[],#Coachella2015,,,,,,,,[],#Coachella2015,,,,,,,
negative,yes,DustinMorris13,0,How did  and  land spots at  ? I find that weird.,,1/6/15 18:10,5.52649e+17,"Calgary, Alberta, Canada",,[],#Coachella2015,,,,,,,,[],#Coachella2015,,,,,,,
negative,yes,MoveOnWithJon,1,"""The lineup for  sucks!!!!"" -people who were never going to Coachella anyway",,1/6/15 18:10,5.52648e+17,SK,Central Time (US & Canada),[],#Coachella2015,,,,,,,,[],#Coachella2015,,,,,,,
negative,yes,brandonkosowski,0,"""I heard some of you don't know who Paul McCartney is... Welp, here's Steely Dan and AC/DC!""",,1/6/15 18:07,5.52648e+17,,Eastern Time (US & Canada),[],#Coachella2015,#dadrock,#dafuq,,,,,,[],#Coachella2015,#dadrock,#dafuq,,,,,
negative,yes,mchellegarciaa,0,"""pinche drake
WE WANT KANYE!""",,1/6/15 18:03,5.52647e+17,,Pacific Time (US & Canada),[],#iwannabelikekanye,#Coachella2015,,,,,,,[],#iwannabelikekanye,#Coachella2015,,,,,,
negative,yes,Inadazeee96,3,Lol word,"[29.60934695, -98.60715313]",1/6/15 17:57,5.52645e+17,"helotes, Tx. ",Central Time (US & Canada),[],#Coachella2015,,,,,,,,[],#Coachella2015,,,,,,,
negative,yes,gold_and_guns,0,another year without  headlining ... _,,1/6/15 17:52,5.52644e+17,A,Pacific Time (US & Canada),[],#itsbritneybitch,#coachella,#coachella2015,,,,,,[],#itsbritneybitch,#coachella,#coachella2015,,,,,
negative,yes,virushopper,0,Weak  line up.,,1/6/15 17:50,5.52643e+17,,Pacific Time (US & Canada),[],#Coachella2015,,,,,,,,[],#Coachella2015,,,,,,,
negative,yes,rtconnelly,0,Whoever is in charge of the order in which bands are listed on the  poster should be fired,,1/6/15 17:49,5.52643e+17,,,[],#Coachella2015,,,,,,,,[],#Coachella2015,,,,,,,
negative,yes,JhovanyBrorez,1,RT : Coachella line up this year is so weak .,,1/6/15 17:49,5.52643e+17,,Central Time (US & Canada),[],#Coachella2015,,,,,,,,[],#Coachella2015,,,,,,,
negative,yes,rosysaurusrex,1,I'm hoping I wake up tomorrow and there is a better  line up.,,1/6/15 17:45,5.52642e+17,in your head. ,Eastern Time (US & Canada),[],#Coachella2015,,,,,,,,[],#Coachella2015,,,,,,,
negative,yes,ThePurdueUno,0,What a disappointing lineup,"[33.37096992, -111.65220369]",1/6/15 17:45,5.52642e+17,Resides in 480; from 219,Arizona,[],#coachella2015,#Yawn,,,,,,,[],#coachella2015,#Yawn,,,,,,
negative,yes,briannalmao,0,The line up so stacked this year.,,1/6/15 17:43,5.52642e+17,anywhere but here,,[],#Coachella2015,,,,,,,,[],#Coachella2015,,,,,,,
negative,yes,Kitty_Carly,1,Selling my car so I can go to,,1/6/15 17:41,5.52641e+17,in yo kitchen/food pantry,Quito,[],#Coachella2015,#sorrymom,,,,,,,[],#Coachella2015,#sorrymom,,,,,,
negative,yes,_AustinPowell,0,Baffled by the  lineup. Is this the end of take-the-money-and-run reunions?,,1/6/15 17:39,5.52641e+17,"Ashland, OR",Central Time (US & Canada),[],#Coachella2015,,,,,,,,[],#Coachella2015,,,,,,,
negative,yes,TweetSantos,1,RT : Last year line up was 5x better __,,1/6/15 17:36,5.5264e+17,,Eastern Time (US & Canada),[],#Coachella2015,,,,,,,,[],#Coachella2015,,,,,,,
negative,yes,copernicus86,0,A baby's death rattle is more sonically appealing than AC/DC.,,1/6/15 17:25,5.52637e+17,"Coachella Valley, California",Pacific Time (US & Canada),[],#Coachella2015,#Coachella,,,,,,,[],#Coachella2015,#Coachella,,,,,,
negative,yes,splashaajasz,0,Tryna to go to coachella _,,1/6/15 17:19,5.52636e+17,,,[],#Coachella2015,,,,,,,,[],#Coachella2015,,,,,,,
negative,yes,tonyheally,2,Friends don't let friends go to Weekend 2.,,1/6/15 17:18,5.52635e+17,"Santa Monica, CA",Pacific Time (US & Canada),[],#Coachella2015,,,,,,,,[],#Coachella2015,,,,,,,
negative,yes,_ChicoAndTheMan,1,but once again Latin music is strongly absent at  there are so many great alt/rock/hip hop spanish acts out there,,1/6/15 17:17,5.52635e+17,#Mexico D.F.  #LosAngeles,Pacific Time (US & Canada),[],#Coachella2015,,,,,,,,[],#Coachella2015,,,,,,,
negative,yes,Avon_122,0,I really hope  lineup is better than  lol that shits weak,,1/6/15 17:16,5.52635e+17,"Chattanooga, Tn",,[],#HangoutFest,#Coachella2015,,,,,,,[],#HangoutFest,#Coachella2015,,,,,,
negative,yes,Octoberrr,1,RT : I don't look good enough in a flower crown to go to,,1/6/15 17:08,5.52633e+17,,Arizona,[],#Coachella2015,,,,,,,,[],#Coachella2015,,,,,,,
negative,yes,ApeFroman,0,Wish I could see the Bon Scott hologram this year. &lt;--- A joke no one attending  will get,,1/6/15 17:05,5.52632e+17,LA. CA. All Day.,Pacific Time (US & Canada),[],#Coachella2015,,,,,,,,[],#Coachella2015,,,,,,,
negative,yes,MichaelHyneman,0,So far my opinion that is one shitty line up .,"[35.89799908, -84.06454034]",1/6/15 17:04,5.52632e+17,"Knoxville, TN ",Eastern Time (US & Canada),[],#Coachella2015,,,,,,,,[],#Coachella2015,,,,,,,
negative,yes,laaah_souzaa,0,Someone take me to  :(,,1/6/15 17:02,5.52631e+17,,Santiago,[],#Coachella2015,,,,,,,,[],#Coachella2015,,,,,,,
negative,yes,AKOD,0,"St. Vincent, St. Paul and the broken bones, St. Lucia... Since when  is a Christian rock festival?",,1/6/15 17:01,5.52631e+17,PSN: Teh_AKOD,Mexico City,[],#Coachella2015,,,,,,,,[],#Coachella2015,,,,,,,
negative,yes,allisonnnsmith,0,Here's to hoping the  lineup is better than the   lineup _,,1/6/15 16:59,5.52631e+17,"Pensacola, FL.",Eastern Time (US & Canada),[],#Coachella2015,,,,,,,,[],#Coachella2015,,,,,,,
negative,yes,cbowers89_gem,0,line up looks iight.....Rock the Bells is dead I guess?,,1/6/15 16:58,5.5263e+17,"Jersey City, NJ",Eastern Time (US & Canada),[],#Coachella2015,,,,,,,,[],#Coachella2015,,,,,,,
negative,yes,JamesFleury91,0,Really weak line-up at  this year. Should have talked to the Brits. They know how to put on a festival!,"[34.15824049, -118.44426559]",1/6/15 16:57,5.5263e+17,"London, UK",London,[],#Coachella2015,,,,,,,,[],#Coachella2015,,,,,,,
negative,yes,Emmersmom97,0,"Anyone else bummed about Coachella's lineup this year?  I was thinking of going, but then, maybe not.",,1/6/15 16:56,5.5263e+17,Washington State,Pacific Time (US & Canada),[],#coachella2015,,,,,,,,[],#coachella2015,,,,,,,
negative,yes,marionsofficial,0,"i dont get it, why isnt   on this list/?&gt;&gt;&gt;??!!!",,1/6/15 16:53,5.52629e+17,Philippines;,Beijing,[],#coachellalineup,#CoachellaProbs,#Coachella2015,,,,,,[],#coachellalineup,#CoachellaProbs,#Coachella2015,,,,,
negative,yes,RadZillA92,0,"The Friday line up looks legit, the Saturday line up is alright, the Sunday line up just looks sad",,1/6/15 16:52,5.52629e+17,Los Angeles,,[],#Coachella2015,,,,,,,,[],#Coachella2015,,,,,,,
negative,yes,93aklee,0,is horribly boring,,1/6/15 16:49,5.52628e+17,GTA,Eastern Time (US & Canada),[],#Coachella2015,,,,,,,,[],#Coachella2015,,,,,,,
negative,yes,aaronfriedrich,0,very disappointed in headliners hope not same for,,1/6/15 16:47,5.52628e+17,Indiana,Indiana (East),[],#Coachella2015,#lollapalooza,#lolla2015,,,,,,[],#Coachella2015,#lollapalooza,#lolla2015,,,,,
negative,yes,netoman,1,RT : Ratatat? Are pokemon allowed to have bands now?,,1/6/15 16:47,5.52628e+17,"Ekatepunk, Mexiko-Stadt",Mountain Time (US & Canada),[],#Coachella2015,,,,,,,,[],#Coachella2015,,,,,,,
negative,yes,Nadiaahoran_,0,"This years Coachella performers are okay you have the weekend,drake,Marian and diamonds but where is Lana del Rey?? _",,1/6/15 16:47,5.52627e+17,"Dallas,Tx",,[],#Coachella2015,,,,,,,,[],#Coachella2015,,,,,,,
negative,yes,HBarakzoy,0,"Not gonna lie, I'm a little disappointed  isn't on the  Lineup",,1/6/15 16:39,5.52626e+17,"Bay Area, CA",Pacific Time (US & Canada),[],#Coachella2015,#IAintGotNoType,,,,,,,[],#Coachella2015,#IAintGotNoType,,,,,,
negative,yes,SwoopDymand,1,Coachella like really fucked up,"[34.24646141, -118.5998096]",1/6/15 16:37,5.52625e+17,the greater los angeles area ,,[],#Coachella2015,,,,,,,,[],#Coachella2015,,,,,,,
negative,yes,AKOD,0,"How the fuck do you even say this one's? Axwell up to the power of Ingrosso? I want rock, not math!",,1/6/15 16:35,5.52625e+17,PSN: Teh_AKOD,Mexico City,[],#Coachella2015,,,,,,,,[],#Coachella2015,,,,,,,
negative,yes,trapspice,0,half the line up I've seen the other half I wouldn't pay to see or be in that heat for _,,1/6/15 16:35,5.52624e+17,"San Diego, California",,[],#Coachella2015,,,,,,,,[],#Coachella2015,,,,,,,
negative,yes,ThatJaviGuy,0,I'm like __: Hey  special guests  ?   whyyyy  _,"[32.71352018, -117.16323292]",1/6/15 16:33,5.52624e+17,,Pacific Time (US & Canada),[],#beavisandbutthead,#Coachella2015,#ACDC,#nochella,,,,,[],#beavisandbutthead,#Coachella2015,#ACDC,#nochella,,,,
negative,yes,danielvtownsend,0,It's a sad day when  is reuniting again for  and they're not made the headliner.,,1/6/15 16:32,5.52624e+17,"San Jose, California",Pacific Time (US & Canada),[],#DriveLikeJehu,#Coachella2015,,,,,,,[],#DriveLikeJehu,#Coachella2015,,,,,,
negative,yes,AKOD,0,"I'm glad to see DJ Snake, but his brother usually always mess up his shows with his Metal Gear",,1/6/15 16:27,5.52623e+17,PSN: Teh_AKOD,Mexico City,[],#Coachella2015,,,,,,,,[],#Coachella2015,,,,,,,
negative,yes,Bird2khoo,0,So   sound HELLA Khoo.... they asked me to open 4  but i waz like.... lhhh im bullshittn... they aint ready...,,1/6/15 16:24,5.52622e+17,Mizzouri,Central Time (US & Canada),[],#Coachella2015,#Drake,,,,,,,[],#Coachella2015,#Drake,,,,,,
negative,yes,HOTSHOT_ROBOT,0,worst...episode......ever.,,1/6/15 16:09,5.52618e+17,The Sea of Tranquility ,Pacific Time (US & Canada),[],#coachella,#Coachella2015,,,,,,,[],#coachella,#Coachella2015,,,,,,
negative,yes,LexiSuda,0,The  lineup is definitely lacking.,,1/6/15 16:06,5.52617e+17,"Duval, Florida",Eastern Time (US & Canada),[],#Coachella2015,,,,,,,,[],#Coachella2015,,,,,,,
negative,yes,gabekoa,1,Me at  when drake fans walk by.,,1/6/15 16:06,5.52617e+17,"under your blanket, USA  ",Pacific Time (US & Canada),[],#Coachella2015,,,,,,,,[],#Coachella2015,,,,,,,
negative,yes,OasisMunoz,0,"Not even when The cure or Suede played, did I want to go.  
I went to the very first one &amp; that was enough. Over it. _",,1/6/15 16:05,5.52617e+17,"Whittier, Ca.",Pacific Time (US & Canada),[],#Coachella2015,,,,,,,,[],#Coachella2015,,,,,,,
negative,yes,incubus3389,0,I wish  or  would have been on the  lineup,,1/6/15 16:03,5.52617e+17,,,[],#incubus,#sonsofthesea,#Coachella2015,,,,,,[],#incubus,#sonsofthesea,#Coachella2015,,,,,
negative,yes,mythikle,0,"Who designs the  posters?
Get a head ache as soon as I look at it.",,1/6/15 16:00,5.52616e+17,"53.043861,-7.251332",London,[],#Coachella2015,,,,,,,,[],#Coachella2015,,,,,,,
negative,yes,Lily_Ana_,0,Not excited that mainstream hip hop/R&amp;B artists are headlining hippie  but already got my tix.Finna get in my feelings,,1/6/15 15:59,5.52615e+17,Lost Angeles,Pacific Time (US & Canada),[],#Coachella2015,,,,,,,,[],#Coachella2015,,,,,,,
negative,yes,ang_ler,1,"Looking at the  line up like... ""who are these people!?""",,1/6/15 15:57,5.52615e+17,gangsters paradise,Eastern Time (US & Canada),[],#Coachella2015,,,,,,,,[],#Coachella2015,,,,,,,
negative,yes,Shaggy_Johns,0,The lineup from 2011 looks a lot better than this years lineup,,1/6/15 15:53,5.52614e+17,1060 West Addison ,Quito,[],#Coachella2015,,,,,,,,[],#Coachella2015,,,,,,,
negative,yes,CHRISANDO22,0,skip  and visit Australia again _,,1/6/15 15:50,5.52613e+17,,Sydney,[],#Coachella2015,,,,,,,,[],#Coachella2015,,,,,,,
negative,yes,PhoenixAshes33,0,Not highly impressed w/ the  lineup. Friday looks like the best day. It just seems lacking and not terribly worth the paper.,,1/6/15 15:49,5.52613e+17,"Laguna Hills, CA",Pacific Time (US & Canada),[],#Coachella2015,,,,,,,,[],#Coachella2015,,,,,,,
negative,yes,SmittySmith3,0,"You know, just another year of probably not going to  ______",,1/6/15 15:48,5.52613e+17,,,[],#Coachella2015,,,,,,,,[],#Coachella2015,,,,,,,
negative,yes,steffieweffie81,0,Oh  why are you so expensive? Wish I could go.     and many more _,,1/6/15 15:45,5.52612e+17,Pepperland,Pacific Time (US & Canada),[],#Coachella2015,,,,,,,,[],#Coachella2015,,,,,,,
negative,yes,slooker1,0,"For once, I'll actually be doing something cooler than going to  this year _",,1/6/15 15:44,5.52612e+17,Tunbridge Wells,London,[],#Coachella2015,,,,,,,,[],#Coachella2015,,,,,,,
negative,yes,JoshuaLamascus,0,Ahh this day. The day all of the hipsters pretend that they love all of the bands in small print on the coachella lineup.,,1/6/15 15:44,5.52612e+17,,,[],#Coachella2015,,,,,,,,[],#Coachella2015,,,,,,,
negative,yes,JulieSlaterDJ,0,AC/DC?  Cool.  I'm still not going.  :),,1/6/15 15:43,5.52611e+17,Los angeles,,[],#Coachella2015,,,,,,,,[],#Coachella2015,,,,,,,
negative,yes,jeffglaze,0,"Very recycled lineup this year, though. Many of the same bands that have played the big three the last two years.",,1/6/15 15:43,5.52611e+17,"Madison, Wisconsin",Central Time (US & Canada),[],#Coachella2015,,,,,,,,[],#Coachella2015,,,,,,,
negative,yes,my__villa,0,not as excited with the lineup this year. It's still good though,,1/6/15 15:43,5.52611e+17,Toronto,Eastern Time (US & Canada),[],#Coachella2015,,,,,,,,[],#Coachella2015,,,,,,,
negative,yes,Ravenmystar,0,"ACDC, bad religion, and jack white at  ... Is this KROQ's weenie roast circa 2000? No thank you.","[33.97040231, -117.38783835]",1/6/15 15:41,5.52611e+17,California,,[],#Coachella2015,,,,,,,,[],#Coachella2015,,,,,,,
negative,yes,iviesheacooper,0,The people that spend $5k on a weekend festival are nuuuts. And loaded.,"[40.43634143, -104.75373426]",1/6/15 15:41,5.52611e+17,Forever a Colorado girl,Arizona,[],#Coachella2015,,,,,,,,[],#Coachella2015,,,,,,,
negative,yes,Doof__,1,Coachella line up this year is so weak .,,1/6/15 15:39,5.52611e+17,Ricks Trap house.,Pacific Time (US & Canada),[],#Coachella2015,,,,,,,,[],#Coachella2015,,,,,,,
negative,yes,linarosee,0,That sad moment when  and  release their lineups on the same day and I can't afford tickets to either __ __,,1/6/15 15:39,5.5261e+17,"Bay Area, Calif. ",Pacific Time (US & Canada),[],#Coachella2015,#BottleRockNapa,,,,,,,[],#Coachella2015,#BottleRockNapa,,,,,,
negative,yes,DomDavison,0,Saw  line up and honestly... this is the first year that I'm not pressed to go.,,1/6/15 15:38,5.5261e+17,Houston & NYC,America/Chicago,[],#Coachella2015,,,,,,,,[],#Coachella2015,,,,,,,
negative,yes,eg_wade,0,If I wanted to hear AC DC and a whole lot of metallic noise I'd go to Jiffy Lube and save a few thousand dollars,,1/6/15 15:29,5.52608e+17,Colorado,Mazatlan,[],#Coachella2015,,,,,,,,[],#Coachella2015,,,,,,,
negative,yes,deemoneyLA,0,lineup is trash to be honest... I would only want to see the weeknd but other than that not spending my money on it,"[33.89260291, -118.28798138]",1/6/15 15:28,5.52608e+17,LA  SLO,Arizona,[],#Coachella2015,,,,,,,,[],#Coachella2015,,,,,,,
negative,yes,mikedamante,0,I'd rather see Mouse Rat and DJ Roomba than most of the acts at,,1/6/15 15:26,5.52607e+17,,Central Time (US & Canada),[],#Coachella2015,#ParksandRec,,,,,,,[],#Coachella2015,#ParksandRec,,,,,,
negative,yes,marlapollaro,0,FM No Static At All::,,1/6/15 15:25,5.52607e+17,Texas,Central Time (US & Canada),[],#steelydan,#Coachella2015,,,,,,,[],#steelydan,#Coachella2015,,,,,,
negative,yes,mandytamm,0,The  line up always breaks my heart.,,1/6/15 15:17,5.52605e+17,Berlin,Berlin,[],#Coachella2015,#coachellalineup,#Coachella,,,,,,[],#Coachella2015,#coachellalineup,#Coachella,,,,,
negative,yes,LeoCarvalhoNYC,0,As bad as it gets...,,1/6/15 15:11,5.52603e+17,LONG ISLAND NEW YORK USA,Eastern Time (US & Canada),[],#Coachella2015,,,,,,,,[],#Coachella2015,,,,,,,
negative,yes,Kobe_Dick_,1,RT : To everyone going to  leave your flower crowns at home.,,1/6/15 15:10,5.52603e+17,,Pacific Time (US & Canada),[],#Coachella2015,#douchebags,,,,,,,[],#Coachella2015,#douchebags,,,,,,
negative,yes,lionessmilaayxo,0,That was such a tease    __________________________________________,,1/6/15 15:08,5.52603e+17,California,Central Time (US & Canada),[],#Coachella2015,,,,,,,,[],#Coachella2015,,,,,,,
negative,yes,IrinaNiky,1,RT : Many ppl at my tl tweet about  and I just..,,1/6/15 15:06,5.52602e+17,Russian girl-California dream ,Minsk,[],#Coachella2015,,,,,,,,[],#Coachella2015,,,,,,,
negative,yes,TrivWorks,2,"No Paul McCartney at  because this is for BIG NAMES ONLY, right Kanye fans?",,1/6/15 15:04,5.52602e+17,"Brooklyn, NY",Eastern Time (US & Canada),[],#Coachella,#Coachella2015,,,,,,,[],#Coachella,#Coachella2015,,,,,,
negative,yes,ArabothCitizen,0,"That coachella list tho. Man AC/DC, Jack White, and Drake? Man it's like a time line of how mainstream is changing!",,1/6/15 15:00,5.52601e+17,Houston (With The Crocodiles),Central Time (US & Canada),[],#Coachella2015,,,,,,,,[],#Coachella2015,,,,,,,
negative,yes,bitch_hoggle,0,"Honestly don't know what to think about Steely Dan playing  . Like, just sitting at my desk shaking my head.",,1/6/15 14:58,5.526e+17,"Chicago, IL",Central Time (US & Canada),[],#Coachella2015,,,,,,,,[],#Coachella2015,,,,,,,
negative,yes,rhett_parker44,0,Why are  and  playing different dates at  ___,"[32.30022286, -92.69534924]",1/6/15 14:57,5.526e+17,,Eastern Time (US & Canada),[],#Coachella2015,,,,,,,,[],#Coachella2015,,,,,,,
negative,yes,jackkjanette,1,RT : I don't like the  line up:(,,1/6/15 14:50,5.52598e+17,los angeles,,[],#coachella2015,,,,,,,,[],#coachella2015,,,,,,,
negative,yes,Pamelaaranzazu,0,Coachella isn't even good enough his year to buy a ticket to then re-sell,,1/6/15 14:49,5.52598e+17,Ventura Co.,,[],#lol,#Coachella2015,,,,,,,[],#lol,#Coachella2015,,,,,,
negative,yes,Atuakoi,0,I want go to  but that won't happen.,,1/6/15 14:48,5.52598e+17,,Pacific Time (US & Canada),[],#Coachella2015,,,,,,,,[],#Coachella2015,,,,,,,
negative,yes,bestintheleague,0,""": Who's responsible... ___   ___",,1/6/15 14:45,5.52597e+17,Pride Rock,Quito,[],#Coachella2015,,,,,,,,[],#Coachella2015,,,,,,,
negative,yes,coljdaly,0,Friday night though.......,,1/6/15 14:43,5.52596e+17,Dublin,,[],#Coachella2015,,,,,,,,[],#Coachella2015,,,,,,,
negative,yes,michaelleemusic,0,Steely Dan is playing  - it's the 3rd sign of the apocalypse,,1/6/15 14:42,5.52596e+17,Los Angeles,Pacific Time (US & Canada),[],#Coachella2015,,,,,,,,[],#Coachella2015,,,,,,,
negative,yes,PKaljian,0,In my opinion a better line up that  .....sorry,,1/6/15 14:40,5.52596e+17,#SF #TheBay,Pacific Time (US & Canada),[],#Coachella2015,,,,,,,,[],#Coachella2015,,,,,,,
negative,yes,Lai_Lai_90,1,RT : Anyone else not completely sold?,,1/6/15 14:40,5.52596e+17,,,[],#Coachella2015,,,,,,,,[],#Coachella2015,,,,,,,
negative,yes,chelsbieberxo,1,RT :  lineup sucks. What happened to  and ? _,,1/6/15 14:35,5.52594e+17,"Melbourne, Australia",Melbourne,[],#Coachella2015,,,,,,,,[],#Coachella2015,,,,,,,
negative,yes,Treader,0,Umm. Not sure about this  lineup.,,1/6/15 14:34,5.52594e+17,NYC/London,Eastern Time (US & Canada),[],#Coachella2015,,,,,,,,[],#Coachella2015,,,,,,,
negative,yes,sydneytrimming,0,wtf is this lineup __,,1/6/15 14:29,5.52593e+17,CANADA,Mountain Time (US & Canada),[],#Coachella2015,#MakeAWishFoundation,#DyingIfIDontGoSo,,,,,,[],#Coachella2015,#MakeAWishFoundation,#DyingIfIDontGoSo,,,,,
negative,yes,trxppinwithmatt,0,If i see one more  tweet im gonna cry,,1/6/15 14:25,5.52592e+17,somewhere stalking matt,Atlantic Time (Canada),[],#Coachella2015,,,,,,,,[],#Coachella2015,,,,,,,
negative,yes,beichel,0,Can't picture LA hipsters lining up to buy $$ tickets to see AC/DC but what do I know,,1/6/15 14:25,5.52592e+17,"New York, NY",Eastern Time (US & Canada),[],#Coachella2015,,,,,,,,[],#Coachella2015,,,,,,,
negative,yes,caoilinnbrown,0,the lineup for  doesn't look very good :/ theres only abt 5 actually appealing performances,,1/6/15 14:23,5.52591e+17,canada,Atlantic Time (Canada),[],#Coachella2015,,,,,,,,[],#Coachella2015,,,,,,,
negative,yes,AKlahn,0,Anyone else kinda disappointed in ?,,1/6/15 14:19,5.5259e+17,"Viroqua, WI",Central Time (US & Canada),[],#Coachella2015,,,,,,,,[],#Coachella2015,,,,,,,
negative,yes,NefariousGod,4,"RT : If you're going to , just admit now you're going to do drugs in the desert. Cause everyone knows you're no_",,1/6/15 14:17,5.5259e+17,Los Angeles,Pacific Time (US & Canada),[],#Coachella2015,,,,,,,,[],#Coachella2015,,,,,,,
negative,yes,jenjenjd,0,"Lame  lineup(except for  and ,of course).Looks like it's  for us this year!",,1/6/15 14:17,5.5259e+17,"Palm Desert, CA",Pacific Time (US & Canada),[],#Coachella2015,#jackwhite,#steelydan,#Stagecoach,#yeehaw,#desertlife,,,[],#Coachella2015,#jackwhite,#steelydan,#Stagecoach,#yeehaw,#desertlife,,
negative,yes,DawreSaeed,0,looks insane,,1/6/15 14:13,5.52589e+17,Toronto,Atlantic Time (Canada),[],#Coachella2015,,,,,,,,[],#Coachella2015,,,,,,,
negative,yes,Huw_Bonello,0,"Not that I would have gone, but I'm not wowed by  lineup.",,1/6/15 14:09,5.52588e+17,"Sydney, Australia",Solomon Is.,[],#Coachella2015,,,,,,,,[],#Coachella2015,,,,,,,
negative,yes,rihannaRTz,1,RT : I want  at,,1/6/15 14:08,5.52588e+17,,Pacific Time (US & Canada),[],#Coachella2015,,,,,,,,[],#Coachella2015,,,,,,,
negative,yes,Midnyterambla,0,"So the  lineup was announced - is there a (realistic) age cut off for the festival? And ""we're all children at heart"" is false",,1/6/15 14:07,5.52587e+17,,,[],#Coachella2015,,,,,,,,[],#Coachella2015,,,,,,,
negative,yes,stwarek,1,RT : : The festival's worst lineup ever &amp; the reason why you shouldn't buy tkts 1 year in advance blindly. ,,1/6/15 14:07,5.52587e+17,,Central Time (US & Canada),[],#Coachella2015,,,,,,,,[],#Coachella2015,,,,,,,
negative,yes,crystalsal92,1,RT : What? No Hardstyle on that lineup and ppl are stoked..... We'll pass on it,,1/6/15 14:07,5.52587e+17,Neverland With Peterpan ,Pacific Time (US & Canada),[],#Coachella2015,,,,,,,,[],#Coachella2015,,,,,,,
negative,yes,hawaiinshirtsus,0,"No 1D, 5SOS or Big Time Rush at  ? Such bullshit, this year is going to be terrible",,1/6/15 14:02,5.52586e+17,JBThe1975CatB,Atlantic Time (Canada),[],#Coachella2015,,,,,,,,[],#Coachella2015,,,,,,,
negative,yes,Doomsday_Brand,1,What? No Hardstyle on that lineup and ppl are stoked..... We'll pass on it,,1/6/15 14:01,5.52586e+17,CA,,[],#Coachella2015,,,,,,,,[],#Coachella2015,,,,,,,
negative,yes,mollyanne06,1,the  lineup has me confused,"[40.73507957, -74.06659462]",1/6/15 13:59,5.52585e+17,NJ/NYC,Eastern Time (US & Canada),[],#Coachella2015,,,,,,,,[],#Coachella2015,,,,,,,
negative,yes,evanponter,0,Who the hell is this AC/DC guy opening up for Drake?,,1/6/15 13:59,5.52585e+17,Los Angeles,Eastern Time (US & Canada),[],#Coachella2015,,,,,,,,[],#Coachella2015,,,,,,,
negative,yes,Johansson85,0,AC/DC who the fucks still listens to them? Coachella has lost its brilliance over the past couple of years,,1/6/15 13:58,5.52585e+17,Israel & USA ,Quito,[],#Coachella2015,,,,,,,,[],#Coachella2015,,,,,,,
negative,yes,glennie_coco,7,RT : I'm honestly pretty disappointed by the  lineup man. Might have to do  instead...,,1/6/15 13:57,5.52585e+17,,,[],#Coachella2015,,,,,,,,[],#Coachella2015,,,,,,,
negative,yes,shannajac,1,To everyone going to  leave your flower crowns at home.,,1/6/15 13:56,5.52585e+17,"Austin, TX ",Pacific Time (US & Canada),[],#Coachella2015,#douchebags,,,,,,,[],#Coachella2015,#douchebags,,,,,,
negative,yes,MSen11,0,lineup was released on the east coast's first . coincidence? I think nawt _,"[38.90834689, -77.03187537]",1/6/15 13:56,5.52584e+17,Washington DC ,Eastern Time (US & Canada),[],#Coachella2015,#snowday,,,,,,,[],#Coachella2015,#snowday,,,,,,
negative,yes,pelossus,0,maybe my real beef with the  lineup is that nobody caN READ THE POSTER AND IT'S THE SAME FORMAT EVERY YEAR.,,1/6/15 13:55,5.52584e+17,seattle,Pacific Time (US & Canada),[],#Coachella2015,,,,,,,,[],#Coachella2015,,,,,,,
negative,yes,MariethePharaoh,1,Can't w8 for  _ _____,,1/6/15 13:53,5.52584e+17,808 x 210 x 512 ,Central Time (US & Canada),[],#Coachella2015,,,,,,,,[],#Coachella2015,,,,,,,
negative,yes,SpiralTWSSTJ,1,RT :  final day (minus Florence+The Machine) has my soul like,,1/6/15 13:52,5.52584e+17,Jersey,,[],#Coachella2015,,,,,,,,[],#Coachella2015,,,,,,,
negative,yes,Jorschach,1,final day (minus Florence+The Machine) has my soul like,,1/6/15 13:52,5.52583e+17,New York,Eastern Time (US & Canada),[],#Coachella2015,,,,,,,,[],#Coachella2015,,,,,,,
negative,yes,sou_enri,0,I wonder if that new McCartney guy . just hooked up made the  list? Dude is about to blow.,,1/6/15 13:51,5.52583e+17,,,[],#Coachella2015,#smh,,,,,,,[],#Coachella2015,#smh,,,,,,
negative,yes,Jonathannnn6,0,ACDC is the only good band I seen from the Coachella list of bands.,,1/6/15 13:51,5.52583e+17,Fontana,Pacific Time (US & Canada),[],#Coachella2015,,,,,,,,[],#Coachella2015,,,,,,,
negative,yes,Tanuki_Meatball,0,missing you at,,1/6/15 13:51,5.52583e+17,yo motha,Central Time (US & Canada),[],#AMS2015,#SLS2014,#Coachella2015,,,,,,[],#AMS2015,#SLS2014,#Coachella2015,,,,,
negative,yes,laragazza_sf,0,"I'm all for diversity, but the  lineup is still questionable",,1/6/15 13:51,5.52583e+17,San Francisco,,[],#Coachella2015,#music,,,,,,,[],#Coachella2015,#music,,,,,,
negative,yes,TheyCallMeCL,0,Disappointed at the  line up to be honest only the EDM artist are good this year,,1/6/15 13:50,5.52583e+17,"PALM SPRINGS,CA",Pacific Time (US & Canada),[],#Coachella2015,,,,,,,,[],#Coachella2015,,,,,,,
negative,yes,AriesVeil,0,The  lineup for 2015 looks horrible. Seriously not one act I either haven't seen or have any interest see'ing.,,1/6/15 13:50,5.52583e+17,"Cochrane, Alberta, Canada",Central Time (US & Canada),[],#Coachella2015,,,,,,,,[],#Coachella2015,,,,,,,
negative,yes,walkoffhbp,5,"You're either the type of person planning their entire  weekend, or, you have your life going in the right direction.",,1/6/15 13:48,5.52582e+17,"Calabasas, CA",Pacific Time (US & Canada),[],#Coachella2015,,,,,,,,[],#Coachella2015,,,,,,,
negative,yes,JPerez2591,0,Worst Coachella line up in years -_-,,1/6/15 13:44,5.52581e+17,,,[],#Coachella2015,#Coachella,,,,,,,[],#Coachella2015,#Coachella,,,,,,
negative,yes,scottmelker,0,Gonna need to get out the microscope to see if I made . Those names at the bottom are crazy small.,,1/6/15 13:43,5.52581e+17,In Your Speakers,Eastern Time (US & Canada),[],#Coachella2015,,,,,,,,[],#Coachella2015,,,,,,,
negative,yes,oneandonlydrake,0,WHERE IS  ?!!!!???!!!! Too good to not have.,,1/6/15 13:43,5.52581e+17,Austin,,[],#coachella,#Coachella2015,,,,,,,[],#coachella,#Coachella2015,,,,,,
negative,yes,IsabelsWild,0,Yeah the  lineup isn't as good  as last year,,1/6/15 13:41,5.52581e+17,,Pacific Time (US & Canada),[],#Coachella2015,,,,,,,,[],#Coachella2015,,,,,,,
negative,yes,gurrlpleasee,1,RT : ugh drake and abel are gonna be at  :( my babies,,1/6/15 13:38,5.5258e+17,,,[],#coachella2015,,,,,,,,[],#coachella2015,,,,,,,
negative,yes,maddog_524,2,RT : This lineup is fucking everything and it's during our finals week,,1/6/15 13:37,5.5258e+17,bates college,Eastern Time (US & Canada),[],#Coachella2015,,,,,,,,[],#Coachella2015,,,,,,,
negative,yes,melisssacee,1,RT : EDC who? Ultra what?,,1/6/15 13:34,5.52579e+17,,Central Time (US & Canada),[],#Coachella2015,,,,,,,,[],#Coachella2015,,,,,,,
negative,yes,FyFly,0,Coachella Lineup! In: AC/DC; Drake; Jack White. Absent: Migos.,"[0.0, 0.0]",1/6/15 13:34,5.52579e+17,A free nightlife mobile app,,[],#Coachella2015,#fyfly,,,,,,,[],#Coachella2015,#fyfly,,,,,,
negative,yes,trishbaden,1,lineup sucks. What happened to  and ? _,"[34.0920987, -118.37123618]",1/6/15 13:34,5.52579e+17,"West Hollywood, CA",Central Time (US & Canada),[],#Coachella2015,,,,,,,,[],#Coachella2015,,,,,,,
negative,yes,SortaAwesome,0,I know you all might like AC/DC but I could less than 2 f*cks so yeah. Lame.,,1/6/15 13:33,5.52579e+17,Los Angeles,Pacific Time (US & Canada),[],#Coachella2015,,,,,,,,[],#Coachella2015,,,,,,,
negative,yes,_CharlesTello_,0,"While plebs my age talk about fucking  , I'm more interested in  :DD",,1/6/15 13:32,5.52578e+17,"Winterfell, Westeroes",Eastern Time (US & Canada),[],#Coachella2015,#CES2015,,,,,,,[],#Coachella2015,#CES2015,,,,,,
negative,yes,SundayDevil,0,Ab-Soul should be sick AF though,,1/6/15 13:31,5.52578e+17,Los Angeles,Pacific Time (US & Canada),[],#Coachella2015,,,,,,,,[],#Coachella2015,,,,,,,
negative,yes,MarkHaider,0,lineup drops! Phoarrrr,,1/6/15 13:30,5.52578e+17,"Sydney, Australia",Sydney,[],#Coachella2015,#Coachella,#PalmSprings,,,,,,[],#Coachella2015,#Coachella,#PalmSprings,,,,,
negative,yes,anthipantelidis,0,Not impressed.,,1/6/15 13:30,5.52578e+17,"New York, NY",Eastern Time (US & Canada),[],#Coachella2015,,,,,,,,[],#Coachella2015,,,,,,,
negative,yes,sophieee1217,0,I'm sorry but  is an absolute let down.,,1/6/15 13:29,5.52578e+17,"Miami, FL",Eastern Time (US & Canada),[],#Coachella2015,,,,,,,,[],#Coachella2015,,,,,,,
negative,yes,chuypeligroso,0,"It's dead baby,  it's dead. (y BRUUUM prendo la Harley y me voy como Bruce Willis en Pulp Fiction).",,1/6/15 13:29,5.52578e+17,,,[],#Coachella2015,,,,,,,,[],#Coachella2015,,,,,,,
negative,yes,Emmmmma12,0,This is ridiculous,,1/6/15 13:29,5.52578e+17,Australia,,[],#Coachella2015,#Coachella,#la,#holycrap,,,,,[],#Coachella2015,#Coachella,#la,#holycrap,,,,
negative,yes,darren_levin,0,Steely Dan is playing  and I am officially dead,,1/6/15 13:24,5.52576e+17,Melbourne,Melbourne,[],#Coachella2015,,,,,,,,[],#Coachella2015,,,,,,,
negative,yes,WattYouSay27,1,RT :  lineup is really disappointing,,1/6/15 13:22,5.52576e+17,,,[],#Coachella2015,,,,,,,,[],#Coachella2015,,,,,,,
negative,yes,markinocentes,0,wheres daft punk _,,1/6/15 13:22,5.52576e+17,BP,Pacific Time (US & Canada),[],#Coachella2015,,,,,,,,[],#Coachella2015,,,,,,,
negative,yes,janellesmarella,0,"Also, AC/DC, really?",,1/6/15 13:22,5.52576e+17,,Central Time (US & Canada),[],#RideShouldHeadline,#Coachella2015,,,,,,,[],#RideShouldHeadline,#Coachella2015,,,,,,
negative,yes,IAMGoldCoast,1,RT : Coachella line up isn't all that_,,1/6/15 13:22,5.52576e+17,"Long Beach, CA",Pacific Time (US & Canada),[],#Coachella2015,,,,,,,,[],#Coachella2015,,,,,,,
negative,yes,tapple12,0,Not fully impressed by,,1/6/15 13:21,5.52576e+17,,,[],#Coachella2015,,,,,,,,[],#Coachella2015,,,,,,,
negative,yes,d_Ayd3n_Macias,0,Well hoping for another year of music festivals I dont get to go to today thnks a bunch,,1/6/15 13:20,5.52575e+17,,Pacific Time (US & Canada),[],#Coachella2015,,,,,,,,[],#Coachella2015,,,,,,,
negative,yes,AdrianDeTortuga,2,If Bobby Shmurda isn't gonna be @  then what's the point?,,1/6/15 13:19,5.52575e+17,,Eastern Time (US & Canada),[],#Coachella2015,#FreeBobbyShmurda,,,,,,,[],#Coachella2015,#FreeBobbyShmurda,,,,,,
negative,yes,vanessafranko,0,I hope DJ Lesto is a late add to the  lineup.,,1/6/15 13:19,5.52575e+17,"Riverside, CA",Pacific Time (US & Canada),[],#Coachella2015,,,,,,,,[],#Coachella2015,,,,,,,
negative,yes,EvanRJones,0,Drive Like Jehu playing at  is like your beloved grandma coming back to life and telling you she hates your guts.,,1/6/15 13:18,5.52575e+17,LAX-SFO-NRT-IAH,Alaska,[],#Coachella2015,,,,,,,,[],#Coachella2015,,,,,,,
negative,yes,noteddieayala,1,I don't like the  line up:(,,1/6/15 13:15,5.52574e+17,,Mountain Time (US & Canada),[],#coachella2015,,,,,,,,[],#coachella2015,,,,,,,
negative,yes,toddwhaines,3,"docket has  Dan &amp; /DC.
Sadly, ...Seals &amp; Croft...Sean Cassidy were unavailable.",,1/6/15 13:13,5.52574e+17,USA,Eastern Time (US & Canada),[],#Coachella2015,#Steely,#AC,#Bread,#music,,,,[],#Coachella2015,#Steely,#AC,#Bread,#music,,,
negative,yes,razz2,0,The Coachella lineup is odd. RT : The  lineup is out,,1/6/15 13:13,5.52574e+17,,Pacific Time (US & Canada),[],#Coachella2015,,,,,,,,[],#Coachella2015,,,,,,,
negative,yes,sheridanmoss,0,the only year I was thinking about going to coachella and the line up isn't anything special _ _,,1/6/15 13:13,5.52574e+17,,London,[],#Coachella2015,,,,,,,,[],#Coachella2015,,,,,,,
negative,yes,MilesWHoward,0,"If popularity is a sword, then  seems to have committed seppuku with it.",,1/6/15 13:12,5.52573e+17,"Jamaica Plain, MA",Pacific Time (US & Canada),[],#Coachella2015,#sameoldbands,#newhigherprices,#RIP,,,,,[],#Coachella2015,#sameoldbands,#newhigherprices,#RIP,,,,
negative,yes,HolmesNicholas,0,is performing at  __ok...ima just be here in South Africa crying....,,1/6/15 13:12,5.52573e+17,South Africa,,[],#Coachella2015,,,,,,,,[],#Coachella2015,,,,,,,
negative,yes,supertaunt,0,lineup announced... I'm so underwhelmed ;n;,,1/6/15 13:11,5.52573e+17,"Burnaby, B.C",Pacific Time (US & Canada),[],#Coachella2015,,,,,,,,[],#Coachella2015,,,,,,,
negative,yes,iammikedup,0,ok back to oogling and crying at this lineup T_______T,,1/6/15 13:11,5.52573e+17,San Diego,Arizona,[],#Coachella2015,,,,,,,,[],#Coachella2015,,,,,,,
negative,yes,Benya_k95,0,Coachella is stupid I rather go to an insomniac event.,,1/6/15 13:10,5.52573e+17,,,[],#insomniac,#Coachella2015,#bootlegged,#version,#of,#Woodstock,,,[],#insomniac,#Coachella2015,#bootlegged,#version,#of,#Woodstock,,
negative,yes,phxaaron,0,Lamest  lineup this far.,,1/6/15 13:09,5.52573e+17,"Phoenix, AZ",Arizona,[],#Coachella2015,,,,,,,,[],#Coachella2015,,,,,,,
negative,yes,MellowManAcee,2,RT :  Line Up Sucks ____,,1/6/15 13:06,5.52572e+17,Los Angeles,Pacific Time (US & Canada),[],#Coachella2015,,,,,,,,[],#Coachella2015,,,,,,,
negative,yes,KroqChip,0,Fear Boner also unavailable. Such a shame,,1/6/15 13:03,5.52571e+17,Orange County,Pacific Time (US & Canada),[],#Coachella2015,,,,,,,,[],#Coachella2015,,,,,,,
negative,yes,originaldrose_,0,"Not impressed by 's lineup at all. Maybe once I live in Cali, I'll feel differently. But for now, I'm just like, eh.",,1/6/15 13:02,5.52571e+17,chicago,Eastern Time (US & Canada),[],#Coachella2015,,,,,,,,[],#Coachella2015,,,,,,,
negative,yes,ellalalove,0,Not too fond of  lineup _,,1/6/15 13:01,5.52571e+17,"Rowland Heights, CA",Pacific Time (US & Canada),[],#Coachella2015,,,,,,,,[],#Coachella2015,,,,,,,
negative,yes,chelsie_rhoads,0,Gotta get my abs back for  but I love eating and sleeping way too much,,1/6/15 13:01,5.52571e+17,Los Angeles,,[],#Coachella2015,,,,,,,,[],#Coachella2015,,,,,,,
negative,yes,evilldrporkchop,1,RT : I'm not friends with people who love the Sahara Tent...,,1/6/15 13:01,5.52571e+17, 3rd planet from the sun,Pacific Time (US & Canada),[],#Coachella2015,,,,,,,,[],#Coachella2015,,,,,,,
negative,yes,MSwift53,0,So unimpressed by this year's Coachella line up...  _,,1/6/15 13:00,5.52571e+17,New Zealand,Wellington,[],#Coachella2015,,,,,,,,[],#Coachella2015,,,,,,,
negative,yes,cam_cove,0,Do I have really shitty eye site or is  not on the Coachella line up?,,1/6/15 13:00,5.52571e+17,"Austin, TX ",Mountain Time (US & Canada),[],#Coachella2015,#wtf,#IDGAFOS,#MSFR,,,,,[],#Coachella2015,#wtf,#IDGAFOS,#MSFR,,,,
negative,yes,MsHGolightly,0,"I know it's no longer about the music,but am I the only one finding  line up quite disappointing?",,1/6/15 12:59,5.5257e+17,"Rome, Italy",Rome,[],#Coachella2015,,,,,,,,[],#Coachella2015,,,,,,,
negative,yes,tessajb_,0,This years Coachella lineup is killing me __,,1/6/15 12:58,5.5257e+17,,Auckland,[],#Coachella2015,,,,,,,,[],#Coachella2015,,,,,,,
negative,yes,never_find_it,0,"Skimming the  lineup, and boy, if a band name ever summed up Millennials' groups....",,1/6/15 12:51,5.52568e+17,Check My Passport,Eastern Time (US & Canada),[],#Coachella2015,#CloudNothing,,,,,,,[],#Coachella2015,#CloudNothing,,,,,,
negative,yes,TaylorMorley,1,RT : Hmm buy tickets to  or literally burn $500?,,1/6/15 12:51,5.52568e+17,"Los Angeles, CA",Pacific Time (US & Canada),[],#coachella2015,,,,,,,,[],#coachella2015,,,,,,,
negative,yes,michaeldvinci,0,'s lineup is pretty weak...,,1/6/15 12:48,5.52568e+17,"Radford, VA",Mountain Time (US & Canada),[],#Coachella2015,,,,,,,,[],#Coachella2015,,,,,,,
negative,yes,mickey_straughn,3,RT :  lineup is unbelievably weak.,,1/6/15 12:48,5.52567e+17,,,[],#Coachella2015,,,,,,,,[],#Coachella2015,,,,,,,
negative,yes,jewgravy,0,"All these complaints over Steely Dan playing Coachella, youd think organizers would go back_ Jack_ and do it again.",,1/6/15 12:48,5.52567e+17,Depends where I am.,,[],#Coachella2015,,,,,,,,[],#Coachella2015,,,,,,,
negative,yes,DVRForever,0,Is the only Dude I Would Care About in  Maybe tyler too. but Man worst Lineup Ever.,"[0.0, 0.0]",1/6/15 12:47,5.52567e+17,CasaDelDaniel,Amsterdam,[],#Coachella2015,,,,,,,,[],#Coachella2015,,,,,,,
negative,yes,TheBigHTonight,1,Hmm buy tickets to  or literally burn $500?,,1/6/15 12:47,5.52567e+17,,Pacific Time (US & Canada),[],#coachella2015,,,,,,,,[],#coachella2015,,,,,,,
negative,yes,necrotoxins,1,RT : I'm v down for  line up,,1/6/15 12:46,5.52567e+17,_ _ _ _ _ _ _ _ ,Pacific Time (US & Canada),[],#Coachella2015,,,,,,,,[],#Coachella2015,,,,,,,
negative,yes,kenzmaciel,1,RT : DRAKEEE MOTHA FUGGAS,,1/6/15 12:45,5.52567e+17,"fresno, ca",,[],#Coachella2015,#sold,,,,,,,[],#Coachella2015,#sold,,,,,,
negative,yes,sadpatrik,1,I'm v down for  line up,,1/6/15 12:45,5.52567e+17,LA,Pacific Time (US & Canada),[],#Coachella2015,,,,,,,,[],#Coachella2015,,,,,,,
negative,yes,_Pilot_Jones,1,RT :  line up had me like __ every1 from AC/DC to RTJ to Flosstradamus to Toro Y Moi to Fly Lo to Vic Mensa to Tame _,,1/6/15 12:44,5.52566e+17,,Atlantic Time (Canada),[],#Coachella2015,,,,,,,,[],#Coachella2015,,,,,,,
negative,yes,SleeplessSammie,0,Last years line up was better,,1/6/15 12:44,5.52566e+17,The Valley,Pacific Time (US & Canada),[],#Coachella2015,,,,,,,,[],#Coachella2015,,,,,,,
negative,yes,LoloPisani,0,The  lineup is disappointing. Don't think it's worth the money this year.,,1/6/15 12:44,5.52566e+17,"Los Angeles, CA",Pacific Time (US & Canada),[],#Coachella2015,#unimpressed,,,,,,,[],#Coachella2015,#unimpressed,,,,,,
negative,yes,j_AdoreJulianne,0,Drake is headlining ? I love Drake but no thanks.,,1/6/15 12:43,5.52566e+17,Meh de yah,Eastern Time (US & Canada),[],#Coachella2015,,,,,,,,[],#Coachella2015,,,,,,,
negative,yes,TheBigHTonight,0,I'll never forgive Steely Dan for winning the Grammy the Marshall Mathers LP should've gotten,,1/6/15 12:42,5.52566e+17,,Pacific Time (US & Canada),[],#coachella2015,,,,,,,,[],#coachella2015,,,,,,,
negative,yes,natashananner,0,if Migos were somehow added to the  lineup............... _,,1/6/15 12:38,5.52565e+17,UK,Casablanca,[],#Coachella2015,,,,,,,,[],#Coachella2015,,,,,,,
negative,yes,ThelilKIRmaid,0,The fact that  is a possibility ___,,1/6/15 12:36,5.52564e+17,,Atlantic Time (Canada),[],#Coachella2015,,,,,,,,[],#Coachella2015,,,,,,,
negative,yes,AlexMusulas,0,How do you get punched by Puff Daddy and then headline Coachella a few months after that? There is no coming back from that!,,1/6/15 12:35,5.52564e+17,Brea,Alaska,[],#coachella2015,,,,,,,,[],#coachella2015,,,,,,,
negative,yes,j6391,0,Drake seriously? Drake?,,1/6/15 12:35,5.52564e+17,,,[],#Coachella2015,#youhavedonemewrong,#kingsofleonpls,,,,,,[],#Coachella2015,#youhavedonemewrong,#kingsofleonpls,,,,,
negative,yes,adam_greene23,0,Just unfair,,1/6/15 12:34,5.52564e+17,,,[],#coachella2015,,,,,,,,[],#coachella2015,,,,,,,
negative,yes,Mightymom6819,0,My favorite band is playing @  but $$$ too high!!!  No  for me.  So sad!,,1/6/15 12:34,5.52564e+17,CA,Pacific Time (US & Canada),[],#Coachella2015,#steelydan,,,,,,,[],#Coachella2015,#steelydan,,,,,,
negative,yes,Puddlez,0,This  lineup is kind of a joke. I wouldn't spend $500 on it.,,1/6/15 12:33,5.52564e+17,"Lemoore, CA",Eastern Time (US & Canada),[],#Coachella2015,,,,,,,,[],#Coachella2015,,,,,,,
negative,yes,BrittnyVictoria,0,So Dissappointed with the coachella line up..,"[51.04290945, -114.04128523]",1/6/15 12:32,5.52563e+17,Canada,Mountain Time (US & Canada),[],#Coachella2015,#dissappointed,,,,,,,[],#Coachella2015,#dissappointed,,,,,,
negative,yes,elliequent,0,"Welp, I just saved a bunch of money.",,1/6/15 12:32,5.52563e+17,"Los Angeles, CA",Pacific Time (US & Canada),[],#Coachella2015,#nopenopenope,,,,,,,[],#Coachella2015,#nopenopenope,,,,,,
negative,yes,notmarcocollins,0,Ouch. RT : Fuck drive like jehu for playing that horse shit,,1/6/15 12:32,5.52563e+17,Between the gutter & the stars,Pacific Time (US & Canada),[],#Coachella2015,,,,,,,,[],#Coachella2015,,,,,,,
negative,yes,mizary,0,Maybe I'm too old but the  lineup doesn't excite me in the least.,"[39.2866876, -84.5489338]",1/6/15 12:31,5.52563e+17,"Cincinnati, OH",Eastern Time (US & Canada),[],#Coachella2015,,,,,,,,[],#Coachella2015,,,,,,,
negative,yes,Manu_Spartan_,0,Idk I feel like last years line up was live,,1/6/15 12:30,5.52563e+17,,Eastern Time (US & Canada),[],#Coachella2015,,,,,,,,[],#Coachella2015,,,,,,,
negative,yes,BarraganNoel,0,Coachella lineup is weak.,,1/6/15 12:29,5.52563e+17,,,[],#Coachella2015,,,,,,,,[],#Coachella2015,,,,,,,
negative,yes,Stinnnna_,0,And ACDC wtf ________,,1/6/15 12:27,5.52562e+17,,Arizona,[],#Coachella2015,,,,,,,,[],#Coachella2015,,,,,,,
negative,yes,NoraHaroonian,0,"Was waiting for  or at least  to be somewhere on the  lineup - But alas, it sucks, yet again","[34.03179158, -118.38445597]",1/6/15 12:26,5.52562e+17,,Pacific Time (US & Canada),[],#Coachella2015,,,,,,,,[],#Coachella2015,,,,,,,
negative,yes,imamastodon,0,Haha!! Those morons that bought tickets to  only artist I would pay for is,,1/6/15 12:24,5.52561e+17,,Arizona,[],#Coachella2015,,,,,,,,[],#Coachella2015,,,,,,,
negative,yes,_LeifDanielle,0,ACDC nd jack white at ?? Excuse me while I go cry. ____   need to go so bad!! Def watching online this yr,,1/6/15 12:23,5.52561e+17,"I'm a gypsy,really. ",Eastern Time (US & Canada),[],#Coachella2015,,,,,,,,[],#Coachella2015,,,,,,,
negative,yes,phenomfarmer,0,Hey guess what? You'll never catch me  with all those dusty-ass motherfuckers.,,1/6/15 12:23,5.52561e+17,"Strong Beach, CA",,[],#EwDude,#Coachella2015,,,,,,,[],#EwDude,#Coachella2015,,,,,,
negative,yes,fabulouschic13,0,So pissed I won't at the desert this year,,1/6/15 12:21,5.52561e+17,Trinidad and Tobago,Quito,[],#Coachella2015,,,,,,,,[],#Coachella2015,,,,,,,
negative,yes,MeghannOwenss,0,: The lineup is here!   ugh my day is full of sadness now,,1/6/15 12:20,5.5256e+17,"Aggieland, TX ",,[],#Coachella2015,,,,,,,,[],#Coachella2015,,,,,,,
negative,yes,robertosmind,0,"its Friday isn't bad,  is awkward. You just expect more out of  because of its status as a festival.",,1/6/15 12:19,5.5256e+17,Indianapolis,Central Time (US & Canada),[],#Coachella2015,,,,,,,,[],#Coachella2015,,,,,,,
negative,yes,anhnguy3n,0,Lineup's out!,,1/6/15 12:17,5.5256e+17,"San Francisco, CA",Pacific Time (US & Canada),[],#Coachella2015,#coachellalineup,,,,,,,[],#Coachella2015,#coachellalineup,,,,,,
negative,yes,FreeKingBizzle,0,this is why beliebers and directioners run Twitter hands down,,1/6/15 12:16,5.52559e+17,,,[],#JustinWereReady,#Coachella2015,,,,,,,[],#JustinWereReady,#Coachella2015,,,,,,
negative,yes,Andhakaara,0,Worst lineup ever.,,1/6/15 12:15,5.52559e+17,Lithuania,Vilnius,[],#Coachella2015,,,,,,,,[],#Coachella2015,,,,,,,
negative,yes,Pat_Garyantes3,0,doesn't even look impressive to me lol,"[39.72115247, -75.68010309]",1/6/15 12:14,5.52559e+17,pike creek delaware,Mid-Atlantic,[],#Coachella2015,,,,,,,,[],#Coachella2015,,,,,,,
negative,yes,DayManNate,0,go home you're drunk! Who the fuck is honestly trying to see AC/DC? AND STEELY DAN? WHAT THE FUCK!?!?!,,1/6/15 12:09,5.52558e+17,New England,Quito,[],#Coachella2015,,,,,,,,[],#Coachella2015,,,,,,,
negative,yes,RupertEdmund,0,Its a sad day when Ghostface &amp; Raekwon are lower on the bill than Azealia Banks,,1/6/15 12:09,5.52558e+17,Birmingham ,Casablanca,[],#Coachella2015,,,,,,,,[],#Coachella2015,,,,,,,
negative,yes,chabechiva,1,RT : have to say am not overly impressed with this years  line up,,1/6/15 12:08,5.52557e+17,,Central Time (US & Canada),[],#Coachella2015,,,,,,,,[],#Coachella2015,,,,,,,
negative,yes,billsanidiot,0,Coachella lineup is very disappointing this year. No Hall and Oates? No Phil Collins? No  ?,,1/6/15 12:06,5.52557e+17,fantasy land frat house,,[],#dontyoueversay,#Coachella2015,,,,,,,[],#dontyoueversay,#Coachella2015,,,,,,
negative,yes,yung_ratchett,0,Official lineup... This one is a little better still not that impressed,,1/6/15 12:06,5.52557e+17,Houstatlantavegas,Central Time (US & Canada),[],#Coachella2015,,,,,,,,[],#Coachella2015,,,,,,,
negative,yes,womeldw,0,Why the fuck is AC/DC headlining ? What year is this?,,1/6/15 12:06,5.52557e+17,Kansas City,Central Time (US & Canada),[],#Coachella2015,,,,,,,,[],#Coachella2015,,,,,,,
negative,yes,UncleRamz,0,Just looked at the  lineup. I wouldn't have been able to sing along to any song.,,1/6/15 12:06,5.52557e+17,Africa is my home,Pretoria,[],#Coachella2015,,,,,,,,[],#Coachella2015,,,,,,,
negative,yes,MrKym16,0,This year line up for Coachella ____________,,1/6/15 12:06,5.52557e+17,,Atlantic Time (Canada),[],#NoThankYou,#Coachella2015,,,,,,,[],#NoThankYou,#Coachella2015,,,,,,
negative,yes,jackvdutton,0,Couldn't be less excited about the  headliners.,,1/6/15 12:06,5.52557e+17,London,London,[],#Coachella2015,,,,,,,,[],#Coachella2015,,,,,,,
negative,yes,Alasset,0,"Not overly stoked on the lineup, but it could be worse.",,1/6/15 12:04,5.52556e+17,CA,Pacific Time (US & Canada),[],#Coachella2015,,,,,,,,[],#Coachella2015,,,,,,,
negative,yes,ANDREW0675,1,have to say am not overly impressed with this years  line up,"[0.0, 0.0]",1/6/15 12:04,5.52556e+17,"Reading, England",London,[],#Coachella2015,,,,,,,,[],#Coachella2015,,,,,,,
negative,yes,VicV10,0,AC/DC as a headliner for ? I'm at a loss for words. It USED to be such a rad music fest. What happened?  :(,,1/6/15 12:04,5.52556e+17,SF CA,Pacific Time (US & Canada),[],#Coachella2015,,,,,,,,[],#Coachella2015,,,,,,,
negative,yes,ttaylorhunterr,0,I just wanna know why it's necessary for AC/DC to be at,,1/6/15 12:02,5.52556e+17,sunshine coast/vancouver ,Pacific Time (US & Canada),[],#Coachella2015,,,,,,,,[],#Coachella2015,,,,,,,
negative,yes,c_gunderson7,3,lineup is unbelievably weak.,,1/6/15 12:01,5.52556e+17,,Mountain Time (US & Canada),[],#Coachella2015,,,,,,,,[],#Coachella2015,,,,,,,
negative,yes,BobbyBrutality,0,"line up is weak , a couple good acts here and there butttt for the most part wack ! Pass.",,1/6/15 12:00,5.52555e+17,Las Vegas,Pacific Time (US & Canada),[],#Coachella2015,,,,,,,,[],#Coachella2015,,,,,,,
negative,yes,BornForKris,0,Not enough good artists are going _,,1/6/15 11:58,5.52555e+17,robsten ship/paramore,Eastern Time (US & Canada),[],#coachella2015,,,,,,,,[],#coachella2015,,,,,,,
negative,yes,DeadAxS,0,Kinda surprised all my friends are saying no thanks coachella. Im saying it too. But wow.,"[0.0, 0.0]",1/6/15 11:58,5.52555e+17,"Temecula, Ca",Pacific Time (US & Canada),[],#Coachella2015,,,,,,,,[],#Coachella2015,,,,,,,
negative,yes,JeffBartha,0,Really bummed Michael Bolton isn't on the  lineup.,,1/6/15 11:57,5.52555e+17,"West Hollywood, CA",Pacific Time (US & Canada),[],#Coachella2015,,,,,,,,[],#Coachella2015,,,,,,,
negative,yes,kosherxsalt,0,The  lineup is total garbage again. That's cool.,"[37.76226567, -122.43977171]",1/6/15 11:54,5.52554e+17,San Francisco. ,Alaska,[],#Coachella2015,,,,,,,,[],#Coachella2015,,,,,,,
negative,yes,_itsyayi,0,Some pretty sick bands are going to be at  however im not about to pay all of that $$$,,1/6/15 11:54,5.52554e+17,,Alaska,[],#Coachella2015,,,,,,,,[],#Coachella2015,,,,,,,
negative,yes,GirthRadio,0,The three headliners seem safe and predictable and kinda boring.,,1/6/15 11:53,5.52553e+17,"Pacific Junction Hotel,Toronto",,[],#Coachella2015,#coachellalineup,,,,,,,[],#Coachella2015,#coachellalineup,,,,,,
negative,yes,rbassilian,0,Fucking DRAKE!? Are you fucking kidding me??,,1/6/15 11:49,5.52553e+17,Los Angeles,Pacific Time (US & Canada),[],#Coachella2015,,,,,,,,[],#Coachella2015,,,,,,,
negative,yes,yammyyam_,3,Holy shiiiiit ___,,1/6/15 11:49,5.52552e+17,,Central Time (US & Canada),[],#Coachella2015,,,,,,,,[],#Coachella2015,,,,,,,
negative,yes,xoxodizzyd,0,Coachella has a weak ass line up this year. Not worth it!,,1/6/15 11:48,5.52552e+17,,,[],#sorrynotsorry,#Coachella2015,,,,,,,[],#sorrynotsorry,#Coachella2015,,,,,,
negative,yes,Guapo__Flacko,0,That  lineup though ________________,,1/6/15 11:47,5.52552e+17,"Phoenix, AZ",Central Time (US & Canada),[],#Coachella2015,,,,,,,,[],#Coachella2015,,,,,,,
negative,yes,MJPimpson,0,I know one place I won't be going this year.,,1/6/15 11:45,5.52552e+17,RVA,Eastern Time (US & Canada),[],#Coachella2015,,,,,,,,[],#Coachella2015,,,,,,,
negative,yes,slizzzie_,0,babe y rnt u on the list  )-:,"[39.92695969, -86.2192044]",1/6/15 11:43,5.52551e+17,*__*__*,Quito,[],#Coachella2015,,,,,,,,[],#Coachella2015,,,,,,,
negative,yes,Donny2Real,0,"NEVER TRYING TO PUT THAT MANY BLACK ARITST ON THE EVENT ! 

PLEASE TELL ME HOW MANY THEY HAVE THIS YEAR ?",,1/6/15 11:42,5.52551e+17,HayliMair,Pacific Time (US & Canada),[],#Coachella2015,#Coachella,,,,,,,[],#Coachella2015,#Coachella,,,,,,
negative,yes,bebemocha,0,I don't know who's going to be more horrified at Coachella this year- the 17 year olds watching Steely Dan or Steely Dan,,1/6/15 11:41,5.52551e+17,,Pacific Time (US & Canada),[],#Coachella2015,,,,,,,,[],#Coachella2015,,,,,,,
negative,yes,JDangerJackson,0,A few cool acts here and there but overall pretty meh. Another year that I'm not really bummed out I'll be missing.,,1/6/15 11:41,5.52551e+17,"Pasadena, CA",Pacific Time (US & Canada),[],#coachella2015,,,,,,,,[],#coachella2015,,,,,,,
negative,yes,tijuanera,0,So perplexed about  headlining . WTF?  Hella psyched  and  coming back!,,1/6/15 11:38,5.5255e+17,"San Francisco, CA",Pacific Time (US & Canada),[],#Drake,#Coachella,#Coachella2015,,,,,,[],#Drake,#Coachella,#Coachella2015,,,,,
negative,yes,kevi0417,0,Not impressed with the coachella line up this year!,"[33.80749256, -118.19932322]",1/6/15 11:38,5.5255e+17,"Long Beach, CA",Pacific Time (US & Canada),[],#Coachella2015,#coachellafail,#wth,,,,,,[],#Coachella2015,#coachellafail,#wth,,,,,
negative,yes,RexDetiger,0,still kinda underwhelmed by this lineup tho,,1/6/15 11:35,5.52549e+17,NYC,Eastern Time (US & Canada),[],#Coachella2015,,,,,,,,[],#Coachella2015,,,,,,,
negative,yes,JonBausman,0,"Ah man, that's a bummer! Caleb and I have been training for it.",,1/6/15 11:33,5.52549e+17,"Indianapolis, Indiana",Quito,[],#coachella2015,,,,,,,,[],#coachella2015,,,,,,,
negative,yes,Lainey_Loe,1,RT : I could see the like 7 good bands playing coachella all individually and still have money left over _ _,,1/6/15 11:32,5.52548e+17,,,[],#notworthitthisy,,,,,,,,[],#notworthitthisy,,,,,,,
negative,yes,BobsTogs,0,Not even impressed and not just bitter....,,1/6/15 11:30,5.52548e+17,M-Town,,[],#Coachella2015,,,,,,,,[],#Coachella2015,,,,,,,
negative,yes,whyamisofablol,0,The Coachella line up this year is Really bad apart from a good few bands and artists but ohmygod,,1/6/15 11:29,5.52548e+17,,Amsterdam,[],#Coachella2015,,,,,,,,[],#Coachella2015,,,,,,,
negative,yes,ProfDauber,0,"Coachella 2015 kicks-off on 

( is near Palm Springs)
 
 
cc",,1/6/15 11:29,5.52547e+17,Los Angeles,Pacific Time (US & Canada),[],#coachella,#Coachella2015,,,,,,,[],#coachella,#Coachella2015,,,,,,
negative,yes,iamstuartarias,0,Not enough latin artists,,1/6/15 11:29,5.52547e+17,Costa Rica,Mountain Time (US & Canada),[],#Coachella2015,,,,,,,,[],#Coachella2015,,,,,,,
negative,yes,tomteotico,0,"Coachella, not the greatest lineup. They could do better.",,1/6/15 11:28,5.52547e+17,,Pacific Time (US & Canada),[],#coachella,#Coachella2015,#coachellalineup,,,,,,[],#coachella,#Coachella2015,#coachellalineup,,,,,
negative,yes,1jennylane,0,I wonder how many people are selling their  tickets now that the lineup is out,,1/6/15 11:28,5.52547e+17,Los Angeles,Arizona,[],#Coachella2015,#awful,#nothanks,#drake,#no,,,,[],#Coachella2015,#awful,#nothanks,#drake,#no,,,
negative,yes,818valleygirlll,1,I could see the like 7 good bands playing coachella all individually and still have money left over _,,1/6/15 11:25,5.52547e+17,Los Angeles,Pacific Time (US & Canada),[],#notworthitthisyear,#coachella2015,,,,,,,[],#notworthitthisyear,#coachella2015,,,,,,
negative,yes,WreckinRod,1,RT : I don't wanna waste my drugs on ACDC.,,1/6/15 11:25,5.52547e+17,/v/,Pacific Time (US & Canada),[],#Coachella2015,,,,,,,,[],#Coachella2015,,,,,,,
negative,yes,xblackhole_,0,Hipsters must be proud of themselves...,,1/6/15 11:24,5.52546e+17,Lost,Pacific Time (US & Canada),[],#Coachella2015,#No,,,,,,,[],#Coachella2015,#No,,,,,,
negative,yes,sarah_shum,0,fuck me,,1/6/15 11:22,5.52546e+17,,Central Time (US & Canada),[],#Coachella2015,,,,,,,,[],#Coachella2015,,,,,,,
negative,yes,drgarwood,0,"A band that shouldn't be alive, a guy who looks dead and...eyebrows that started from the bottom and never stopped.",,1/6/15 11:22,5.52546e+17,,Pacific Time (US & Canada),[],#Coachella2015,,,,,,,,[],#Coachella2015,,,,,,,
negative,yes,sirvancelott,0,lineup released. Looks like I'm not going... AC/DC headlining?,,1/6/15 11:21,5.52546e+17,California,,[],#Coachella2015,#BreakingNews,,,,,,,[],#Coachella2015,#BreakingNews,,,,,,
negative,yes,TacoJones23,1,RT : We out,,1/6/15 11:21,5.52546e+17,,,[],#Coachella2015,,,,,,,,[],#Coachella2015,,,,,,,
negative,yes,ROCKthusiast,0,"My phone sucks for examining the  poster - So Jack White is on, but not The Dead Weather? How 'bout Eagles of Death Metal?",,1/6/15 11:21,5.52546e+17,"Toronto, ON",Eastern Time (US & Canada),[],#Coachella2015,,,,,,,,[],#Coachella2015,,,,,,,
negative,yes,__babbo,0,Other than that I'm actually happy the lineup isn't as good as last year lol,,1/6/15 11:21,5.52545e+17,,Mountain Time (US & Canada),[],#coachella2015,,,,,,,,[],#coachella2015,,,,,,,
negative,yes,ilovefalsemetal,0,Is anyone stressing that AC/DC &amp; Steely Dan's set times might overlap?,,1/6/15 11:21,5.52545e+17,"Los Angeles, CA",Pacific Time (US & Canada),[],#Coachella2015,,,,,,,,[],#Coachella2015,,,,,,,
negative,yes,emily_powell122,1,Time to alien the FUCK out ____________________________________________________________________________________________________________________ __________,,1/6/15 11:21,5.52545e+17,,Pacific Time (US & Canada),[],#Coachella2015,,,,,,,,[],#Coachella2015,,,,,,,
negative,yes,moneymichael719,0,The lineup for   looks hella wreak compared to last years! But then again how could u top Outkast?,,1/6/15 11:17,5.52545e+17,Dollorado Springs n Denver ,Mountain Time (US & Canada),[],#Coachella2015,,,,,,,,[],#Coachella2015,,,,,,,
negative,yes,mikedamante,0,"90% of the  lineup is just a big, hipster mess.",,1/6/15 11:16,5.52544e+17,,Central Time (US & Canada),[],#Coachella2015,,,,,,,,[],#Coachella2015,,,,,,,
negative,yes,ChrisHID,0,I might be the only person in the world who doesn't like a single band playing,,1/6/15 11:16,5.52544e+17,"San Jose, CA ",,[],#Coachella2015,,,,,,,,[],#Coachella2015,,,,,,,
negative,yes,amymbalducci,0,": : That  lineup tho 
Allow how the Weeknd are playing and it's in cali___",,1/6/15 11:15,5.52544e+17,NorthLondon,London,[],#Coachella2015,,,,,,,,[],#Coachella2015,,,,,,,
negative,yes,andrealouj,0,PLEASEEEEEEEEEEEEEEEE :(,,1/6/15 11:13,5.52544e+17,,Eastern Time (US & Canada),[],#Coachella2015,,,,,,,,[],#Coachella2015,,,,,,,
negative,yes,itsmelbetty,0,I don't have enough money to go.,,1/6/15 11:13,5.52544e+17,Per,Eastern Time (US & Canada),[],#Coachella2015,,,,,,,,[],#Coachella2015,,,,,,,
negative,yes,sad_tota_4,0,Follow francaise lebanese Lea Makhoul in instagram ____   LeaMakhoul,,1/6/15 11:12,5.52543e+17,,Nairobi,[],#fashion,#France,#Coachella2015,,,,,,[],#fashion,#France,#Coachella2015,,,,,
negative,yes,Trockchalk,0,..with that lineup..No thank you!_,,1/6/15 11:11,5.52543e+17,~ Earth ~ ,Central Time (US & Canada),[],#Coachella2015,,,,,,,,[],#Coachella2015,,,,,,,
negative,yes,Devo_Lotti,0,Not too sure about this Coachella lineup. Looks a little weak,,1/6/15 11:10,5.52543e+17,The Triangle,Eastern Time (US & Canada),[],#Coachella2015,,,,,,,,[],#Coachella2015,,,,,,,
negative,yes,thekevinryder,1,"Really disappointed ""Ku Klux Clown"" is missing.",,1/6/15 11:09,5.52543e+17,,Pacific Time (US & Canada),[],#coachella2015,,,,,,,,[],#coachella2015,,,,,,,
negative,yes,PartiPants27,0,Who goes to  to see  the Band? Why go thru all that trouble?,"[33.86653797, -118.0584323]",1/6/15 11:06,5.52542e+17,"Los Angeles / South Bay, CA",Pacific Time (US & Canada),[],#Coachella2015,#Interpol,,,,,,,[],#Coachella2015,#Interpol,,,,,,
negative,yes,MazzyK,0,Trying to be excited about  but I need to go get my glasses to read the line-up :(,,1/6/15 11:06,5.52542e+17,"Dublin, Ireland",Dublin,[],#Coachella2015,,,,,,,,[],#Coachella2015,,,,,,,
negative,yes,rhaic,0,azealia banks no ? who is azealia?,,1/6/15 11:06,5.52542e+17,,Santiago,[],#coachella2015,,,,,,,,[],#coachella2015,,,,,,,
negative,yes,ChrisWelch1990,0,Just seen the Coachella line up. A bit disappointing,,1/6/15 11:04,5.52541e+17,,Amsterdam,[],#Coachella2015,,,,,,,,[],#Coachella2015,,,,,,,
negative,yes,Maaandeeeee,0,: Who's responsible... ___,,1/6/15 11:04,5.52541e+17,its hard out here for a pimp,Eastern Time (US & Canada),[],#Coachella2015,,,,,,,,[],#Coachella2015,,,,,,,
negative,yes,_MooreAngelic,1,The  line up ____,,1/6/15 11:03,5.52541e+17,,Mountain Time (US & Canada),[],#Coachella2015,,,,,,,,[],#Coachella2015,,,,,,,
negative,yes,devwarbeats,1,line up looks weak,,1/6/15 11:03,5.52541e+17,,Alaska,[],#Coachella2015,,,,,,,,[],#Coachella2015,,,,,,,
negative,yes,biancadzn,0,Why is Arctic Monkeys not part of this line-up...........,,1/6/15 11:03,5.52541e+17,CA,Pacific Time (US & Canada),[],#Coachella2015,,,,,,,,[],#Coachella2015,,,,,,,
negative,yes,ShelbeyMonae,0,RT : LMFAO!!! RT : Who's responsible... ___,,1/6/15 11:02,5.52541e+17,Jersey,Quito,[],#Coachella2015,,,,,,,,[],#Coachella2015,,,,,,,
negative,yes,teerodd,0,Only care about Interpol and Drake tbh. __,,1/6/15 11:02,5.52541e+17,Los Angeles,Arizona,[],#Coachella2015,,,,,,,,[],#Coachella2015,,,,,,,
negative,yes,Legendgirly,0,so many  fans sad to see  instead at,,1/6/15 11:02,5.52541e+17,In the Wind ,Pacific Time (US & Canada),[],#jacku,#jackwhite,#Coachella2015,,,,,,[],#jacku,#jackwhite,#Coachella2015,,,,,
negative,yes,forthehome5225,0,Whos responsible... ___  __,,1/6/15 11:01,5.52541e+17,,,[],#Coachella2015,,,,,,,,[],#Coachella2015,,,,,,,
negative,yes,asgard_for,0,"Whos responsible... ___  

Lmaaaaooooo",,1/6/15 11:01,5.52541e+17,,,[],#Coachella2015,,,,,,,,[],#Coachella2015,,,,,,,
negative,yes,things_haha,0,Whos responsible... ___   _,,1/6/15 11:01,5.5254e+17,,,[],#Coachella2015,,,,,,,,[],#Coachella2015,,,,,,,
negative,yes,nicolegafare,0,Kinda disappointed in the Coachella line up again this year. All I want is an epic line up like 2011. _,"[33.85250686, -118.00324204]",1/6/15 11:01,5.5254e+17,California,Pacific Time (US & Canada),[],#coachella,#Coachella2015,,,,,,,[],#coachella,#Coachella2015,,,,,,
negative,yes,asia9327,0,Whos responsible... ___  ________,,1/6/15 11:01,5.5254e+17,,,[],#Coachella2015,,,,,,,,[],#Coachella2015,,,,,,,
negative,yes,awesome_dot,0,Whos responsible... ___   ________,,1/6/15 11:01,5.5254e+17,,,[],#Coachella2015,,,,,,,,[],#Coachella2015,,,,,,,
negative,yes,had8001,0,Whos responsible... ___  ________,,1/6/15 11:01,5.5254e+17,,,[],#Coachella2015,,,,,,,,[],#Coachella2015,,,,,,,
negative,yes,deliysiasmithx,0,""": The lineup is here!   wouldn't mind going here _",,1/6/15 11:01,5.5254e+17,Issaac Austin Smith_,Alaska,[],#Coachella2015,,,,,,,,[],#Coachella2015,,,,,,,
negative,yes,animallove7639,0,Whos responsible... ___  ______,,1/6/15 11:00,5.5254e+17,,,[],#Coachella2015,,,,,,,,[],#Coachella2015,,,,,,,
negative,yes,namewhichismine,0,"Not too impressed with  lineup. But Florence, brand new, and circa survive on the same day? Damnnnnn..",,1/6/15 11:00,5.5254e+17,NJ/NYC,Eastern Time (US & Canada),[],#Coachella2015,,,,,,,,[],#Coachella2015,,,,,,,
negative,yes,seen_of,0,RT Whos responsible... ___,,1/6/15 11:00,5.5254e+17,,,[],#Coachella2015,,,,,,,,[],#Coachella2015,,,,,,,
negative,yes,shoes5232,0,Whos responsible... ___   imagine lmfao,,1/6/15 11:00,5.5254e+17,,,[],#Coachella2015,,,,,,,,[],#Coachella2015,,,,,,,
negative,yes,danicayeahh,0,headliners were all predictable,,1/6/15 11:00,5.5254e+17,Sydney,Sydney,[],#Coachella2015,,,,,,,,[],#Coachella2015,,,,,,,
negative,yes,whippersnappn,0,Not this year    __ @ Coachella Music And Arts Festival,"[34.12120356, -118.13471848]",1/6/15 10:59,5.5254e+17,,,[],#coachella,#coachella2015,#notimpressed,,,,,,[],#coachella,#coachella2015,#notimpressed,,,,,
negative,yes,shanteekpanteek,0,take  off the lineup and put  in!,,1/6/15 10:58,5.5254e+17,LA,Arizona,[],#Coachella2015,,,,,,,,[],#Coachella2015,,,,,,,
negative,yes,303Squintz,0,Save your money for  instead of,,1/6/15 10:58,5.5254e+17,,Mountain Time (US & Canada),[],#Coachella2015,,,,,,,,[],#Coachella2015,,,,,,,
negative,yes,Dale619er,0,"Only good thing to come out of  Is Interpol,St Vincent and Run the Jewels",,1/6/15 10:58,5.5254e+17,England,London,[],#Coachella2015,,,,,,,,[],#Coachella2015,,,,,,,
negative,yes,londyramirez,0,"I little bit disappointed, but the first day is gonna be amazing!!",,1/6/15 10:57,5.5254e+17,Guatemalan living in Miami,,[],#Coachella,#coachella2015,#lineup,,,,,,[],#Coachella,#coachella2015,#lineup,,,,,
negative,yes,t_laureen,0,Drake as one of the headliners at  ? Used to like him until I saw him perform on stage,,1/6/15 10:57,5.52539e+17,,Hawaii,[],#coachella2015,#boring,,,,,,,[],#coachella2015,#boring,,,,,,
negative,yes,mher824,1,"Nobody I really planned to see, ever.",,1/6/15 10:56,5.52539e+17,,Pacific Time (US & Canada),[],#Coachella2015,,,,,,,,[],#Coachella2015,,,,,,,
negative,yes,KIQUE_323,0,*cries*,,1/6/15 10:55,5.52539e+17,UCR 17',,[],#Coachella2015,,,,,,,,[],#Coachella2015,,,,,,,
negative,yes,_lauren_alvarez,0,is headlining !!,,1/6/15 10:54,5.52539e+17,"Los Angeles, CA",Pacific Time (US & Canada),[],#dying,#Coachella2015,#nodebatethisyear,,,,,,[],#dying,#Coachella2015,#nodebatethisyear,,,,,
negative,yes,kirsch_samantha,0,Really wanted to go to  this year...until I saw the lineup. _,,1/6/15 10:54,5.52539e+17,,Eastern Time (US & Canada),[],#coachella2015,,,,,,,,[],#coachella2015,,,,,,,
negative,yes,RedEyesJr,0,There's Like Only 20 Artist I'd Care To See On The  Line Up... Not Worth It Though__,,1/6/15 10:52,5.52538e+17,"Eastvale, California",Pacific Time (US & Canada),[],#Coachella2015,,,,,,,,[],#Coachella2015,,,,,,,
negative,yes,stephasy,0,Meh. Lineup is only so so.  Lineup Announced  via,,1/6/15 10:52,5.52538e+17,NYC for now but CA dreamin',Eastern Time (US & Canada),[],#Coachella2015,,,,,,,,[],#Coachella2015,,,,,,,
negative,yes,addrriiaannaaaa,0,Soo disappointed in Coachella's lineup ______,,1/6/15 10:51,5.52538e+17,,Pacific Time (US & Canada),[],#thisyearsucks,#coachella2015,#disappointed,,,,,,[],#thisyearsucks,#coachella2015,#disappointed,,,,,
negative,yes,_joyceissuper,0,I'm hyperventilating. ANDREW MCMAHON?!?!?!?!,,1/6/15 10:51,5.52538e+17,"New York, NY",Eastern Time (US & Canada),[],#coachella,#Coachella2015,,,,,,,[],#coachella,#Coachella2015,,,,,,
negative,yes,edguy52,0,was seriously considering going to  this year after so much hype. most random line up ever,,1/6/15 10:51,5.52538e+17,Los Angeles,,[],#nothanks,#Coachella2015,,,,,,,[],#nothanks,#Coachella2015,,,,,,
negative,yes,thekevinryder,0,"Wait. No ""Subterranean Bearded Women of the Moscow Underground?""",,1/6/15 10:49,5.52537e+17,,Pacific Time (US & Canada),[],#coachella2015,,,,,,,,[],#coachella2015,,,,,,,
negative,yes,CharlieAdrien,0,LMFAO!!! RT : Who's responsible... ___,,1/6/15 10:49,5.52537e+17,Nearest Park Bench,Eastern Time (US & Canada),[],#Coachella2015,,,,,,,,[],#Coachella2015,,,,,,,
negative,yes,ivandepmm,0,: Who's responsible... ___   ________,,1/6/15 10:48,5.52537e+17,Miami ,Atlantic Time (Canada),[],#Coachella2015,,,,,,,,[],#Coachella2015,,,,,,,
negative,yes,JordannaJay,0,Who I am supposed to get excited about music with now __,"[34.16712129, -118.32049406]",1/6/15 10:47,5.52537e+17,,,[],#coachella2015,,,,,,,,[],#coachella2015,,,,,,,
negative,yes,TopherSheerin,0,Im not to thrilled about the  lineup but I'm excited for festival season. I really want to go to a festival this year!,,1/6/15 10:46,5.52537e+17,PA,Eastern Time (US & Canada),[],#coachella2015,,,,,,,,[],#coachella2015,,,,,,,
negative,yes,ambermood,0,ACDC. J.White. . ___,,1/6/15 10:46,5.52537e+17,"Russia, Moscow",Moscow,[],#Coachella2015,,,,,,,,[],#Coachella2015,,,,,,,
negative,yes,melgetsbuck,0,Biggest letdown of 2015 = the coachella lineup.,,1/6/15 10:46,5.52537e+17,Huntington Beach/LA/Thailand,Bangkok,[],#coachella,#coachella2015,#yikes,,,,,,[],#coachella,#coachella2015,#yikes,,,,,
negative,yes,cmuro12,0,why drake as a closer?! __ everything else is the _ though!,,1/6/15 10:46,5.52537e+17,"West Covina, CA",,[],#Coachella2015,,,,,,,,[],#Coachella2015,,,,,,,
negative,yes,Tim_Sanchez,0,Friday Night kicks ass!!! Saturday and Sunday are ehhhh,,1/6/15 10:45,5.52536e+17,Los Angeles,Pacific Time (US & Canada),[],#Coachella2015,,,,,,,,[],#Coachella2015,,,,,,,
negative,yes,DAVEKUSH,0,"Go home  lineup, you're drunk.","[40.78381161, -73.97174417]",1/6/15 10:41,5.52535e+17,"Upper West Side, New York City",Central Time (US & Canada),[],#Coachella2015,,,,,,,,[],#Coachella2015,,,,,,,
negative,yes,baylsxoxo,4,RT : SHUT UP,,1/6/15 10:40,5.52535e+17,,,[],#Coachella2015,,,,,,,,[],#Coachella2015,,,,,,,
negative,yes,joe_paiz,7,I'm honestly pretty disappointed by the  lineup man. Might have to do  instead...,,1/6/15 10:40,5.52535e+17,East Bay,Pacific Time (US & Canada),[],#Coachella2015,,,,,,,,[],#Coachella2015,,,,,,,
negative,yes,LeaLamprecht,0,Haters are about to get real quiet when everyone sees how sick  is live,,1/6/15 10:39,5.52535e+17,SF _Zurich _LA,Alaska,[],#Coachella2015,,,,,,,,[],#Coachella2015,,,,,,,
negative,yes,TCappers,0,The  lineup is very weak. And how Kasabian are that far down the pecking order I will never understand.,,1/6/15 10:38,5.52535e+17,Bolton,,[],#Coachella2015,,,,,,,,[],#Coachella2015,,,,,,,
negative,yes,1st_n_fl1ght,0,line up is weak as fuck.,,1/6/15 10:37,5.52534e+17,Tx  LA ,Eastern Time (US & Canada),[],#Coachella2015,,,,,,,,[],#Coachella2015,,,,,,,
negative,yes,kuisforlovers11,0,Really drake at Coachella. Hmmm interesting.,,1/6/15 10:37,5.52534e+17,,,[],#coachella2015,,,,,,,,[],#coachella2015,,,,,,,
negative,yes,cynthiasaysyo,0,WTF Nero is the ONLY dubstep...,,1/6/15 10:35,5.52534e+17,where you want to be,Eastern Time (US & Canada),[],#Coachella2015,,,,,,,,[],#Coachella2015,,,,,,,
negative,yes,BenjaminPrune,0,: Where are The Strokes?,,1/6/15 10:35,5.52534e+17,Paris,,[],#Coachella2015,,,,,,,,[],#Coachella2015,,,,,,,
negative,yes,jus10p,0,"?  I guess Sunday is ""Just hold on were going home (early)""",,1/6/15 10:33,5.52533e+17,"Los Angeles, California",Pacific Time (US & Canada),[],#Drake,#Coachella2015,,,,,,,[],#Drake,#Coachella2015,,,,,,
negative,yes,itsmyan,0,lineup is kinda weak _ all I care for is Marina and the Diamonds + Madeon.,,1/6/15 10:33,5.52533e+17,honeymoon avenue,Eastern Time (US & Canada),[],#Coachella2015,,,,,,,,[],#Coachella2015,,,,,,,
negative,yes,mitchsurette,0,"Dear , find better headliners please.",,1/6/15 10:32,5.52533e+17,Los Angeles,Eastern Time (US & Canada),[],#Coachella,#Coachella2015,#coachellalineup,,,,,,[],#Coachella,#Coachella2015,#coachellalineup,,,,,
negative,yes,GaryZero,0,The  lineup with AC/DC and Steely Dan. All.I need to get excited about going again. Hmmm.,,1/6/15 10:30,5.52533e+17,,Pacific Time (US & Canada),[],#Coachella2015,,,,,,,,[],#Coachella2015,,,,,,,
negative,yes,missnighthawk,1,I hope Kanye is a surprise guest during Steely Dan. 18 year olds will think Steely Dan is going to be famous now bc of it,,1/6/15 10:28,5.52532e+17,STRAIGHT OUTTA LOCASH,Pacific Time (US & Canada),[],#Coachella2015,,,,,,,,[],#Coachella2015,,,,,,,
negative,yes,Lady_Astor,0,FUCKING DRAKE HEADLINING  ???? WTF,,1/6/15 10:28,5.52532e+17,Summerisle,Buenos Aires,[],#Coachella2015,,,,,,,,[],#Coachella2015,,,,,,,
negative,yes,LUCYrk78,0,"thoughts? I'm not as excited as I'd hoped I'd be, personally...",,1/6/15 10:27,5.52532e+17,Chicago,Pacific Time (US & Canada),[],#Coachella2015,#coachellalineup,,,,,,,[],#Coachella2015,#coachellalineup,,,,,,
negative,yes,melissa_jvettee,0,I'm gonna sit in a circle &amp; cry through all of  set,"[33.8792721, -117.87894563]",1/6/15 10:26,5.52532e+17,,Pacific Time (US & Canada),[],#coachella2015,,,,,,,,[],#coachella2015,,,,,,,
negative,yes,JayakaMrRager,0,Jack White tho!!  ______,"[33.80037032, -116.39316848]",1/6/15 10:24,5.52531e+17,DHS Coachella Valley RAGE. ,,[],#Coachella2015,#Rage,,,,,,,[],#Coachella2015,#Rage,,,,,,
negative,yes,GUMZ3,0,Oh shit the line up is out!,,1/6/15 10:24,5.52531e+17,"Oahu, Hawai'i",Hawaii,[],#coachella2015,,,,,,,,[],#coachella2015,,,,,,,
negative,yes,cocobassey,0,. at  is literally the only reason i want to go to... the rest of the line up is kind of a snooze.,,1/6/15 10:21,5.5253e+17,USA,Eastern Time (US & Canada),[],#coachella2015,#sorrynotsorry,,,,,,,[],#coachella2015,#sorrynotsorry,,,,,,
negative,yes,nbmorin,1,Anyone else not completely sold?,,1/6/15 10:21,5.5253e+17,SF // LA // NYC,Eastern Time (US & Canada),[],#Coachella2015,,,,,,,,[],#Coachella2015,,,,,,,
negative,yes,HellaBootsy,1,Recycled as fuck,,1/6/15 10:19,5.5253e+17,,Pacific Time (US & Canada),[],#Coachella2015,#Coachella,,,,,,,[],#Coachella2015,#Coachella,,,,,,
negative,yes,Bigtyrone22,0,Line up out already or is it fake like every other year!,,1/6/15 10:12,5.52528e+17,Big Bad Thermal,Alaska,[],#coachella2015,,,,,,,,[],#coachella2015,,,,,,,
negative,yes,gangstarich777,0,is a fersure thing _,,1/5/15 20:55,5.52328e+17,Sacramento CA,,[],#Coachella2015,,,,,,,,[],#Coachella2015,,,,,,,
cant tell,yes,camillaevans,0,might just cry looking at this line up,,1/7/15 14:02,5.52948e+17,"Ribble Valley,Uk",London,[],#Coachella2015,,,,,,,,[],#Coachella2015,,,,,,,
cant tell,yes,slopmaster00,0,"Mad S/o to  from Plaza De LA Raza to  the world is your stage, Ahora ay Bailar",,1/7/15 13:07,5.52935e+17,AboveTheCloudsInL.A.,Pacific Time (US & Canada),[],#Coachella2015,,,,,,,,[],#Coachella2015,,,,,,,
cant tell,yes,longlivetheband,0,Current mood.,,1/7/15 12:35,5.52927e+17,milan,,[],#Coachella,#Coachella2015,#me,,,,,,[],#Coachella,#Coachella2015,#me,,,,,
cant tell,yes,YES_IMA_BLASIAN,0,No one understands_,,1/7/15 12:09,5.5292e+17,,Atlantic Time (Canada),[],#Coachella2015,,,,,,,,[],#Coachella2015,,,,,,,
cant tell,yes,jackiebarbar,1,RT : How I feel about  this year,,1/7/15 11:58,5.52917e+17,,Hawaii,[],#Coachella2015,,,,,,,,[],#Coachella2015,,,,,,,
cant tell,yes,june_huston,0,Stressed,,1/7/15 11:54,5.52916e+17,,,[],#Coachella2015,,,,,,,,[],#Coachella2015,,,,,,,
cant tell,yes,jstjos,0,Anxiety level ridiculous _,,1/7/15 10:56,5.52902e+17,"Hella, Ca",Arizona,[],#Coachella2015,,,,,,,,[],#Coachella2015,,,,,,,
cant tell,yes,funnyordieHOF,1,RT : Lil Jon responds to the  line-up. Pretty funny!,,1/7/15 10:39,5.52897e+17,,Tijuana,[],#Coachella2015,,,,,,,,[],#Coachella2015,,,,,,,
cant tell,yes,slagosky,0,It's looking like Drake might be the Outkast of this year's festival circuit...,,1/7/15 10:06,5.52889e+17,"Toronto, Ontario",Eastern Time (US & Canada),[],#Coachella2015,#GovBall2015,,,,,,,[],#Coachella2015,#GovBall2015,,,,,,
cant tell,yes,DylanC98,0,Kim Jong Un's reaction to the   Lineup,,1/7/15 9:41,5.52883e+17,,,[],#Coachella2015,,,,,,,,[],#Coachella2015,,,,,,,
cant tell,yes,jordiesinclair,2,RT : When I saw Steely Dan and AC/DC on the  lineup I was like_,,1/7/15 8:50,5.5287e+17,,,[],#Coachella2015,,,,,,,,[],#Coachella2015,,,,,,,
cant tell,yes,johnstanley34,485,RT : Who's responsible... ___,,1/7/15 8:37,5.52867e+17,melbourne ,Brisbane,[],#Coachella2015,,,,,,,,[],#Coachella2015,,,,,,,
cant tell,yes,harksxpaulie,1,Will forever grieve for,,1/7/15 8:05,5.52859e+17,24/7 performer,Pacific Time (US & Canada),[],#Coachella2015,,,,,,,,[],#Coachella2015,,,,,,,
cant tell,yes,BuskberryG,0,"Watch ""Buskberry Grove"".        SHARE &amp; RT!!",,1/7/15 8:03,5.52858e+17,London ,,[],#buskberrygrove,#NowWatching,#nowplaying,#Coachella,#Coachella2015,#source,#tmz,,[],#buskberrygrove,#NowWatching,#nowplaying,#Coachella,#Coachella2015,#source,#tmz,
cant tell,yes,mrvasallo,0,THIS MAKES ME WANT TO KILL MYSELF,,1/7/15 7:03,5.52843e+17,,Alaska,[],#Coachella2015,,,,,,,,[],#Coachella2015,,,,,,,
cant tell,yes,AgusThachek,1,"RT : I  bleach / idk boutchuuuuu but dizzzzzZzz qttttttttt weady fo 
""Miley ir al Festival """,,1/7/15 7:00,5.52842e+17,,Brasilia,[],#coachella2015,#coachella2015,,,,,,,[],#coachella2015,#coachella2015,,,,,,
cant tell,yes,WorstLightskin,1,""": The lineup is here!  

Lil B",,1/7/15 5:44,5.52823e+17,,Eastern Time (US & Canada),[],#Coachella2015,,,,,,,,[],#Coachella2015,,,,,,,
cant tell,yes,nat_riverascott,0,Jungle en,,1/7/15 4:30,5.52804e+17,the twilight zone/Mexico,Central Time (US & Canada),[],#Coachella2015,,,,,,,,[],#Coachella2015,,,,,,,
cant tell,yes,chairyJelie,0,What kinda of crowd is  expecting? Dirty Metal Black Hippies?,,1/7/15 3:45,5.52793e+17,Never NeverLand ,Pacific Time (US & Canada),[],#Coachella2015,,,,,,,,[],#Coachella2015,,,,,,,
cant tell,yes,Tommy_H_87,0,How do Ride keep getting so high up on festival line ups? I am yet to met anyone who actually cares about Ride....,,1/7/15 2:42,5.52777e+17,London via Northampton,London,[],#Ride,#Coachella2015,,,,,,,[],#Ride,#Coachella2015,,,,,,
cant tell,yes,Justinsshun,0,I loved Khaleesi and Khal __,,1/7/15 1:51,5.52764e+17,,Stockholm,[],#mycalvins,#Coachella2015,#GameOfThrones,,,,,,[],#mycalvins,#Coachella2015,#GameOfThrones,,,,,
cant tell,yes,Fount3,0,I will do!!,,1/6/15 23:57,5.52736e+17,ALL OVER THE U.S.,,[],#Coachella2015,,,,,,,,[],#Coachella2015,,,,,,,
cant tell,yes,ElectricOso,1,"RT : Maybe there's still time to add the ""Jack-Officers.""",,1/6/15 23:04,5.52722e+17,,Arizona,[],#Coachella,#Coachella2015,,,,,,,[],#Coachella,#Coachella2015,,,,,,
cant tell,yes,ItsSaamara,0,"What I would only see this year,this years lineup_, and the lineup from when we didn't go",,1/6/15 22:48,5.52718e+17,Cali,Pacific Time (US & Canada),[],#Coachella2015,,,,,,,,[],#Coachella2015,,,,,,,
cant tell,yes,tessmorgan,0,Listening to the Coachella playlist on Spotify and trying to keep my cool...,,1/6/15 21:40,5.52701e+17,Orlando FL ,,[],#Coachella2015,#Spotify,,,,,,,[],#Coachella2015,#Spotify,,,,,,
cant tell,yes,electricslothed,0,Thotz?,,1/6/15 21:11,5.52694e+17,,Arizona,[],#Coachella,#Coachella2015,,,,,,,[],#Coachella,#Coachella2015,,,,,,
cant tell,yes,veeroh,3,RT : Lol word,,1/6/15 21:01,5.52691e+17,"Houston, TX",Eastern Time (US & Canada),[],#Coachella2015,,,,,,,,[],#Coachella2015,,,,,,,
cant tell,yes,robalonchess,48,RT : That  lineup tho,,1/6/15 20:09,5.52678e+17,cali,,[],#Coachella2015,,,,,,,,[],#Coachella2015,,,,,,,
cant tell,yes,funnygrrl,1,Drake headlining Coachella?! That's like The Zit Remedy headlining Glastonbury.,,1/6/15 19:55,5.52675e+17,YYC,Mountain Time (US & Canada),[],#Coachella2015,,,,,,,,[],#Coachella2015,,,,,,,
cant tell,yes,Paige_LA,0,. coachella Emoji artwork by     _,,1/6/15 18:26,5.52652e+17,Los Angeles via New Jersey,Pacific Time (US & Canada),[],#coachella,#coachella2015,#emojiart,,,,,,[],#coachella,#coachella2015,#emojiart,,,,,
cant tell,yes,KucheraKyndle,0,They could replace eye exam posters with  posters.,,1/6/15 18:23,5.52652e+17,www.facebook.com/kyndlekuchera,,[],#Cochella,#Coachella2015,#CochellaLineup,#MusicFest2015,#funnygirl,,,,[],#Cochella,#Coachella2015,#CochellaLineup,#MusicFest2015,#funnygirl,,,
cant tell,yes,lupcheong,1,GET OUT. The  lineup is insane.,,1/6/15 18:09,5.52648e+17,now.here,Singapore,[],#Coachella2015,,,,,,,,[],#Coachella2015,,,,,,,
cant tell,yes,MattSlappps,0,Coachella 2015 lineup is looking like 102.7 fm threw the concert __,,1/6/15 17:04,5.52632e+17,Gang,Pacific Time (US & Canada),[],#weakestyear,#fucktheradio,#Coachella2015,,,,,,[],#weakestyear,#fucktheradio,#Coachella2015,,,,,
cant tell,yes,AKOD,0,Kasabian has been relegated to the small kiddie pool but its gonna be an awesome kiddie pool,,1/6/15 16:53,5.52629e+17,PSN: Teh_AKOD,Mexico City,[],#Coachella2015,,,,,,,,[],#Coachella2015,,,,,,,
cant tell,yes,DonTrusTheSystm,0,That  line-up tho,,1/6/15 16:48,5.52628e+17,,,[],#Coachella2015,,,,,,,,[],#Coachella2015,,,,,,,
cant tell,yes,TheSweetBabyCP,0,The  should start a movement to get  to,"[38.42853607, -121.41756699]",1/6/15 15:25,5.52607e+17,Cupc_kes ,Pacific Time (US & Canada),[],#HoodieMob,#Coachella2015,,,,,,,[],#HoodieMob,#Coachella2015,,,,,,
cant tell,yes,alannahvinci,0,That  line up tho,,1/6/15 15:21,5.52606e+17,Melbourne,Melbourne,[],#Coachella2015,,,,,,,,[],#Coachella2015,,,,,,,
cant tell,yes,ChipsOhHoy,0,Where's the devil to sell your soul to when you need him?,,1/6/15 15:16,5.52605e+17,Univ. Of Keeping It Real,Eastern Time (US & Canada),[],#Coachella2015,,,,,,,,[],#Coachella2015,,,,,,,
cant tell,yes,CBCStephenQuinn,3,"Someone please stop  from reading aloud  comments. Seriously, stop her.",,1/6/15 14:27,5.52592e+17,Vancouver ,Pacific Time (US & Canada),[],#Coachella2015,,,,,,,,[],#Coachella2015,,,,,,,
cant tell,yes,JCruz067,0,Didn't the drummer from AC/DC just murder someone ? Lol,,1/6/15 14:04,5.52587e+17,,Pacific Time (US & Canada),[],#Coachella2015,,,,,,,,[],#Coachella2015,,,,,,,
cant tell,yes,CarmenVarner,0,"Y Moi at  ///     __
 VIEW HERE:  :]",,1/6/15 14:00,5.52586e+17,San Diego,Pacific Time (US & Canada),[],#Toro,#FYFFest,#fyf,#toroymoi,#misicfestival,#coachella,#Coachella2015,,[],#Toro,#FYFFest,#fyf,#toroymoi,#misicfestival,#coachella,#Coachella2015,
cant tell,yes,alexparkmall,1,RT : : RT : Who's responsible... ___,,1/6/15 13:59,5.52585e+17,SATX,Central Time (US & Canada),[],#Coachella2015,,,,,,,,[],#Coachella2015,,,,,,,
cant tell,yes,chelseamonet,0,s/o the primos  finna blow up   this year,,1/6/15 13:51,5.52583e+17,LA/The Bay/Vegas,Pacific Time (US & Canada),[],#Coachella2015,#Coachella,#soyraka,,,,,,[],#Coachella2015,#Coachella,#soyraka,,,,,
cant tell,yes,valitaoses,0,dying,,1/6/15 13:49,5.52583e+17,Via del Mar,Santiago,[],#Coachella2015,,,,,,,,[],#Coachella2015,,,,,,,
cant tell,yes,_A_Roach,0,"Coachella line up got me like. ,",,1/6/15 13:49,5.52583e+17,"Los Angeles, CA",Pacific Time (US & Canada),[],#coachella2015,#coachella,,,,,,,[],#coachella2015,#coachella,,,,,,
cant tell,yes,irenedaG,0,im so down...... __,,1/6/15 13:31,5.52578e+17,Where It's Forever Sunny ,Pacific Time (US & Canada),[],#Coachella2015,,,,,,,,[],#Coachella2015,,,,,,,
cant tell,yes,JaredLetou,2,Take me there and I marry you,,1/6/15 13:23,5.52576e+17,Mars - Leto lil' brother,Amsterdam,[],#Coachella2015,,,,,,,,[],#Coachella2015,,,,,,,
cant tell,yes,JStackssss,0,: Who's responsible... ___   this fooled me for like 5 seconds ____,,1/6/15 13:11,5.52573e+17,,,[],#Coachella2015,,,,,,,,[],#Coachella2015,,,,,,,
cant tell,yes,Ms_Nikki2,0,"LMAO ___ "": XO Til We Overbroke """,,1/6/15 12:56,5.52569e+17,Between Kiss Land & DC,Eastern Time (US & Canada),[],#Coachella2015,,,,,,,,[],#Coachella2015,,,,,,,
cant tell,yes,siaiverson,0,Am I the only one about to cry?,,1/6/15 12:36,5.52564e+17,land of sunshine | _ of dixie,Central Time (US & Canada),[],#Coachella2015,,,,,,,,[],#Coachella2015,,,,,,,
cant tell,yes,BruffiE,1,DRAKEEE MOTHA FUGGAS,,1/6/15 12:28,5.52562e+17,,Pacific Time (US & Canada),[],#Coachella2015,#sold,,,,,,,[],#Coachella2015,#sold,,,,,,
cant tell,yes,wildflawhr,0,""": Weekend 1 or 2 this year....... __"" right?",,1/6/15 12:27,5.52562e+17,,Eastern Time (US & Canada),[],#Coachella2015,,,,,,,,[],#Coachella2015,,,,,,,
cant tell,yes,sapathetic,0,DRAKE. HOZIER. ALABAMA SHAKES. GHOSTFACE KILLA. THE WEEKND. FLOSSTADAMUS. FKA TWIGS. TYLER. TORO Y MOI.,,1/6/15 12:17,5.5256e+17,location: the 6(17) ,Eastern Time (US & Canada),[],#coachella2015,,,,,,,,[],#coachella2015,,,,,,,
cant tell,yes,N5ANE50UL1,0,Drake gonna headline  SMH,,1/6/15 12:11,5.52558e+17,,Pacific Time (US & Canada),[],#Coachella2015,#FOH,,,,,,,[],#Coachella2015,#FOH,,,,,,
cant tell,yes,RachCraw,0,": For those about to RT
  I wanna gooooo __",,1/6/15 12:05,5.52557e+17,,,[],#Coachella2015,,,,,,,,[],#Coachella2015,,,,,,,
cant tell,yes,derrickkauffman,0,I have to make it out there this year _,,1/6/15 12:04,5.52556e+17,,,[],#Coachella2015,,,,,,,,[],#Coachella2015,,,,,,,
cant tell,yes,DHallmusica,0,Anyone else WAY stoked about the return of  at ???,,1/6/15 12:01,5.52556e+17,Live more musically.,Pacific Time (US & Canada),[],#Coachella2015,#ratatat,,,,,,,[],#Coachella2015,#ratatat,,,,,,
cant tell,yes,BauseMason,0,Oh. My. Lord.,,1/6/15 12:00,5.52555e+17,,Eastern Time (US & Canada),[],#Coachella2015,,,,,,,,[],#Coachella2015,,,,,,,
cant tell,yes,xomuna,1,Gah whose ready?! OVO x XO,,1/6/15 11:43,5.52551e+17,IG: _munasaur,Pacific Time (US & Canada),[],#coachella2015,,,,,,,,[],#coachella2015,,,,,,,
cant tell,yes,iCoffeejr,1,"RT : So are we finally all over talking about daft punk playing ? Ok cool, thank you.",,1/6/15 11:40,5.5255e+17,"Los Angeles, CA",Quito,[],#finally,#coachella2015,,,,,,,[],#finally,#coachella2015,,,,,,
cant tell,yes,danicatiru_,0,i wonder what will  looks like this time   __,,1/6/15 11:37,5.5255e+17,subic  mla,Beijing,[],#coachella2015,#mycoachellaqueen,,,,,,,[],#coachella2015,#mycoachellaqueen,,,,,,
cant tell,yes,xoxxxoooxoxxo,1,ugh drake and abel are gonna be at  :( my babies,,1/6/15 11:32,5.52548e+17,in that two floor loft,Central Time (US & Canada),[],#coachella2015,,,,,,,,[],#coachella2015,,,,,,,
cant tell,yes,charley_feldman,0,Aw! They let Cool Dad make the  line-up this year! He really needs this after the divorce,,1/6/15 11:27,5.52547e+17,"Los Angeles, CA",Pacific Time (US & Canada),[],#Coachella,#Coachella2015,#coachellalineup,,,,,,[],#Coachella,#Coachella2015,#coachellalineup,,,,,
cant tell,yes,SupaNoVa76,0,Mad group chats with fake plans have started,,1/6/15 11:14,5.52544e+17,Ventura CAlifornia,Pacific Time (US & Canada),[],#Coachella2015,,,,,,,,[],#Coachella2015,,,,,,,
cant tell,yes,thegwamsta,1,"RT : Woof. RT : Oh snap.  headliners include Jack White, AC/DC, Drake:",,1/6/15 11:13,5.52543e+17,Hong Kong,Hong Kong,[],#Coachella2015,,,,,,,,[],#Coachella2015,,,,,,,
cant tell,yes,formysweett9492,0,Whos responsible... ___  ______,,1/6/15 11:01,5.5254e+17,,,[],#Coachella2015,,,,,,,,[],#Coachella2015,,,,,,,
cant tell,yes,mystyle9135,0,Whos responsible... ___   imagine lmfao,,1/6/15 11:01,5.5254e+17,,,[],#Coachella2015,,,,,,,,[],#Coachella2015,,,,,,,
cant tell,yes,Onl2forme23,0,Whos responsible... ___   _,,1/6/15 11:01,5.5254e+17,,,[],#Coachella2015,,,,,,,,[],#Coachella2015,,,,,,,
cant tell,yes,stuffthings7957,0,Whos responsible... ___  ______,,1/6/15 11:00,5.5254e+17,,,[],#Coachella2015,,,,,,,,[],#Coachella2015,,,,,,,
cant tell,yes,MichelleeAquino,0,HOLY FUCK _________________,,1/6/15 10:54,5.52539e+17,,Pacific Time (US & Canada),[],#Coachella2015,,,,,,,,[],#Coachella2015,,,,,,,
cant tell,yes,Mehwish_nazar,0,""": The lineup is here!   ________",,1/6/15 10:51,5.52538e+17,,London,[],#Coachella2015,,,,,,,,[],#Coachella2015,,,,,,,
cant tell,yes,TheUkuleleLord,1,: The lineup is here!,,1/6/15 10:47,5.52537e+17,,Eastern Time (US & Canada),[],#Coachella2015,,,,,,,,[],#Coachella2015,,,,,,,
cant tell,yes,FUCKYOUAJIAH,0,Crying,,1/6/15 10:47,5.52537e+17,,Arizona,[],#Coachella2015,,,,,,,,[],#Coachella2015,,,,,,,
cant tell,yes,clarejens,0,Drake,,1/6/15 10:45,5.52537e+17,"Los Angeles, CA",Mountain Time (US & Canada),[],#Coachella2015,#lulz,,,,,,,[],#Coachella2015,#lulz,,,,,,
cant tell,yes,Evvo_D,0,The Coachella lineup really puts into perspective where your favorite artists are in the commercialized pecking order,,1/6/15 10:43,5.52536e+17,"Toronto, Canada",Quito,[],#Coachella2015,,,,,,,,[],#Coachella2015,,,,,,,
cant tell,yes,Legendgirly,0,is gonna knock off so many artists on my want to see list !!!!,,1/6/15 10:34,5.52534e+17,In the Wind ,Pacific Time (US & Canada),[],#Coachella2015,#coachellalineup,,,,,,,[],#Coachella2015,#coachellalineup,,,,,,
cant tell,yes,jipperoo,0,got me like...,,1/6/15 10:33,5.52533e+17,,,[],#Coachella2015,,,,,,,,[],#Coachella2015,,,,,,,
cant tell,yes,MissXOverdose,0,Excuse me while I go cry now. _,,1/6/15 10:32,5.52533e+17,atx,Pacific Time (US & Canada),[],#Coachella2015,,,,,,,,[],#Coachella2015,,,,,,,
cant tell,yes,NedRaggett,1,RT : Ride and Steely Dan. It would only be better if they were a supergroup.,,1/6/15 10:28,5.52532e+17,"Costa Mesa, CA",Pacific Time (US & Canada),[],#Coachella2015,,,,,,,,[],#Coachella2015,,,,,,,
cant tell,yes,nicolejackieee,0,I've been callin that since day one,,1/6/15 10:26,5.52532e+17,,,[],#Coachella2015,,,,,,,,[],#Coachella2015,,,,,,,
cant tell,yes,NiqueWobbitz,2,Is this for real?!?!,,1/6/15 10:21,5.5253e+17,Huntington Beach X Long Beach,Pacific Time (US & Canada),[],#Coachella2015,,,,,,,,[],#Coachella2015,,,,,,,
cant tell,yes,LindsayRuben,1,RT : C'monnnnnn lineup!,,1/6/15 6:44,5.52476e+17,,,[],#coachella2015,#Impatient,,,,,,,[],#coachella2015,#Impatient,,,,,,
